timestamp,accept,bind,clone,close,connect,dup,exit,fcntl,futex,getpid,getsockname,getsockopt,ioctl,list,madvise,mmap,mprotect,newfstat,newstat,open,poll,read,recvfrom,recvmsg,select,sendto,setsockopt,shutdown,socket,syscall,write
2019-05-08 19:30:51,491.76363636363635,155.89090909090908,265.3818181818182,259.8909090909091,253.14545454545453,224.38181818181818,224.34545454545454,212.0181818181818,902.0545454545453,235.65454545454543,218.38181818181818,215.38181818181818,214.14545454545453,286.54545454545456,275.92727272727274,0,34.690909090909095,246.65454545454543,1365,348.4181818181818,206.83636363636364,296.6909090909091,204.6181818181818,152.1090909090909,377.8545454545454,325.78181818181815,398.8727272727273,163.16363636363636,245.6363636363636,0,246.5272727272727
2019-05-08 19:30:48,491.76363636363635,155.89090909090908,265.3818181818182,259.8909090909091,253.14545454545453,224.38181818181818,224.34545454545454,212.0181818181818,902.0545454545453,235.65454545454543,218.38181818181818,215.38181818181818,214.14545454545453,286.54545454545456,275.92727272727274,0,34.690909090909095,246.65454545454543,1365,348.4181818181818,206.83636363636364,296.6909090909091,204.6181818181818,152.1090909090909,377.8545454545454,325.78181818181815,398.8727272727273,163.16363636363636,245.6363636363636,0,246.5272727272727
2019-05-08 19:30:45,489.9272727272727,144.98181818181817,244.56363636363633,234.63636363636363,234.58181818181816,190.05454545454543,236.63636363636363,206.63636363636363,899.6363636363636,222.5272727272727,255.67272727272726,206.7272727272727,198.7272727272727,287.9090909090909,246.47272727272727,0,32.763636363636365,246.27272727272728,1339.6909090909091,348.09090909090907,203.27272727272728,292.6181818181818,185.87272727272727,131.2,377.54545454545456,279.07272727272726,378.1454545454545,161.29090909090908,245.5272727272727,0,220.27272727272728
2019-05-08 19:30:42,531.1818181818181,177.67272727272726,259.1818181818182,249.25454545454542,217.16363636363633,189.45454545454544,250.07272727272726,206.43636363636364,914.1090909090908,217.43636363636364,267.9272727272727,208.56363636363633,194.4181818181818,302.8727272727273,244.3090909090909,0,32.199999999999996,231.14545454545453,1335.2545454545455,349.8727272727273,196.7272727272727,292.96363636363634,195.7090909090909,112.5090909090909,400.8181818181818,273.27272727272725,385.49090909090904,170.7090909090909,205.34545454545454,0,210.1272727272727
2019-05-08 19:30:39,531.1818181818181,177.67272727272726,259.1818181818182,249.25454545454542,217.16363636363633,189.45454545454544,250.07272727272726,206.43636363636364,914.1090909090908,217.43636363636364,267.9272727272727,208.56363636363633,194.4181818181818,302.8727272727273,244.3090909090909,0,32.199999999999996,231.14545454545453,1335.2545454545455,349.8727272727273,196.7272727272727,292.96363636363634,195.7090909090909,112.5090909090909,400.8181818181818,273.27272727272725,385.49090909090904,170.7090909090909,205.34545454545454,0,210.1272727272727
2019-05-08 19:30:36,493.76363636363635,179.56363636363633,267.99999999999994,256.9272727272727,187.8181818181818,197.98181818181817,268.8727272727273,167.0181818181818,904.4727272727272,203.18181818181816,253.14545454545453,203.6,213.18181818181816,298.78181818181815,259.8727272727273,0,32.56363636363636,253.59999999999997,1358.6545454545453,330.8545454545454,189.56363636363633,261.8727272727273,207.63636363636363,108.72727272727272,379,278.1272727272727,374.2363636363636,168.18181818181816,217.1090909090909,0,217.8181818181818
2019-05-08 19:30:33,493.76363636363635,179.56363636363633,267.99999999999994,256.9272727272727,187.8181818181818,197.98181818181817,268.8727272727273,167.0181818181818,904.4727272727272,203.18181818181816,253.14545454545453,203.6,213.18181818181816,298.78181818181815,259.8727272727273,0,32.56363636363636,253.59999999999997,1358.6545454545453,330.8545454545454,189.56363636363633,261.8727272727273,207.63636363636363,108.72727272727272,379,278.1272727272727,374.2363636363636,168.18181818181816,217.1090909090909,0,217.8181818181818
2019-05-08 19:30:30,418.99999999999994,154.74545454545452,246.83636363636361,268.6363636363636,193.07272727272726,140.54545454545453,255.19999999999996,171.47272727272727,888.7454545454545,143.7090909090909,252.14545454545453,176.14545454545453,176.38181818181818,309.4363636363636,261.8727272727273,0,32.56363636363636,256.4363636363636,1361.1636363636362,251.05454545454543,213.69090909090906,193.54545454545453,209.58181818181816,92.21818181818182,306.0545454545454,281.29090909090905,358.8,190.3090909090909,202.34545454545454,0,216.83636363636364
2019-05-08 19:30:27,406.8727272727273,129.56363636363636,128.45454545454544,230.94545454545454,160.2181818181818,149.87272727272727,243.05454545454543,151.1090909090909,864.1636363636363,136.6,189.7090909090909,178.43636363636364,196.83636363636364,309.56363636363636,187.4181818181818,0,32.56363636363636,287.94545454545454,1339.9454545454544,234.9272727272727,218.23636363636362,162.36363636363637,200.8,68.38181818181819,264.16363636363633,239.63636363636363,334.4545454545454,191.14545454545453,181.2181818181818,0,217.49090909090907
2019-05-08 19:30:24,406.8727272727273,129.56363636363636,128.45454545454544,230.94545454545454,160.2181818181818,149.87272727272727,243.05454545454543,151.1090909090909,864.1636363636363,136.6,189.7090909090909,178.43636363636364,196.83636363636364,309.56363636363636,187.4181818181818,0,32.56363636363636,287.94545454545454,1339.9454545454544,234.9272727272727,218.23636363636362,162.36363636363637,200.8,68.38181818181819,264.16363636363633,239.63636363636363,334.4545454545454,191.14545454545453,181.2181818181818,0,217.49090909090907
2019-05-08 19:30:21,313.30909090909086,121.96363636363635,128.67272727272726,231.59999999999997,162.8181818181818,152.65454545454543,244.07272727272726,128.89090909090908,859.1272727272727,149.43636363636364,190.09090909090907,194.67272727272726,196.83636363636364,305.18181818181813,188.29090909090908,0,36.74545454545454,237.76363636363632,1298.4,178.9272727272727,200.05454545454543,204.29090909090908,181.5090909090909,90.01818181818182,238.6181818181818,220.83636363636364,382.6,185.25454545454542,161.5090909090909,0,210.09090909090907
2019-05-08 19:30:18,313.30909090909086,121.96363636363635,128.67272727272726,231.59999999999997,162.8181818181818,152.65454545454543,244.07272727272726,128.89090909090908,859.1272727272727,149.43636363636364,190.09090909090907,194.67272727272726,196.83636363636364,305.18181818181813,188.29090909090908,0,36.74545454545454,237.76363636363632,1298.4,178.9272727272727,200.05454545454543,204.29090909090908,181.5090909090909,90.01818181818182,238.6181818181818,220.83636363636364,382.6,185.25454545454542,161.5090909090909,0,210.09090909090907
2019-05-08 19:30:15,305.6363636363636,127.63636363636364,124.05454545454545,233.09090909090907,174.2181818181818,170.96363636363634,207.1090909090909,129.6909090909091,840.4727272727272,159.4181818181818,195.87272727272727,205.47272727272727,188.0181818181818,246.18181818181816,198.0181818181818,0,37.945454545454545,222.9090909090909,1300.1636363636362,157.9272727272727,198.69090909090906,230.36363636363635,194.74545454545452,89.43636363636364,278.2181818181818,194.96363636363634,377.76363636363635,184.8,150.03636363636363,0,204.7090909090909
2019-05-08 19:30:12,314.58181818181816,135.56363636363636,104.63636363636364,201.5272727272727,158.3272727272727,162.3090909090909,211.49090909090907,134.45454545454544,849.5090909090908,158.67272727272726,183.7272727272727,224.18181818181816,210.16363636363633,249.18181818181816,250.34545454545454,0,31.25454545454545,209.38181818181818,1286.9818181818182,105.94545454545454,234.79999999999998,225.38181818181818,195.9272727272727,89.16363636363636,315.76363636363635,168.58181818181816,376.50909090909084,177.8181818181818,171.45454545454544,0,198.23636363636362
2019-05-08 19:30:09,314.58181818181816,135.56363636363636,104.63636363636364,201.5272727272727,158.3272727272727,162.3090909090909,211.49090909090907,134.45454545454544,849.5090909090908,158.67272727272726,183.7272727272727,224.18181818181816,210.16363636363633,249.18181818181816,250.34545454545454,0,31.25454545454545,209.38181818181818,1286.9818181818182,105.94545454545454,234.79999999999998,225.38181818181818,195.9272727272727,89.16363636363636,315.76363636363635,168.58181818181816,376.50909090909084,177.8181818181818,171.45454545454544,0,198.23636363636362
2019-05-08 19:30:06,385.0363636363636,115.83636363636363,104.27272727272727,161.85454545454544,136.12727272727273,184.9090909090909,215.69090909090906,135.76363636363635,882.4181818181818,144.27272727272728,160.67272727272726,223.45454545454544,205.19999999999996,227.34545454545454,245.39999999999998,0,31.25454545454545,212.7090909090909,1300.0545454545454,153.29090909090908,250.5272727272727,210.29090909090908,187.5090909090909,94.07272727272726,300.56363636363636,150.63636363636363,393.8181818181818,179.07272727272726,145.56363636363636,0,173.18181818181816
2019-05-08 19:30:03,385.0363636363636,115.83636363636363,104.27272727272727,161.85454545454544,136.12727272727273,184.9090909090909,215.69090909090906,135.76363636363635,882.4181818181818,144.27272727272728,160.67272727272726,223.45454545454544,205.19999999999996,227.34545454545454,245.39999999999998,0,31.25454545454545,212.7090909090909,1300.0545454545454,153.29090909090908,250.5272727272727,210.29090909090908,187.5090909090909,94.07272727272726,300.56363636363636,150.63636363636363,393.8181818181818,179.07272727272726,145.56363636363636,0,173.18181818181816
2019-05-08 19:30:00,333.8,128.99999999999997,96.14545454545454,161,91.92727272727272,166.47272727272727,218.7272727272727,124.98181818181817,855.5090909090908,122.36363636363635,146.98181818181817,185.23636363636362,144.56363636363636,193.1090909090909,189.7090909090909,0,12.818181818181817,197.58181818181816,1224.7272727272725,135.74545454545452,195.14545454545453,171.4,170.36363636363635,113.85454545454544,236.14545454545453,145.7090909090909,358.96363636363634,168.76363636363632,124.83636363636363,0,137.7272727272727
2019-05-08 19:29:57,313.0363636363636,126.49090909090908,113.92727272727272,135.27272727272728,115.49090909090908,128.2,197.9272727272727,94.47272727272727,837.5454545454545,136.63636363636363,130.6181818181818,157.07272727272726,145.14545454545453,162.4,195.76363636363632,0,12.418181818181816,190.74545454545452,1217.2545454545455,126.16363636363636,218.43636363636364,153.67272727272726,201.38181818181818,140.76363636363638,243.4181818181818,129.56363636363636,382.6,132.16363636363636,102.63636363636364,0,153.83636363636364
2019-05-08 19:29:54,313.0363636363636,126.49090909090908,113.92727272727272,135.27272727272728,115.49090909090908,128.2,197.9272727272727,94.47272727272727,837.5454545454545,136.63636363636363,130.6181818181818,157.07272727272726,145.14545454545453,162.4,195.76363636363632,0,12.418181818181816,190.74545454545452,1217.2545454545455,126.16363636363636,218.43636363636364,153.67272727272726,201.38181818181818,140.76363636363638,243.4181818181818,129.56363636363636,382.6,132.16363636363636,102.63636363636364,0,153.83636363636364
2019-05-08 19:29:51,318.0545454545454,117.39999999999999,140.78181818181818,128.05454545454546,130.12727272727273,136.29090909090908,178.5090909090909,92.67272727272727,830.7999999999998,157.63636363636363,97.61818181818181,148.6181818181818,154.5272727272727,189.8181818181818,195.5272727272727,0,8.818181818181817,188.34545454545454,1219,123.94545454545454,243.59999999999997,155.2181818181818,202.18181818181816,140.83636363636364,267.94545454545454,131.49090909090907,384.4363636363636,131.47272727272727,116.85454545454544,0,141.7272727272727
2019-05-08 19:29:48,318.0545454545454,117.39999999999999,140.78181818181818,128.05454545454546,130.12727272727273,136.29090909090908,178.5090909090909,92.67272727272727,830.7999999999998,157.63636363636363,97.61818181818181,148.6181818181818,154.5272727272727,189.8181818181818,195.5272727272727,0,8.818181818181817,188.34545454545454,1219,123.94545454545454,243.59999999999997,155.2181818181818,202.18181818181816,140.83636363636364,267.94545454545454,131.49090909090907,384.4363636363636,131.47272727272727,116.85454545454544,0,141.7272727272727
2019-05-08 19:29:45,303.8363636363636,92.65454545454546,142.2181818181818,115.87272727272726,118.87272727272726,136.74545454545452,166.45454545454544,92.98181818181817,821.0909090909091,155.7272727272727,86.61818181818181,154.3090909090909,150.07272727272726,186.3090909090909,200.4181818181818,0,9.745454545454544,188.7272727272727,1220.8727272727272,158.63636363636363,263.56363636363636,143.3272727272727,218.59999999999997,148.6,261.25454545454545,135.56363636363636,333.1454545454545,118.72727272727272,127.18181818181817,0,141.98181818181817
2019-05-08 19:29:42,352.0545454545454,91.94545454545454,141.54545454545453,174.07272727272726,114.69090909090909,142.7272727272727,137.34545454545454,112.72727272727272,796.1454545454545,166.76363636363638,82.29090909090908,165.36363636363637,133.3272727272727,220.58181818181816,183.49090909090907,0,11.109090909090908,159.2,1192.4181818181817,198.9090909090909,270.2181818181818,186.43636363636364,216.99999999999997,148.9272727272727,310.0181818181818,125.67272727272727,340.0363636363636,117.36363636363635,139.27272727272728,0,152.83636363636364
2019-05-08 19:29:39,352.0545454545454,91.94545454545454,141.54545454545453,174.07272727272726,114.69090909090909,142.7272727272727,137.34545454545454,112.72727272727272,796.1454545454545,166.76363636363638,82.29090909090908,165.36363636363637,133.3272727272727,220.58181818181816,183.49090909090907,0,11.109090909090908,159.2,1192.4181818181817,198.9090909090909,270.2181818181818,186.43636363636364,216.99999999999997,148.9272727272727,310.0181818181818,125.67272727272727,340.0363636363636,117.36363636363635,139.27272727272728,0,152.83636363636364
2019-05-08 19:29:36,367.2545454545454,117.9090909090909,142.4,161.85454545454544,128.89090909090908,160.96363636363637,144.18181818181816,107.14545454545454,821.7636363636362,175.56363636363633,127.92727272727272,188.05454545454543,151.5272727272727,233.09090909090907,198.14545454545453,0,11.109090909090908,130.2,1189.090909090909,204.29090909090908,249.19999999999996,191.16363636363633,254.1272727272727,153.1272727272727,330.3818181818181,122.78181818181817,293.92727272727274,96.92727272727272,136.3272727272727,0,154.58181818181816
2019-05-08 19:29:33,367.2545454545454,117.9090909090909,142.4,161.85454545454544,128.89090909090908,160.96363636363637,144.18181818181816,107.14545454545454,821.7636363636362,175.56363636363633,127.92727272727272,188.05454545454543,151.5272727272727,233.09090909090907,198.14545454545453,0,11.109090909090908,130.2,1189.090909090909,204.29090909090908,249.19999999999996,191.16363636363633,254.1272727272727,153.1272727272727,330.3818181818181,122.78181818181817,293.92727272727274,96.92727272727272,136.3272727272727,0,154.58181818181816
2019-05-08 19:29:30,319.8,138.65454545454543,159.54545454545453,183.65454545454543,139.5090909090909,153.6181818181818,101.05454545454545,115.16363636363636,830.0545454545453,172.89090909090908,126.0181818181818,206.45454545454544,131.2,290.74545454545455,199.85454545454544,0,11.109090909090908,95.78181818181817,1189.5636363636363,228.07272727272726,227.3090909090909,212.58181818181816,263.8545454545454,190.14545454545453,307.09090909090907,86.85454545454544,271.27272727272725,101.41818181818182,163.76363636363638,0,158.3090909090909
2019-05-08 19:29:27,362.50909090909084,143.34545454545454,165.7090909090909,188.43636363636364,147.65454545454543,165.27272727272728,142.03636363636363,139.2181818181818,827.3272727272727,170.7272727272727,149.56363636363636,182.7272727272727,140.47272727272727,297,207.39999999999998,0,6.927272727272727,107.1090909090909,1190.6545454545453,230.39999999999998,241.16363636363633,171.98181818181817,262.8727272727273,169.05454545454543,352.8909090909091,94.52727272727272,239.47272727272727,113.54545454545453,171.4,0,172.65454545454543
2019-05-08 19:29:24,362.50909090909084,143.34545454545454,165.7090909090909,188.43636363636364,147.65454545454543,165.27272727272728,142.03636363636363,139.2181818181818,827.3272727272727,170.7272727272727,149.56363636363636,182.7272727272727,140.47272727272727,297,207.39999999999998,0,6.927272727272727,107.1090909090909,1190.6545454545453,230.39999999999998,241.16363636363633,171.98181818181817,262.8727272727273,169.05454545454543,352.8909090909091,94.52727272727272,239.47272727272727,113.54545454545453,171.4,0,172.65454545454543
2019-05-08 19:29:21,369.76363636363635,131.89090909090908,167.5272727272727,174.3272727272727,143.23636363636362,155.09090909090907,140.85454545454544,156.78181818181818,811.2181818181817,163.56363636363636,176.27272727272728,162.38181818181818,140.4181818181818,317.76363636363635,175.7090909090909,0,5.7272727272727275,107.7090909090909,1167.6727272727271,244.49090909090907,261.9272727272727,169.63636363636363,304.07272727272726,183.7090909090909,308.09090909090907,99.12727272727271,236.59999999999997,153.09090909090907,173.18181818181816,0,190.9090909090909
2019-05-08 19:29:18,369.76363636363635,131.89090909090908,167.5272727272727,174.3272727272727,143.23636363636362,155.09090909090907,140.85454545454544,156.78181818181818,811.2181818181817,163.56363636363636,176.27272727272728,162.38181818181818,140.4181818181818,317.76363636363635,175.7090909090909,0,5.7272727272727275,107.7090909090909,1167.6727272727271,244.49090909090907,261.9272727272727,169.63636363636363,304.07272727272726,183.7090909090909,308.09090909090907,99.12727272727271,236.59999999999997,153.09090909090907,173.18181818181816,0,190.9090909090909
2019-05-08 19:29:15,343.2,158.89090909090908,164.89090909090908,193.3090909090909,163.18181818181816,171.7090909090909,125.12727272727271,187.45454545454544,797.2727272727273,173.14545454545453,171.7272727272727,131.27272727272728,106.39999999999999,305.29090909090905,123.94545454545454,0,5.345454545454545,104.21818181818182,1258.2,247.38181818181818,259.29090909090905,184.5090909090909,276.4545454545454,206.47272727272727,310.6545454545454,98.05454545454545,254.45454545454544,156.34545454545454,162.6,0,208.78181818181818
2019-05-08 19:29:12,319.74545454545455,159.65454545454543,194.07272727272726,200.27272727272728,204.1090909090909,150.5272727272727,152.4181818181818,195.54545454545453,750.4909090909091,180.47272727272727,179.27272727272728,160.89090909090908,127.49090909090908,310.6727272727273,109.47272727272727,0,6.1090909090909085,140.2,1267.7636363636364,205.65454545454543,263.8181818181818,204.85454545454544,272.56363636363636,216.74545454545452,344.98181818181814,120.32727272727271,269.8363636363636,156.96363636363637,183.25454545454542,0,207.29090909090908
2019-05-08 19:29:09,319.74545454545455,159.65454545454543,194.07272727272726,200.27272727272728,204.1090909090909,150.5272727272727,152.4181818181818,195.54545454545453,750.4909090909091,180.47272727272727,179.27272727272728,160.89090909090908,127.49090909090908,310.6727272727273,109.47272727272727,0,6.1090909090909085,140.2,1267.7636363636364,205.65454545454543,263.8181818181818,204.85454545454544,272.56363636363636,216.74545454545452,344.98181818181814,120.32727272727271,269.8363636363636,156.96363636363637,183.25454545454542,0,207.29090909090908
2019-05-08 19:29:06,345.78181818181815,147.07272727272726,199.74545454545452,193.49090909090907,203.07272727272726,155.5090909090909,142.45454545454544,182.65454545454543,777.6727272727272,189.8181818181818,198.4,166.6181818181818,127.45454545454545,301.8545454545454,115.72727272727272,0,3.4181818181818175,140.43636363636364,1263.109090909091,220.74545454545452,260.3272727272727,226.79999999999998,254.2181818181818,195.76363636363632,393.07272727272726,103.12727272727271,300.27272727272725,145.18181818181816,176.18181818181816,0,202.98181818181817
2019-05-08 19:29:03,345.78181818181815,147.07272727272726,199.74545454545452,193.49090909090907,203.07272727272726,155.5090909090909,142.45454545454544,182.65454545454543,777.6727272727272,189.8181818181818,198.4,166.6181818181818,127.45454545454545,301.8545454545454,115.72727272727272,0,3.4181818181818175,140.43636363636364,1263.109090909091,220.74545454545452,260.3272727272727,226.79999999999998,254.2181818181818,195.76363636363632,393.07272727272726,103.12727272727271,300.27272727272725,145.18181818181816,176.18181818181816,0,202.98181818181817
2019-05-08 19:29:00,325.07272727272726,204.87272727272727,191.4,212.87272727272727,179.4181818181818,192.29090909090908,147.18181818181816,176.4,837.1272727272727,140.8181818181818,204.49090909090907,162.05454545454543,135.79999999999998,281.9090909090909,108.58181818181816,0,3.4181818181818175,166.65454545454543,1283.109090909091,207.74545454545452,236.96363636363634,221.38181818181818,221.25454545454542,175.56363636363633,369.0545454545454,102.36363636363635,372.4363636363636,187.18181818181816,179.87272727272727,0,183.3272727272727
2019-05-08 19:28:57,331,215.65454545454543,193,234.8181818181818,218.09090909090907,218.47272727272727,148.1090909090909,180.25454545454542,868.3999999999999,144.56363636363636,199.56363636363633,243.05454545454543,143.85454545454544,251.69090909090906,131.9272727272727,0,33.763636363636365,174.1090909090909,1283.5636363636363,259.05454545454546,238.0181818181818,289.6,249.7090909090909,176.05454545454543,383.30909090909086,111.79999999999998,399.6909090909091,191.63636363636363,166.43636363636364,0,181.23636363636362
2019-05-08 19:28:54,331,215.65454545454543,193,234.8181818181818,218.09090909090907,218.47272727272727,148.1090909090909,180.25454545454542,868.3999999999999,144.56363636363636,199.56363636363633,243.05454545454543,143.85454545454544,251.69090909090906,131.9272727272727,0,33.763636363636365,174.1090909090909,1283.5636363636363,259.05454545454546,238.0181818181818,289.6,249.7090909090909,176.05454545454543,383.30909090909086,111.79999999999998,399.6909090909091,191.63636363636363,166.43636363636364,0,181.23636363636362
2019-05-08 19:28:51,341.6,207.3090909090909,186.76363636363632,240.58181818181816,251.09090909090907,218.78181818181818,150.85454545454544,181.7090909090909,873.9999999999999,144.6181818181818,215.85454545454544,274.8909090909091,147.5272727272727,268.09090909090907,147.0181818181818,0,37.836363636363636,175.89090909090908,1291.7818181818182,234.79999999999998,218.4181818181818,304.8,263.98181818181814,195.29090909090908,416.78181818181815,123.56363636363635,397.49090909090904,187.47272727272727,152.54545454545453,0,196.09090909090907
2019-05-08 19:28:48,341.6,207.3090909090909,186.76363636363632,240.58181818181816,251.09090909090907,218.78181818181818,150.85454545454544,181.7090909090909,873.9999999999999,144.6181818181818,215.85454545454544,274.8909090909091,147.5272727272727,268.09090909090907,147.0181818181818,0,37.836363636363636,175.89090909090908,1291.7818181818182,234.79999999999998,218.4181818181818,304.8,263.98181818181814,195.29090909090908,416.78181818181815,123.56363636363635,397.49090909090904,187.47272727272727,152.54545454545453,0,196.09090909090907
2019-05-08 19:28:45,343.4363636363636,208.3090909090909,196.45454545454544,184.85454545454544,288.8181818181818,206.94545454545454,177.7090909090909,162.2,897.9999999999999,134.72727272727272,225.49090909090907,243.47272727272727,201.67272727272726,243.18181818181816,169.34545454545454,0,36.10909090909091,176.1272727272727,1313.8,225.3272727272727,244.83636363636361,314.54545454545456,262.74545454545455,200.47272727272727,372.32727272727266,126.1090909090909,392.8181818181818,210.9272727272727,134.38181818181818,0,174.78181818181818
2019-05-08 19:28:42,385.12727272727267,182.65454545454543,227.9272727272727,184.9090909090909,294.6909090909091,188,165.34545454545454,160.6181818181818,866.4363636363636,129.6,213.67272727272726,231.78181818181818,188.47272727272727,219.49090909090907,152.34545454545454,0,36.10909090909091,172.8,1327.9454545454544,252.79999999999998,283.6363636363636,310.3272727272727,221.5090909090909,197.1272727272727,393.49090909090904,125.59999999999998,398.12727272727267,248.09090909090907,153.74545454545452,0,172.1272727272727
2019-05-08 19:28:39,385.12727272727267,182.65454545454543,227.9272727272727,184.9090909090909,294.6909090909091,188,165.34545454545454,160.6181818181818,866.4363636363636,129.6,213.67272727272726,231.78181818181818,188.47272727272727,219.49090909090907,152.34545454545454,0,36.10909090909091,172.8,1327.9454545454544,252.79999999999998,283.6363636363636,310.3272727272727,221.5090909090909,197.1272727272727,393.49090909090904,125.59999999999998,398.12727272727267,248.09090909090907,153.74545454545452,0,172.1272727272727
2019-05-08 19:28:36,426.16363636363633,174.1090909090909,219.27272727272728,181.09090909090907,282.29090909090905,208.38181818181818,186.7090909090909,157.94545454545454,867.3999999999999,139.27272727272728,240.34545454545454,234.16363636363633,198.9272727272727,205.67272727272726,167.89090909090908,0,52.781818181818174,179.38181818181818,1345.7272727272725,252.07272727272726,283.3818181818181,293.98181818181814,222.4181818181818,180.78181818181818,429.76363636363635,135.63636363636363,396.7272727272727,248.47272727272727,143.78181818181818,0,182.94545454545454
2019-05-08 19:28:33,426.16363636363633,174.1090909090909,219.27272727272728,181.09090909090907,282.29090909090905,208.38181818181818,186.7090909090909,157.94545454545454,867.3999999999999,139.27272727272728,240.34545454545454,234.16363636363633,198.9272727272727,205.67272727272726,167.89090909090908,0,52.781818181818174,179.38181818181818,1345.7272727272725,252.07272727272726,283.3818181818181,293.98181818181814,222.4181818181818,180.78181818181818,429.76363636363635,135.63636363636363,396.7272727272727,248.47272727272727,143.78181818181818,0,182.94545454545454
2019-05-08 19:28:30,420.9090909090909,182.74545454545452,239.45454545454544,190,277.1454545454545,190.29090909090908,148.14545454545453,133.87272727272727,871.9636363636363,142.8,230.7272727272727,235.83636363636364,194.45454545454544,221.56363636363633,192.2,0,52.781818181818174,179.4181818181818,1309.8545454545454,261.94545454545454,264.76363636363635,307.52727272727276,216.43636363636364,187.78181818181818,436.18181818181813,134.3272727272727,377.07272727272726,241.5272727272727,141.18181818181816,0,170.36363636363635
2019-05-08 19:28:27,393.58181818181816,187.29090909090908,220.07272727272726,181.67272727272726,269.74545454545455,182.56363636363633,148.18181818181816,107.05454545454545,862.1454545454545,137.65454545454543,203.47272727272727,238.58181818181816,206.65454545454543,201.1272727272727,189.36363636363635,0,52.781818181818174,182.14545454545453,1313.0727272727272,249.7090909090909,243.4363636363636,281.09090909090907,156.18181818181816,172.76363636363632,426.94545454545454,130.3090909090909,389.8181818181818,201.3272727272727,151.03636363636363,0,149.65454545454543
2019-05-08 19:28:24,393.58181818181816,187.29090909090908,220.07272727272726,181.67272727272726,269.74545454545455,182.56363636363633,148.18181818181816,107.05454545454545,862.1454545454545,137.65454545454543,203.47272727272727,238.58181818181816,206.65454545454543,201.1272727272727,189.36363636363635,0,52.781818181818174,182.14545454545453,1313.0727272727272,249.7090909090909,243.4363636363636,281.09090909090907,156.18181818181816,172.76363636363632,426.94545454545454,130.3090909090909,389.8181818181818,201.3272727272727,151.03636363636363,0,149.65454545454543
2019-05-08 19:28:21,382.8,156.49090909090907,249.65454545454543,208.1272727272727,253.4181818181818,173.16363636363633,144.63636363636363,65.23636363636363,871.5818181818181,132.52727272727273,203.36363636363635,251.87272727272727,226.7272727272727,194.23636363636362,210.47272727272727,0,57.36363636363636,199.8181818181818,1197.3272727272727,271.4181818181818,210.03636363636363,270.3090909090909,160.1272727272727,149.74545454545452,423.9090909090909,132.85454545454544,358.8363636363636,197.23636363636362,131.54545454545453,0,126.32727272727271
2019-05-08 19:28:18,382.8,156.49090909090907,249.65454545454543,208.1272727272727,253.4181818181818,173.16363636363633,144.63636363636363,65.23636363636363,871.5818181818181,132.52727272727273,203.36363636363635,251.87272727272727,226.7272727272727,194.23636363636362,210.47272727272727,0,57.36363636363636,199.8181818181818,1197.3272727272727,271.4181818181818,210.03636363636363,270.3090909090909,160.1272727272727,149.74545454545452,423.9090909090909,132.85454545454544,358.8363636363636,197.23636363636362,131.54545454545453,0,126.32727272727271
2019-05-08 19:28:15,365.32727272727266,156.2,243.3090909090909,198.96363636363634,231.79999999999998,192.2,115.83636363636363,90.85454545454544,901.5999999999999,144.6181818181818,201.5090909090909,281.3454545454545,209.6181818181818,188.3272727272727,201.23636363636362,0,57.29090909090908,187.27272727272728,1190.1636363636362,277.74545454545455,186.3272727272727,277.3818181818181,172.6,128.99999999999997,424.6727272727273,113.16363636363636,328.50909090909084,198.03636363636363,126.6181818181818,0,156.6
2019-05-08 19:28:12,347.98181818181814,160.9272727272727,222.63636363636363,225.67272727272726,235.43636363636364,182.0181818181818,137.87272727272727,95.76363636363635,852.9636363636363,123.89090909090909,172.14545454545453,284.1454545454545,245.2363636363636,206.79999999999998,203.54545454545453,0,61.36363636363636,182.56363636363633,1206.8,259.6363636363636,204.2181818181818,254.3272727272727,168.9272727272727,145.74545454545452,417.49090909090904,110.67272727272727,296.4363636363636,221.9090909090909,129.34545454545454,0,154.09090909090907
2019-05-08 19:28:09,347.98181818181814,160.9272727272727,222.63636363636363,225.67272727272726,235.43636363636364,182.0181818181818,137.87272727272727,95.76363636363635,852.9636363636363,123.89090909090909,172.14545454545453,284.1454545454545,245.2363636363636,206.79999999999998,203.54545454545453,0,61.36363636363636,182.56363636363633,1206.8,259.6363636363636,204.2181818181818,254.3272727272727,168.9272727272727,145.74545454545452,417.49090909090904,110.67272727272727,296.4363636363636,221.9090909090909,129.34545454545454,0,154.09090909090907
2019-05-08 19:28:06,365.6363636363636,122.63636363636364,213.7272727272727,209.05454545454543,235.5090909090909,150.45454545454544,117.79999999999998,129.72727272727272,817.2181818181817,143.98181818181817,180.69090909090906,312.2181818181818,248.27272727272728,236.59999999999997,223.7272727272727,0,62.5090909090909,170.7090909090909,1164.090909090909,250.6363636363636,224.0181818181818,269.4,185.43636363636364,141.8181818181818,421.9272727272727,132.9272727272727,199.74545454545452,188.9090909090909,157,0,173.36363636363635
2019-05-08 19:28:03,365.6363636363636,122.63636363636364,213.7272727272727,209.05454545454543,235.5090909090909,150.45454545454544,117.79999999999998,129.72727272727272,817.2181818181817,143.98181818181817,180.69090909090906,312.2181818181818,248.27272727272728,236.59999999999997,223.7272727272727,0,62.5090909090909,170.7090909090909,1164.090909090909,250.6363636363636,224.0181818181818,269.4,185.43636363636364,141.8181818181818,421.9272727272727,132.9272727272727,199.74545454545452,188.9090909090909,157,0,173.36363636363635
2019-05-08 19:28:00,396.6727272727273,112.81818181818181,188.6,187.87272727272727,190.76363636363632,129.94545454545454,116.92727272727272,130.9272727272727,776.3818181818182,140.6181818181818,184.7090909090909,251.16363636363633,228.59999999999997,230.16363636363633,228.63636363636363,0,32.36363636363636,181.25454545454542,1185.890909090909,226.89090909090908,203.85454545454544,245.59999999999997,162.9272727272727,143.07272727272726,423.54545454545456,133.27272727272728,196.4,199.6,168.69090909090906,0,209.1090909090909
2019-05-08 19:27:57,357.9272727272727,112.03636363636363,183.43636363636364,171.7272727272727,156.38181818181818,155.18181818181816,133.43636363636364,152.07272727272726,716.5272727272727,145.45454545454544,188.56363636363633,210.7090909090909,252.29090909090908,221.43636363636364,226.79999999999998,0,27.363636363636363,177.29090909090908,1182.7636363636364,214.5090909090909,211.49090909090907,221.1272727272727,124.25454545454545,116.16363636363636,370.4545454545454,144.47272727272727,213.3272727272727,176.29090909090908,167.47272727272727,0,187.3272727272727
2019-05-08 19:27:54,357.9272727272727,112.03636363636363,183.43636363636364,171.7272727272727,156.38181818181818,155.18181818181816,133.43636363636364,152.07272727272726,716.5272727272727,145.45454545454544,188.56363636363633,210.7090909090909,252.29090909090908,221.43636363636364,226.79999999999998,0,27.363636363636363,177.29090909090908,1182.7636363636364,214.5090909090909,211.49090909090907,221.1272727272727,124.25454545454545,116.16363636363636,370.4545454545454,144.47272727272727,213.3272727272727,176.29090909090908,167.47272727272727,0,187.3272727272727
2019-05-08 19:27:51,363.2,110.83636363636363,181.6,162,165.6181818181818,162.1090909090909,106.76363636363635,174,721.4545454545454,142.3090909090909,200.89090909090908,211.07272727272726,241.54545454545453,214.18181818181816,224.36363636363635,0,27.363636363636363,195.16363636363633,1161.581818181818,222.85454545454544,166.03636363636363,174.18181818181816,120.9090909090909,130.39999999999998,407.30909090909086,151.38181818181818,203.16363636363633,181.3090909090909,227.1272727272727,0,188.3272727272727
2019-05-08 19:27:48,363.2,110.83636363636363,181.6,162,165.6181818181818,162.1090909090909,106.76363636363635,174,721.4545454545454,142.3090909090909,200.89090909090908,211.07272727272726,241.54545454545453,214.18181818181816,224.36363636363635,0,27.363636363636363,195.16363636363633,1161.581818181818,222.85454545454544,166.03636363636363,174.18181818181816,120.9090909090909,130.39999999999998,407.30909090909086,151.38181818181818,203.16363636363633,181.3090909090909,227.1272727272727,0,188.3272727272727
2019-05-08 19:27:45,321.4,110.07272727272726,150.7272727272727,162.65454545454543,160.47272727272727,170.4,171.25454545454542,174.3090909090909,774.7454545454545,148.8181818181818,185.9272727272727,224.59999999999997,235.23636363636362,216.29090909090908,226.56363636363633,0,28.363636363636363,219.29090909090908,1150.3090909090909,191.2,122.98181818181817,236.69090909090906,154.58181818181816,164.03636363636363,367.0545454545454,169.25454545454542,206.3090909090909,151.56363636363636,206.27272727272728,0,189.14545454545453
2019-05-08 19:27:42,280.3272727272727,95.5090909090909,161.23636363636362,142.27272727272728,170.58181818181816,181.4,158.18181818181816,169.85454545454544,779.2181818181817,134.18181818181816,167.8181818181818,195.6181818181818,218.76363636363632,229.87272727272727,208.38181818181818,0,11.69090909090909,213.59999999999997,1158.4,162.98181818181817,139.1090909090909,230.56363636363633,140.38181818181818,152.96363636363637,344.10909090909087,157.45454545454544,201.2,149.5272727272727,185.9090909090909,0,174
2019-05-08 19:27:39,280.3272727272727,95.5090909090909,161.23636363636362,142.27272727272728,170.58181818181816,181.4,158.18181818181816,169.85454545454544,779.2181818181817,134.18181818181816,167.8181818181818,195.6181818181818,218.76363636363632,229.87272727272727,208.38181818181818,0,11.69090909090909,213.59999999999997,1158.4,162.98181818181817,139.1090909090909,230.56363636363633,140.38181818181818,152.96363636363637,344.10909090909087,157.45454545454544,201.2,149.5272727272727,185.9090909090909,0,174
2019-05-08 19:27:36,268.6181818181818,88.85454545454544,135.14545454545453,127.49090909090908,165.27272727272728,233.23636363636362,162.0181818181818,191.34545454545454,802.3636363636363,127.85454545454544,173.6,189.43636363636364,212.45454545454544,225.25454545454542,176.3090909090909,0,11.69090909090909,195.67272727272726,1178.6727272727271,170,140.18181818181816,211.76363636363632,199.74545454545452,175.3090909090909,276.2181818181818,149.23636363636362,175.2181818181818,130.47272727272727,180.69090909090906,0,172.69090909090906
2019-05-08 19:27:33,268.6181818181818,88.85454545454544,135.14545454545453,127.49090909090908,165.27272727272728,233.23636363636362,162.0181818181818,191.34545454545454,802.3636363636363,127.85454545454544,173.6,189.43636363636364,212.45454545454544,225.25454545454542,176.3090909090909,0,11.69090909090909,195.67272727272726,1178.6727272727271,170,140.18181818181816,211.76363636363632,199.74545454545452,175.3090909090909,276.2181818181818,149.23636363636362,175.2181818181818,130.47272727272727,180.69090909090906,0,172.69090909090906
2019-05-08 19:27:30,315.3818181818181,96,160.1272727272727,140.2181818181818,195.78181818181818,233.14545454545453,186.6181818181818,196.85454545454544,801.9090909090908,128.0181818181818,203.0181818181818,187.27272727272728,206.19999999999996,232.07272727272726,185.85454545454544,0,18.218181818181815,177.16363636363633,1183.490909090909,162.27272727272728,170.54545454545453,248.89090909090908,205.4181818181818,169.09090909090907,269.2,153.43636363636364,150.56363636363636,157.1090909090909,195.09090909090907,0,170.67272727272726
2019-05-08 19:27:27,364.3454545454545,109.65454545454546,140.96363636363637,92.87272727272726,192.0181818181818,217.1272727272727,205.47272727272727,195.98181818181817,785.1818181818181,128.63636363636363,207.65454545454543,174.6181818181818,185.85454545454544,257.2363636363636,163.5090909090909,0,13.636363636363635,156.34545454545454,1190.0545454545454,142.9272727272727,175.34545454545454,253.96363636363634,211.5090909090909,161.5090909090909,234.3090909090909,151.36363636363637,190.9272727272727,157.29090909090908,221.87272727272727,0,170.7090909090909
2019-05-08 19:27:24,364.3454545454545,109.65454545454546,140.96363636363637,92.87272727272726,192.0181818181818,217.1272727272727,205.47272727272727,195.98181818181817,785.1818181818181,128.63636363636363,207.65454545454543,174.6181818181818,185.85454545454544,257.2363636363636,163.5090909090909,0,13.636363636363635,156.34545454545454,1190.0545454545454,142.9272727272727,175.34545454545454,253.96363636363634,211.5090909090909,161.5090909090909,234.3090909090909,151.36363636363637,190.9272727272727,157.29090909090908,221.87272727272727,0,170.7090909090909
2019-05-08 19:27:21,374.58181818181816,109.69090909090909,124.03636363636363,97.2,173.38181818181818,204.07272727272726,209.56363636363633,161.45454545454544,791.9636363636363,107.32727272727271,244.05454545454543,115.07272727272726,199.78181818181818,253.58181818181816,152.69090909090906,0,13.181818181818182,128.85454545454544,1177.2181818181816,131.34545454545454,173.8181818181818,245.4181818181818,204.94545454545454,167.34545454545454,209.74545454545452,153.98181818181817,179.1272727272727,154.7090909090909,231.09090909090907,0,145.69090909090906
2019-05-08 19:27:18,374.58181818181816,109.69090909090909,124.03636363636363,97.2,173.38181818181818,204.07272727272726,209.56363636363633,161.45454545454544,791.9636363636363,107.32727272727271,244.05454545454543,115.07272727272726,199.78181818181818,253.58181818181816,152.69090909090906,0,13.181818181818182,128.85454545454544,1177.2181818181816,131.34545454545454,173.8181818181818,245.4181818181818,204.94545454545454,167.34545454545454,209.74545454545452,153.98181818181817,179.1272727272727,154.7090909090909,231.09090909090907,0,145.69090909090906
2019-05-08 19:27:15,405.58181818181816,104.38181818181816,132.67272727272726,82.29090909090908,174.1272727272727,200.56363636363633,204.18181818181816,168.09090909090907,830.1090909090908,109.94545454545454,253.96363636363634,147.2,181.83636363636364,244.7272727272727,155.4,0,9.709090909090909,128.45454545454544,1169.8363636363636,132.45454545454544,164.05454545454543,252.56363636363633,247.87272727272727,159.8181818181818,199.34545454545454,159.89090909090908,180.38181818181818,130.74545454545452,264.78181818181815,0,157.9272727272727
2019-05-08 19:27:12,413.18181818181813,116.78181818181817,143.5090909090909,83.96363636363635,173.96363636363634,196.6,201.49090909090907,160.0181818181818,819.690909090909,90.5090909090909,226.8181818181818,144.63636363636363,170.14545454545453,212.96363636363634,152.87272727272727,0,9.09090909090909,144.54545454545453,1207.9454545454544,122.54545454545453,145.14545454545453,237.9090909090909,236.85454545454544,154.45454545454544,210.89090909090908,143.3272727272727,195.96363636363634,112.59999999999998,233.67272727272726,0,138.2181818181818
2019-05-08 19:27:09,413.18181818181813,116.78181818181817,143.5090909090909,83.96363636363635,173.96363636363634,196.6,201.49090909090907,160.0181818181818,819.690909090909,90.5090909090909,226.8181818181818,144.63636363636363,170.14545454545453,212.96363636363634,152.87272727272727,0,9.09090909090909,144.54545454545453,1207.9454545454544,122.54545454545453,145.14545454545453,237.9090909090909,236.85454545454544,154.45454545454544,210.89090909090908,143.3272727272727,195.96363636363634,112.59999999999998,233.67272727272726,0,138.2181818181818
2019-05-08 19:27:06,369.27272727272725,126.59999999999998,159.6,111.58181818181816,196.67272727272726,176.69090909090906,201.56363636363633,154.47272727272727,851.9090909090908,108.92727272727272,248.4363636363636,144.6181818181818,182.6181818181818,193.5090909090909,123.56363636363635,0,8.890909090909089,140.07272727272726,1162.509090909091,95.01818181818182,143.3272727272727,193.7272727272727,231.05454545454543,170.7090909090909,175.4181818181818,160,202.09090909090907,98.07272727272726,222.0181818181818,0,101.14545454545454
2019-05-08 19:27:03,369.27272727272725,126.59999999999998,159.6,111.58181818181816,196.67272727272726,176.69090909090906,201.56363636363633,154.47272727272727,851.9090909090908,108.92727272727272,248.4363636363636,144.6181818181818,182.6181818181818,193.5090909090909,123.56363636363635,0,8.890909090909089,140.07272727272726,1162.509090909091,95.01818181818182,143.3272727272727,193.7272727272727,231.05454545454543,170.7090909090909,175.4181818181818,160,202.09090909090907,98.07272727272726,222.0181818181818,0,101.14545454545454
2019-05-08 19:27:00,392.0181818181818,134.0909090909091,166.87272727272727,113.61818181818181,216.98181818181817,149.78181818181818,180.94545454545454,152.6181818181818,904.5999999999999,149.03636363636363,243.6363636363636,185,148.94545454545454,219.5090909090909,125.56363636363635,0,8.890909090909089,141.67272727272726,1154.8363636363636,114.43636363636364,171.54545454545453,227.27272727272728,230.18181818181816,190.5272727272727,176.27272727272728,136.54545454545453,217.2181818181818,118.07272727272726,222.34545454545454,0,128.3272727272727
2019-05-08 19:26:57,372.32727272727266,134.14545454545453,147.49090909090907,139.3090909090909,188.47272727272727,136.5090909090909,180.14545454545453,145.27272727272728,926.8363636363636,169.87272727272727,227.67272727272726,185.56363636363633,109.56363636363635,245.59999999999997,135.98181818181817,0,8.890909090909089,126.5090909090909,1171.9272727272726,100.25454545454545,172.4,219.45454545454544,224.5090909090909,176.03636363636363,195.3090909090909,165.85454545454544,228.38181818181818,89.74545454545454,178.6,0,126.45454545454545
2019-05-08 19:26:54,372.32727272727266,134.14545454545453,147.49090909090907,139.3090909090909,188.47272727272727,136.5090909090909,180.14545454545453,145.27272727272728,926.8363636363636,169.87272727272727,227.67272727272726,185.56363636363633,109.56363636363635,245.59999999999997,135.98181818181817,0,8.890909090909089,126.5090909090909,1171.9272727272726,100.25454545454545,172.4,219.45454545454544,224.5090909090909,176.03636363636363,195.3090909090909,165.85454545454544,228.38181818181818,89.74545454545454,178.6,0,126.45454545454545
2019-05-08 19:26:51,352.56363636363636,134.47272727272727,146.54545454545453,138.03636363636363,169.8,126.87272727272726,114.92727272727272,152.8,876.0909090909091,178.03636363636363,207.98181818181817,178.8181818181818,109.38181818181816,243.87272727272727,135.1090909090909,0,7.890909090909091,129.7090909090909,1167.2727272727273,99.16363636363636,174.6,179.0181818181818,191.8,141.56363636363636,262.59999999999997,138.3090909090909,275.6,80.6,178.05454545454543,0,126.54545454545453
2019-05-08 19:26:48,352.56363636363636,134.47272727272727,146.54545454545453,138.03636363636363,169.8,126.87272727272726,114.92727272727272,152.8,876.0909090909091,178.03636363636363,207.98181818181817,178.8181818181818,109.38181818181816,243.87272727272727,135.1090909090909,0,7.890909090909091,129.7090909090909,1167.2727272727273,99.16363636363636,174.6,179.0181818181818,191.8,141.56363636363636,262.59999999999997,138.3090909090909,275.6,80.6,178.05454545454543,0,126.54545454545453
2019-05-08 19:26:45,391.47272727272724,135.98181818181817,166.36363636363637,146.09090909090907,159.47272727272727,91.9090909090909,101.58181818181816,152.78181818181818,867.9636363636363,186.03636363636363,193.14545454545453,180.36363636363635,111.5090909090909,205.38181818181818,126.87272727272726,0,7.890909090909091,130.05454545454546,1180.2545454545455,99.76363636363635,163.0181818181818,179,208.74545454545452,147.6,283.52727272727276,146,275.74545454545455,76.23636363636363,178.8,0,133.3272727272727
2019-05-08 19:26:42,381.98181818181814,134.36363636363635,201.96363636363634,145.2181818181818,159.05454545454543,49.58181818181818,94.67272727272727,156,835.3999999999999,192.47272727272727,176.7090909090909,185.3090909090909,119.85454545454544,191.67272727272726,127.69090909090909,0,7.890909090909091,135.03636363636363,1178.3090909090909,102.07272727272726,172.27272727272728,174.14545454545453,168.83636363636364,134.34545454545454,327.3272727272727,166.8181818181818,306.76363636363635,95.32727272727271,178.83636363636364,0,125.38181818181816
2019-05-08 19:26:39,381.98181818181814,134.36363636363635,201.96363636363634,145.2181818181818,159.05454545454543,49.58181818181818,94.67272727272727,156,835.3999999999999,192.47272727272727,176.7090909090909,185.3090909090909,119.85454545454544,191.67272727272726,127.69090909090909,0,7.890909090909091,135.03636363636363,1178.3090909090909,102.07272727272726,172.27272727272728,174.14545454545453,168.83636363636364,134.34545454545454,327.3272727272727,166.8181818181818,306.76363636363635,95.32727272727271,178.83636363636364,0,125.38181818181816
2019-05-08 19:26:36,345.8545454545454,118.41818181818182,195.03636363636363,132.38181818181818,139.3272727272727,50.29090909090908,70.81818181818181,171.6,867.9454545454545,199.98181818181817,152.96363636363637,205.43636363636364,133.56363636363636,183.27272727272728,131.7090909090909,0,2.2181818181818183,130.96363636363634,1169.7818181818182,134.89090909090908,144.34545454545454,157.09090909090907,184.1272727272727,133.05454545454546,391.32727272727266,165.87272727272727,301.8909090909091,115.79999999999998,169.94545454545454,0,137.6
2019-05-08 19:26:33,345.8545454545454,118.41818181818182,195.03636363636363,132.38181818181818,139.3272727272727,50.29090909090908,70.81818181818181,171.6,867.9454545454545,199.98181818181817,152.96363636363637,205.43636363636364,133.56363636363636,183.27272727272728,131.7090909090909,0,2.2181818181818183,130.96363636363634,1169.7818181818182,134.89090909090908,144.34545454545454,157.09090909090907,184.1272727272727,133.05454545454546,391.32727272727266,165.87272727272727,301.8909090909091,115.79999999999998,169.94545454545454,0,137.6
2019-05-08 19:26:30,319.2181818181818,96.85454545454544,201,150.7090909090909,164.27272727272728,51.65454545454545,64.81818181818181,171.74545454545452,884.1818181818181,194.85454545454544,159.16363636363636,221.23636363636362,178.7090909090909,198.2181818181818,160.2181818181818,0,2.745454545454545,150.7090909090909,1173.909090909091,132.34545454545454,147.38181818181818,147.8,164.1090909090909,125.6181818181818,408.4,186.1272727272727,287.50909090909084,128.25454545454545,142.85454545454544,0,158.07272727272726
2019-05-08 19:26:27,294.09090909090907,96.49090909090908,194.25454545454542,151.34545454545454,163.1272727272727,56.36363636363636,60.61818181818182,172.2,877.5090909090908,227.74545454545452,114.92727272727272,221.19999999999996,161.76363636363638,223.25454545454542,182.05454545454543,0,2.509090909090909,155.5272727272727,1164.909090909091,155.63636363636363,149.58181818181816,127.85454545454544,144.98181818181817,119.92727272727272,393.8909090909091,178.69090909090906,301.1272727272727,138.65454545454543,115.36363636363635,0,155.5272727272727
2019-05-08 19:26:24,294.09090909090907,96.49090909090908,194.25454545454542,151.34545454545454,163.1272727272727,56.36363636363636,60.61818181818182,172.2,877.5090909090908,227.74545454545452,114.92727272727272,221.19999999999996,161.76363636363638,223.25454545454542,182.05454545454543,0,2.509090909090909,155.5272727272727,1164.909090909091,155.63636363636363,149.58181818181816,127.85454545454544,144.98181818181817,119.92727272727272,393.8909090909091,178.69090909090906,301.1272727272727,138.65454545454543,115.36363636363635,0,155.5272727272727
2019-05-08 19:26:21,242.54545454545453,136.25454545454545,191.2181818181818,145.09090909090907,158.6181818181818,56.74545454545454,43.2,167.9090909090909,876.0727272727272,246.27272727272728,111.98181818181817,181.65454545454543,149.76363636363638,254.1090909090909,209.5090909090909,0,2.981818181818182,155.65454545454543,1163.4181818181817,154.9090909090909,128.8181818181818,124.16363636363636,111.1090909090909,144.4,382.6363636363636,173.25454545454542,301.4545454545454,138.6,95.29090909090908,0,144.14545454545453
2019-05-08 19:26:18,242.54545454545453,136.25454545454545,191.2181818181818,145.09090909090907,158.6181818181818,56.74545454545454,43.2,167.9090909090909,876.0727272727272,246.27272727272728,111.98181818181817,181.65454545454543,149.76363636363638,254.1090909090909,209.5090909090909,0,2.981818181818182,155.65454545454543,1163.4181818181817,154.9090909090909,128.8181818181818,124.16363636363636,111.1090909090909,144.4,382.6363636363636,173.25454545454542,301.4545454545454,138.6,95.29090909090908,0,144.14545454545453
2019-05-08 19:26:15,216.27272727272728,103.01818181818182,175.49090909090907,153.27272727272728,181.83636363636364,55.81818181818182,91.4,141.98181818181817,874.1090909090908,246.58181818181816,111.63636363636364,155.9090909090909,168.7090909090909,294.47272727272724,190.27272727272728,0,3.5454545454545454,134.12727272727273,1184.4363636363635,174.6,128.3090909090909,141.3090909090909,112.34545454545453,143.69090909090906,382.4181818181818,166.85454545454544,309.6727272727273,157.29090909090908,113.76363636363635,0,145.2
2019-05-08 19:26:12,219.4181818181818,82.9090909090909,160.7272727272727,136.0909090909091,141.0181818181818,74.5090909090909,90.23636363636363,141.18181818181816,877.1454545454545,226.23636363636362,85.54545454545453,134.72727272727272,154.6181818181818,295.2363636363636,193.0181818181818,0,4.345454545454545,114.78181818181817,1216.2545454545455,174.43636363636364,129.03636363636363,154.9272727272727,120.79999999999998,145.2,395.16363636363633,145.8,315.96363636363634,155.3090909090909,112.81818181818181,0,145.43636363636364
2019-05-08 19:26:09,219.4181818181818,82.9090909090909,160.7272727272727,136.0909090909091,141.0181818181818,74.5090909090909,90.23636363636363,141.18181818181816,877.1454545454545,226.23636363636362,85.54545454545453,134.72727272727272,154.6181818181818,295.2363636363636,193.0181818181818,0,4.345454545454545,114.78181818181817,1216.2545454545455,174.43636363636364,129.03636363636363,154.9272727272727,120.79999999999998,145.2,395.16363636363633,145.8,315.96363636363634,155.3090909090909,112.81818181818181,0,145.43636363636364
2019-05-08 19:26:06,216.59999999999997,75.12727272727271,155.3090909090909,152.2181818181818,120.01818181818182,73.52727272727272,94.41818181818182,126.18181818181817,900.9999999999999,180.85454545454544,71.1090909090909,101.69090909090909,144.49090909090907,249.38181818181818,191.96363636363634,0,4.345454545454545,121.47272727272727,1235.3090909090909,174.6181818181818,97.25454545454545,140.83636363636364,117.1090909090909,125.49090909090908,401.0181818181818,145.38181818181818,293.2,139.3090909090909,132.67272727272726,0,118.67272727272727
2019-05-08 19:26:03,216.59999999999997,75.12727272727271,155.3090909090909,152.2181818181818,120.01818181818182,73.52727272727272,94.41818181818182,126.18181818181817,900.9999999999999,180.85454545454544,71.1090909090909,101.69090909090909,144.49090909090907,249.38181818181818,191.96363636363634,0,4.345454545454545,121.47272727272727,1235.3090909090909,174.6181818181818,97.25454545454545,140.83636363636364,117.1090909090909,125.49090909090908,401.0181818181818,145.38181818181818,293.2,139.3090909090909,132.67272727272726,0,118.67272727272727
2019-05-08 19:26:00,212.6181818181818,94.44340545454546,155.4181818181818,173.83636363636364,117.07272727272726,72.52727272727272,113.87272727272726,132.0909090909091,928.2363636363636,179.85454545454544,93.94545454545454,101.74545454545454,139.3090909090909,248.19999999999996,167.6181818181818,0,5.218181818181818,160.71711575757578,1254.9272727272726,148.67272727272726,97.03636363636363,159.13554545454545,117.23636363636363,120.34545454545453,380.16363636363633,126.38265393939395,326.2363636363636,144.8818593939394,146.59148303030304,0,122.29090909090908
2019-05-08 19:25:57,230.58181818181816,95.34545454545453,172.2808296969697,173.23636363636362,113.36363636363635,71.52727272727272,131.94545454545454,123.18181818181817,937.9636363636363,160.36363636363637,112.56363636363635,82.78181818181818,144.63636363636363,264.81557696969696,205.1090909090909,0,5.236363636363635,132.76363636363635,1278.0545454545454,187.54545454545453,102.67272727272727,137.54545454545453,134.52727272727273,134.8181818181818,330.56363636363636,115.01818181818182,279.0545454545454,145.9272727272727,147.43636363636364,0,120.14545454545454
2019-05-08 19:25:54,230.58181818181816,91.29827636363638,163.66173878787876,168.08592242424245,110.45819090909092,68.95755515151517,131.94545454545454,119.58604545454547,937.9636363636363,160.36363636363637,108.11888424242423,82.78181818181818,144.63636363636363,251.5446678787879,196.17125393939392,0,5.236363636363635,127.79054424242423,1278.0545454545454,187.54545454545453,100.95563818181819,132.34253636363636,134.52727272727273,128.2320212121212,330.56363636363636,111.23834787878788,270.13057696969696,139.86307515151518,141.60578242424245,0,119.48344969696971
2019-05-08 19:25:51,244.10020424242424,92.3281296969697,128.4829315151515,162.22355515151514,111.07212606060607,68.34962303030304,136.2026078787879,118.9095896969697,911.9090909090908,170.02377272727276,108.80012242424242,93.17631575757576,159.58278606060605,237.92802060606058,199.61423515151517,0,5.599629090909091,128.33474545454544,1276.6,185.49090909090907,92.94451151515153,133.48311151515153,135.43200969696971,113.84512666666667,312.87686424242423,104.35974303030302,276.8832684848485,141.73444969696968,142.81918848484847,0,110.77253454545456
2019-05-08 19:25:48,231.6338406060606,87.61358424242422,121.9256587878788,154.0108278787879,105.44303515151515,64.87507757575757,129.2507896969697,112.88504424242424,882.3418757575757,161.36468181818182,103.25648606060606,88.42267939393939,151.44369515151513,225.7771115151515,189.42150787878788,0,5.315992727272727,121.81656363636365,1240.0344466666668,185.49090909090907,88.25723878787879,126.69583878787878,128.53746424242425,108.03512666666667,296.90050060606063,99.06519757575758,262.7405412121212,134.4999042424242,135.5564612121212,0,105.21071636363635
2019-05-08 19:25:45,220.65419933333334,82.83675933333333,89.66453733333333,156.46545333333333,106.43472933333334,56.402206666666665,131.20812733333335,88.84576733333333,859.6620666666669,146.064046,101.84724733333334,84.39563666666666,147.13239533333336,226.73203533333333,193.65525733333337,0,5.5305919999999995,116.489676,1185.0928426666665,161.27015666666665,78.40077133333334,125.29653733333333,111.69098133333334,93.91640866666667,263.80846533333334,80.62170266666666,241.20731866666668,118.71870133333333,136.95856266666667,0,92.309504
2019-05-08 19:25:42,218.37596000000002,78.14600666666666,69.55806,159.77544666666665,96.09580000000001,55.108093333333336,134.23908666666665,68.84349333333333,799.98784,142.55221333333333,92.71639333333333,64.18505333333333,131.35198666666668,235.16284000000002,185.79616,0,4.927766666666667,117.13013333333332,1135.9533866666668,131.53896,75.33857333333334,108.36233333333334,91.66474,96.76485333333333,201.43138666666667,77.78016,244.9569266666667,74.04928666666666,123.30506666666666,0,77.73024666666667
2019-05-08 19:25:39,205.20484888888888,73.43378444444444,65.37028222222222,150.22322444444444,90.35135555555556,51.80364888888889,126.14686444444443,64.75016000000001,753.8589511111111,133.98332444444446,87.13972666666668,60.32060888888888,123.4430977777778,220.97839555555552,174.59171555555557,0,4.633322222222223,110.10791111111111,1070.7000533333335,123.97896,70.86524000000001,101.86233333333334,86.1636288888889,90.93374222222224,189.28916444444442,73.1312711111111,230.18025999999998,69.59039777777777,115.90506666666667,0,73.15580222222222
2019-05-08 19:25:36,190.21501083333334,75.13464833333333,50.199335833333336,135.92289083333333,66.35288083333334,51.01993166666667,117.71274583333333,63.72175583333333,712.2434991666667,136.50078,78.37067833333332,44.33806166666666,82.44915833333334,170.27779833333335,153.10812583333336,0,4.34697,92.675045,1016.7414391666666,125.17733083333333,60.735443333333336,103.50108583333333,87.54697583333333,92.97029416666668,174.87505083333335,53.149644166666675,206.09349166666667,58.57478583333334,118.57381416666665,0,51.1284575
2019-05-08 19:25:33,177.16876083333332,69.98214833333333,46.76558583333333,126.69664083333335,61.86163083333333,47.542431666666666,109.64399583333332,59.41800583333334,665.8047491666667,127.17078,73.01317833333333,41.30556166666666,76.81165833333334,158.6002983333333,142.6093758333333,0,4.05197,86.367545,950.7126891666666,117.04858083333333,56.650443333333335,96.44233583333333,81.57322583333332,86.59904416666667,162.88880083333336,49.55339416666666,191.95599166666668,54.56603583333333,110.48256416666666,0,47.752207500000004
2019-05-08 19:25:30,165.42623333333333,71.96085333333333,47.80847333333334,124.28520190476192,62.075899047619046,35.30014666666667,111.89507333333333,59.016447619047625,634.2095866666666,99.33285714285715,74.75995619047619,41.49085523809524,76.51919619047618,140.99433904761906,126.4536819047619,0,4.286537142857142,84.04077428571426,901.1970095238096,97.75770761904762,54.172096190476196,98.57247333333333,83.09195333333334,90.06742095238094,169.76277047619047,49.07396095238094,180.81189238095243,45.241419047619054,113.34392952380952,0,39.03765142857142
2019-05-08 19:25:27,176.1985766666667,32.738006666666664,43.343790000000006,121.89683999999998,61.30785333333334,34.21649333333333,118.15653333333334,51.75024333333333,596.9411566666665,81.69693666666667,70.71244333333334,35.23092333333334,71.657,104.45082333333335,86.02233,0,3.461970000000001,86.3884,846.6786433333334,103.36910888888889,45.64677333333332,93.73180333333333,77.64000000000001,57.86173,158.29417,49.99927333333334,190.44664333333333,45.27145666666666,97.21566000000001,0,36.069700000000005
2019-05-08 19:25:24,160.98024333333336,29.914673333333333,39.61212333333334,111.49017333333332,56.08785333333332,31.289826666666663,107.95653333333333,47.36524333333333,548.4261566666667,74.68526999999999,64.62744333333333,32.19925666666667,65.49033333333333,95.43582333333333,78.60066333333333,0,3.1669699999999996,78.98839999999998,778.2269766666667,95.03244222222222,41.80677333333333,85.68680333333332,70.97333333333333,52.873396666666665,144.63250333333332,45.74260666666667,173.9949766666667,41.37312333333333,88.87232666666667,0,33.119699999999995
2019-05-08 19:25:21,173.1748773333333,30.44581733333333,41.20234133333334,102.56942533333334,32.27154933333333,31.30311066666667,62.40059733333333,47.42843333333334,506.48299866666673,76.802756,67.90755733333334,32.365822666666666,47.91461733333334,59.645589333333334,82.92923333333333,0,2.2884439999999997,71.91364399999999,692.1005306666666,78.30698,39.91823733333334,71.20388533333333,66.04130133333334,45.41384666666667,132.92548933333333,46.53041066666666,161.04765466666666,22.319057333333333,73.13128666666667,0,30.07404
2019-05-08 19:25:18,155.09087733333334,27.27181733333333,36.91434133333333,92.00742533333332,28.995549333333333,28.069110666666667,55.89659733333334,42.57843333333334,457.28099866666673,68.836756,60.843557333333344,28.99982266666667,42.940617333333336,53.429589333333325,74.27923333333335,0,2.054444,64.47964400000001,625.4965306666667,70.77698000000001,35.87423733333333,63.83188533333334,59.19330133333334,40.68384666666667,119.05948933333335,41.74641066666666,144.22965466666668,20.005057333333333,65.56128666666667,0,27.134040000000002
2019-05-08 19:25:15,147.22854333333333,27.491168333333334,34.211418333333334,84.17296833333333,29.419323333333335,8.481201666666667,59.916903333333345,43.81906333333334,408.6502316666667,52.937805,65.21178333333333,30.63873166666667,38.674038333333336,54.50721333333333,76.99714833333334,0,1.4307950000000003,68.572445,565.0096416666668,76.95889166666667,30.400263333333335,52.188878333333335,54.100613333333335,22.599856666666668,108.57170833333333,36.648421666666664,117.19377166666666,21.292473333333337,69.71858666666667,0,24.969555
2019-05-08 19:25:12,143.62854666666667,30.15561333333333,29.073733333333337,71.81142,31.180706666666666,8.136433333333335,61.7943,37.80293333333334,336.32059999999996,58.00872666666667,65.70880666666666,24.066906666666664,40.73612,61.24713333333333,62.538446666666665,0,1.6477266666666668,66.65698,499.39732000000004,60.35389555555556,23.623393333333336,33.25069333333334,57.74508000000001,23.366533333333333,113.85324666666665,33.59666666666667,120.95918,17.56134666666667,53.572966666666666,0,22.807993333333336
2019-05-08 19:25:09,121.78187999999999,25.57561333333333,24.673733333333335,61.10808666666666,26.57404,6.953100000000001,52.41096666666667,32.20293333333333,290.55393333333336,49.265393333333336,55.75213999999999,20.426906666666664,34.58278666666667,51.94713333333334,53.04178,0,1.4043933333333336,56.62698,431.7106533333333,52.19722888888889,20.213393333333336,28.290693333333333,49.03174666666666,19.833199999999994,96.55658,28.59666666666667,102.56251333333331,14.914679999999999,45.52296666666666,0,19.631326666666666
2019-05-08 19:25:06,101.57136333333332,4.0557533333333335,26.415003333333335,10.551183333333332,6.572343333333333,5.001156666666666,38.03547333333333,8.338933333333333,200.16983666666667,31.80861,29.076303333333335,21.467056666666664,38.77905333333334,27.442353333333337,55.11231333333333,0,0.6207499999999999,6.4846699999999995,365.22636666666665,72.41144,18.90375333333333,5.774423333333333,56.39834333333332,21.672526666666666,66.26203333333333,5.880586666666667,23.613076666666664,3.630663333333333,6.469826666666666,0,12.063690000000001
2019-05-08 19:25:03,79.36636333333333,3.1857533333333334,20.670003333333334,8.576183333333335,5.337343333333334,3.9861566666666666,29.745473333333337,6.738933333333334,164.17483666666666,24.97361,22.781303333333334,16.80205666666667,30.35905333333334,21.472353333333334,43.08231333333333,0,0.49574999999999997,5.23967,297.27636666666666,60.57144000000001,15.033753333333332,4.659423333333334,44.16334333333334,16.96252666666667,51.81203333333334,4.760586666666667,18.478076666666666,2.8756633333333337,5.209826666666666,0,9.848690000000001
2019-05-08 19:25:00,60.490909090909085,1.3090909090909089,0.8363636363636363,4.781818181818181,3.636363636363636,1.490909090909091,9.563636363636363,3.472727272727272,96.38181818181816,23.636363636363633,1.909090909090909,15.799999999999999,22.163636363636364,0.8,2.5636363636363635,0,0.4909090909090909,2.5454545454545454,180.69090909090906,21.07272727272727,4.290909090909091,2.5818181818181816,23.163636363636364,0.909090909090909,31.45454545454545,2.7818181818181817,7.018181818181818,2.1454545454545455,2.4909090909090907,0,6.49090909090909
2019-05-08 19:24:57,48.32727272727273,41.36363636363636,10.29090909090909,6.745454545454545,18.345454545454547,3.727272727272727,7.781818181818181,4.6909090909090905,97.2,24.07272727272727,3.5818181818181816,23.34545454545454,11.145454545454545,2.4909090909090907,2.6909090909090905,0,0.05454545454545454,43.272727272727266,181.76363636363632,23.090909090909086,25.14545454545454,44.32727272727273,23.218181818181815,21.30909090909091,88.01818181818182,15.199999999999998,55.76363636363636,3.4909090909090907,3.1636363636363636,0,14.163636363636362
2019-05-08 19:24:54,48.32727272727273,41.36363636363636,10.29090909090909,6.745454545454545,18.345454545454547,3.727272727272727,7.781818181818181,4.6909090909090905,97.2,24.07272727272727,3.5818181818181816,23.34545454545454,11.145454545454545,2.4909090909090907,2.6909090909090905,0,0.05454545454545454,43.272727272727266,181.76363636363632,23.090909090909086,25.14545454545454,44.32727272727273,23.218181818181815,21.30909090909091,88.01818181818182,15.199999999999998,55.76363636363636,3.4909090909090907,3.1636363636363636,0,14.163636363636362
2019-05-08 19:24:51,112.80834666666667,58.08341666666666,29.099216666666663,14.745136666666665,34.504999999999995,9.385359999999999,43.82135,88.44781666666667,238.13050666666666,88.30979666666666,34.41298666666667,33.14780333333333,68.57293666666666,107.81662333333333,21.048049999999996,0,0,66.22659666666667,329.29271666666665,38.55358666666666,95.16479,61.80995666666666,35.264109999999995,138.20402666666666,150.64883,51.22842333333333,74.66882,44.78749,19.667849999999998,0,22.474256666666665
2019-05-08 19:24:48,137.32834666666665,70.70841666666666,35.424216666666666,17.950136666666666,42.004999999999995,11.42536,53.34635,107.67281666666666,289.8905066666666,107.50479666666666,41.89298666666666,40.352803333333334,83.47793666666666,131.25162333333333,25.623049999999996,0,0,80.62159666666666,400.86771666666664,46.93358666666666,115.84979,75.24495666666667,42.92911,168.24402666666666,183.39382999999998,62.36342333333333,90.89881999999999,54.52249,23.94285,0,27.359256666666667
