timestamp,consul_productpage-v1_1
2019-05-08 11:20:12,0
2019-05-08 11:20:09,0
2019-05-08 11:20:06,0
2019-05-08 11:20:03,0
2019-05-08 11:20:00,0
2019-05-08 11:19:57,0
2019-05-08 11:19:54,0
2019-05-08 11:19:51,0
2019-05-08 11:19:48,0
2019-05-08 11:19:45,0
2019-05-08 11:19:42,0
2019-05-08 11:19:39,0
2019-05-08 11:19:36,0
2019-05-08 11:19:33,0
2019-05-08 11:19:30,0
2019-05-08 11:19:27,0
2019-05-08 11:19:24,0
2019-05-08 11:19:21,0
2019-05-08 11:19:18,0
2019-05-08 11:19:15,0
2019-05-08 11:19:12,0
2019-05-08 11:19:09,0
2019-05-08 11:19:06,0
2019-05-08 11:19:03,0
2019-05-08 11:19:00,0
2019-05-08 11:18:57,0
2019-05-08 11:18:54,0
2019-05-08 11:18:51,0
2019-05-08 11:18:48,0
2019-05-08 11:18:45,0
2019-05-08 11:18:42,0
2019-05-08 11:18:39,0
2019-05-08 11:18:36,0
2019-05-08 11:18:33,0
2019-05-08 11:18:30,0
2019-05-08 11:18:27,0
2019-05-08 11:18:24,0
2019-05-08 11:18:21,0
2019-05-08 11:18:18,0
2019-05-08 11:18:15,0
2019-05-08 11:18:12,0
2019-05-08 11:18:09,0
2019-05-08 11:18:06,0
2019-05-08 11:18:03,0
2019-05-08 11:18:00,0
2019-05-08 11:17:57,0
2019-05-08 11:17:54,0
2019-05-08 11:17:51,0
2019-05-08 11:17:48,0
2019-05-08 11:17:45,0
2019-05-08 11:17:42,0
2019-05-08 11:17:39,0
2019-05-08 11:17:36,0
2019-05-08 11:17:33,0
2019-05-08 11:17:30,0
2019-05-08 11:17:27,0
2019-05-08 11:17:24,0
2019-05-08 11:17:21,0
2019-05-08 11:17:18,0
2019-05-08 11:17:15,0
2019-05-08 11:17:12,0
2019-05-08 11:17:09,0
2019-05-08 11:17:06,0
2019-05-08 11:17:03,0
2019-05-08 11:17:00,0
2019-05-08 11:16:57,0
2019-05-08 11:16:54,0
2019-05-08 11:16:51,0
2019-05-08 11:16:48,0
2019-05-08 11:16:45,0
2019-05-08 11:16:42,0
2019-05-08 11:16:39,0
2019-05-08 11:16:36,0
2019-05-08 11:16:33,0
2019-05-08 11:16:30,0
2019-05-08 11:16:27,0
2019-05-08 11:16:24,0
2019-05-08 11:16:21,0
2019-05-08 11:16:18,0
2019-05-08 11:16:15,0
2019-05-08 11:16:12,0
2019-05-08 11:16:09,0
2019-05-08 11:16:06,0
2019-05-08 11:16:03,0
2019-05-08 11:16:00,0
2019-05-08 11:15:57,0
2019-05-08 11:15:54,0
2019-05-08 11:15:51,0
2019-05-08 11:15:48,0
2019-05-08 11:15:45,0
2019-05-08 11:15:42,0
2019-05-08 11:15:39,0
2019-05-08 11:15:36,0
2019-05-08 11:15:33,0
2019-05-08 11:15:30,0
2019-05-08 11:15:27,0
2019-05-08 11:15:24,0
2019-05-08 11:15:21,0
2019-05-08 11:15:18,0
2019-05-08 11:15:15,0
2019-05-08 11:15:12,0
2019-05-08 11:15:09,0
2019-05-08 11:15:06,0
2019-05-08 11:15:03,0
2019-05-08 11:15:00,0
2019-05-08 11:14:57,0
2019-05-08 11:14:54,0
2019-05-08 11:14:51,0
2019-05-08 11:14:48,0
2019-05-08 11:14:45,0
2019-05-08 11:14:42,0
2019-05-08 11:14:39,0
2019-05-08 11:14:36,0
2019-05-08 11:14:33,0
2019-05-08 11:14:30,0
2019-05-08 11:14:27,0
2019-05-08 11:14:24,0
2019-05-08 11:14:21,0
2019-05-08 11:14:18,0
2019-05-08 11:14:15,0
2019-05-08 11:14:12,0
2019-05-08 11:14:09,0
