timestamp,accept,bind,brk,clone,close,connect,dup,exit,fcntl,futex,getpid,getsockname,getsockopt,ioctl,list,lseek,madvise,mmap,mprotect,munmap,newfstat,newlstat,newstat,open,poll,read,recvfrom,recvmsg,select,sendto,setsockopt,shutdown,socket,syscall,write
2019-05-08 11:20:12,506.1454545454545,95.61818181818181,0,171.47272727272727,210.83636363636364,215.65454545454543,117.18181818181817,181.8181818181818,203.2,899.6545454545453,200.29090909090908,300.30909090909086,215.87272727272727,264.3636363636363,151.34545454545454,0,133.2,0,9.2,0,313.4181818181818,0,1321.7272727272725,208.4181818181818,207.07272727272726,251.79999999999998,270.3818181818182,64.45454545454545,404.2181818181818,151.67272727272726,493.67272727272723,199.6,92.98181818181817,0,142.7090909090909
2019-05-08 11:20:09,506.1454545454545,95.61818181818181,0,171.47272727272727,210.83636363636364,215.65454545454543,117.18181818181817,181.8181818181818,203.2,899.6545454545453,200.29090909090908,300.30909090909086,215.87272727272727,264.3636363636363,151.34545454545454,0,133.2,0,9.2,0,313.4181818181818,0,1321.7272727272725,208.4181818181818,207.07272727272726,251.79999999999998,270.3818181818182,64.45454545454545,404.2181818181818,151.67272727272726,493.67272727272723,199.6,92.98181818181817,0,142.7090909090909
2019-05-08 11:20:06,565.4,115.63636363636364,0,260.4,218.65454545454543,215.7090909090909,118.41818181818182,162.69090909090906,241.96363636363634,906.2363636363636,224.65454545454543,312.16363636363633,227.14545454545453,205.67272727272726,156.85454545454544,0,194.38181818181818,0,9.2,0,295.47272727272724,0,1341,267.94545454545454,216.29090909090908,272.0181818181818,275.6727272727273,105.01818181818182,467.16363636363633,162.2,498.49090909090904,178.5090909090909,113.56363636363635,0,148.4181818181818
2019-05-08 11:20:03,565.4,115.63636363636364,0,260.4,218.65454545454543,215.7090909090909,118.41818181818182,162.69090909090906,241.96363636363634,906.2363636363636,224.65454545454543,312.16363636363633,227.14545454545453,205.67272727272726,156.85454545454544,0,194.38181818181818,0,9.2,0,295.47272727272724,0,1341,267.94545454545454,216.29090909090908,272.0181818181818,275.6727272727273,105.01818181818182,467.16363636363633,162.2,498.49090909090904,178.5090909090909,113.56363636363635,0,148.4181818181818
2019-05-08 11:20:00,499.7090909090909,114.23636363636363,0,240.07272727272726,217.25454545454542,234.1090909090909,117.49090909090908,133.07272727272726,241.85454545454544,900.7454545454545,218.85454545454544,271.76363636363635,225.83636363636364,204.4181818181818,161.45454545454544,0,192.87272727272727,0,9.2,0,261.8363636363636,0,1316.8,256.8181818181818,222.38181818181818,232.1272727272727,275.2,94.92727272727272,506.9090909090909,137.98181818181817,486.2181818181818,158.36363636363637,112.7090909090909,0,145.67272727272726
2019-05-08 11:19:57,514.7090909090908,115.45454545454545,0,228.03636363636363,216.16363636363633,253.39999999999998,117.99999999999999,152.09090909090907,295.47272727272724,884.8363636363636,247.56363636363633,286.10909090909087,214.19999999999996,224.3090909090909,150.54545454545453,0,171.6,0,9.2,0,283.2545454545454,0,1342.9272727272726,275.50909090909084,183.09090909090907,277.2181818181818,256.0363636363636,95.56363636363635,594.5818181818181,136.27272727272728,464.6727272727273,198.67272727272726,151.18181818181816,0,152.56363636363636
2019-05-08 11:19:54,514.7090909090908,115.45454545454545,0,228.03636363636363,216.16363636363633,253.39999999999998,117.99999999999999,152.09090909090907,295.47272727272724,884.8363636363636,247.56363636363633,286.10909090909087,214.19999999999996,224.3090909090909,150.54545454545453,0,171.6,0,9.2,0,283.2545454545454,0,1342.9272727272726,275.50909090909084,183.09090909090907,277.2181818181818,256.0363636363636,95.56363636363635,594.5818181818181,136.27272727272728,464.6727272727273,198.67272727272726,151.18181818181816,0,152.56363636363636
2019-05-08 11:19:51,514.4181818181818,116.83636363636363,0,249.87272727272727,215.78181818181818,252.59999999999997,124.65454545454546,138.83636363636364,296.0181818181818,887.6727272727272,237.19999999999996,305.0545454545454,204.14545454545453,242.67272727272726,156.56363636363636,0,169.4181818181818,0,23.436363636363634,0,263.4,0,1361,274.2363636363636,179.65454545454543,272.0181818181818,252.9090909090909,104.79999999999998,679.4727272727272,132.96363636363634,454.10909090909087,218.74545454545452,155.87272727272727,0,157.8
2019-05-08 11:19:48,514.4181818181818,116.83636363636363,0,249.87272727272727,215.78181818181818,252.59999999999997,124.65454545454546,138.83636363636364,296.0181818181818,887.6727272727272,237.19999999999996,305.0545454545454,204.14545454545453,242.67272727272726,156.56363636363636,0,169.4181818181818,0,23.436363636363634,0,263.4,0,1361,274.2363636363636,179.65454545454543,272.0181818181818,252.9090909090909,104.79999999999998,679.4727272727272,132.96363636363634,454.10909090909087,218.74545454545452,155.87272727272727,0,157.8
2019-05-08 11:19:45,504.8363636363636,111.69090909090909,0,252.7272727272727,216.09090909090907,270.98181818181814,142.07272727272726,115.58181818181816,285.98181818181814,877.7636363636362,264.6181818181818,293.72727272727275,208.67272727272726,231.27272727272728,160.09090909090907,0,163.54545454545453,0,23.436363636363634,0,228.58181818181816,0,1355.7272727272725,273.4545454545454,198.83636363636364,289.2363636363636,250.78181818181818,101.49090909090908,685.7090909090908,110.16363636363636,468.8909090909091,218.27272727272728,159.3090909090909,0,181.9090909090909
2019-05-08 11:19:42,514.9090909090909,106.23636363636363,0,256.94545454545454,215.8181818181818,270.0363636363636,143.3090909090909,95.9090909090909,233.94545454545454,851.5272727272727,262.6909090909091,294.6181818181818,229.56363636363633,234.79999999999998,180.96363636363634,0,165.4181818181818,0,23.890909090909087,0,241.63636363636363,0,1363.4363636363635,295.0545454545454,201.5090909090909,312.10909090909087,285.0363636363636,96.87272727272726,718.1272727272727,125.52727272727272,410.16363636363633,259.2181818181818,166.1090909090909,0,207.0181818181818
2019-05-08 11:19:39,514.9090909090909,106.23636363636363,0,256.94545454545454,215.8181818181818,270.0363636363636,143.3090909090909,95.9090909090909,233.94545454545454,851.5272727272727,262.6909090909091,294.6181818181818,229.56363636363633,234.79999999999998,180.96363636363634,0,165.4181818181818,0,23.890909090909087,0,241.63636363636363,0,1363.4363636363635,295.0545454545454,201.5090909090909,312.10909090909087,285.0363636363636,96.87272727272726,718.1272727272727,125.52727272727272,410.16363636363633,259.2181818181818,166.1090909090909,0,207.0181818181818
2019-05-08 11:19:36,484.76363636363635,86.67272727272727,0,261.78181818181815,155.96363636363637,272.6909090909091,113.49090909090908,99.3090909090909,237.05454545454543,841.7636363636362,249.16363636363633,294.09090909090907,185.16363636363633,194.96363636363634,136.96363636363637,0,181.8,0,23.672727272727272,0,229.8181818181818,0,1335.290909090909,290.4,250.67272727272726,261.7272727272727,304.6,96.96363636363635,638.7636363636362,130.3090909090909,417.10909090909087,243.1272727272727,169.96363636363634,0,199.38181818181818
2019-05-08 11:19:33,484.76363636363635,86.67272727272727,0,261.78181818181815,155.96363636363637,272.6909090909091,113.49090909090908,99.3090909090909,237.05454545454543,841.7636363636362,249.16363636363633,294.09090909090907,185.16363636363633,194.96363636363634,136.96363636363637,0,181.8,0,23.672727272727272,0,229.8181818181818,0,1335.290909090909,290.4,250.67272727272726,261.7272727272727,304.6,96.96363636363635,638.7636363636362,130.3090909090909,417.10909090909087,243.1272727272727,169.96363636363634,0,199.38181818181818
2019-05-08 11:19:30,434.94545454545454,65.19999999999999,0,240.67272727272726,115.99999999999999,241.29090909090908,106.3090909090909,118.1090909090909,214.07272727272726,832.2363636363636,226.05454545454543,268.25454545454545,164.63636363636363,192.94545454545454,148.67272727272726,0,148.4,0,16.727272727272727,0,234.94545454545454,0,1316.4727272727273,257.4181818181818,250.65454545454543,238.5272727272727,288.8181818181818,75.41818181818182,591.4727272727272,132.6181818181818,426.18181818181813,242.56363636363633,171.34545454545454,0,212.67272727272726
2019-05-08 11:19:27,416.76363636363635,64.16363636363636,0,223.65454545454543,148.3090909090909,194.3272727272727,142.4181818181818,146.4181818181818,213.89090909090908,842.6181818181817,226.9272727272727,257.3818181818182,180.6,181.14545454545453,157.96363636363637,0,196.43636363636364,0,36.81818181818182,0,234.98181818181817,0,1293.9636363636362,249.07272727272726,245.2181818181818,239.8181818181818,216.94545454545454,74.63636363636364,568.6181818181817,119.59999999999998,429.18181818181813,224.49090909090907,152.63636363636363,0,202.47272727272727
2019-05-08 11:19:24,416.76363636363635,64.16363636363636,0,223.65454545454543,148.3090909090909,194.3272727272727,142.4181818181818,146.4181818181818,213.89090909090908,842.6181818181817,226.9272727272727,257.3818181818182,180.6,181.14545454545453,157.96363636363637,0,196.43636363636364,0,36.81818181818182,0,234.98181818181817,0,1293.9636363636362,249.07272727272726,245.2181818181818,239.8181818181818,216.94545454545454,74.63636363636364,568.6181818181817,119.59999999999998,429.18181818181813,224.49090909090907,152.63636363636363,0,202.47272727272727
2019-05-08 11:19:21,407.3636363636363,102.69090909090909,0,245.1090909090909,122.99999999999999,219.79999999999998,143.94545454545454,176.65454545454543,223.83636363636364,842.7636363636362,247.19999999999996,270.09090909090907,180.5272727272727,200.83636363636364,116.69090909090909,0,188.05454545454543,0,39,0,278.74545454545455,0,1283.2727272727273,216.83636363636364,225.7272727272727,305.3454545454545,185.7272727272727,114.21818181818182,635.1272727272727,121.34545454545453,447.56363636363636,166.43636363636364,221.0181818181818,0,214.69090909090906
2019-05-08 11:19:18,407.3636363636363,102.69090909090909,0,245.1090909090909,122.99999999999999,219.79999999999998,143.94545454545454,176.65454545454543,223.83636363636364,842.7636363636362,247.19999999999996,270.09090909090907,180.5272727272727,200.83636363636364,116.69090909090909,0,188.05454545454543,0,39,0,278.74545454545455,0,1283.2727272727273,216.83636363636364,225.7272727272727,305.3454545454545,185.7272727272727,114.21818181818182,635.1272727272727,121.34545454545453,447.56363636363636,166.43636363636364,221.0181818181818,0,214.69090909090906
2019-05-08 11:19:15,436.3636363636363,118.63636363636364,0,276.0363636363636,122.6181818181818,242.29090909090908,146.3090909090909,183.58181818181816,194.74545454545452,794.1818181818181,263.47272727272724,222.6181818181818,160.5272727272727,158.96363636363637,115.12727272727271,0,197.63636363636363,0,37.90909090909091,0,231.9090909090909,0,1287.5454545454545,204.56363636363633,218.96363636363634,286.74545454545455,165.16363636363636,141.89090909090908,656.9818181818181,140.4181818181818,426.47272727272724,184.4,222.19999999999996,0,185.9090909090909
2019-05-08 11:19:12,458.04539172183024,136.46613806648722,0,169.34603913581148,98.87611842583836,223.61242452898813,175.110933294537,175.32916272641305,154.99745398996143,810.6495962755511,226.03113406561434,195.13348366916418,138.06648723357824,164.56317742052812,107.89626827671492,0,138.50294609733035,0,37.917363788462936,0,244.23510584127447,0,1260.49319851604,173.45602676947698,190.2051356659635,294.75521932057904,162.4899978177057,117.69840692514731,570.0152760602313,137.39361315196044,452.44416963701167,188.33199970902743,208.44547901360298,0,179.54826507601658
2019-05-08 11:19:09,458.04539172183024,136.46613806648722,0,169.34603913581148,98.87611842583836,223.61242452898813,175.110933294537,175.32916272641305,154.99745398996143,810.6495962755511,226.03113406561434,195.13348366916418,138.06648723357824,164.56317742052812,107.89626827671492,0,138.50294609733035,0,37.917363788462936,0,244.23510584127447,0,1260.49319851604,173.45602676947698,190.2051356659635,294.75521932057904,162.4899978177057,117.69840692514731,570.0152760602313,137.39361315196044,452.44416963701167,188.33199970902743,208.44547901360298,0,179.54826507601658
2019-05-08 11:19:06,422.6363636363636,135.9090909090909,0,173.65454545454543,102.67272727272727,180.76363636363632,178.69090909090906,191.8,178.29090909090908,764.5090909090908,217.98181818181817,193.78181818181818,130.78181818181818,162.56363636363636,124.89090909090909,0,167.58181818181816,0,37.90909090909091,0,241.69090909090906,0,1260.0545454545454,196.34545454545454,146.98181818181817,272.4363636363636,159.47272727272727,117.1090909090909,572.3272727272727,132.87272727272727,417.2363636363636,190.43636363636364,205.96363636363634,0,198.09090909090907
2019-05-08 11:19:03,422.6363636363636,135.9090909090909,0,173.65454545454543,102.67272727272727,180.76363636363632,178.69090909090906,191.8,178.29090909090908,764.5090909090908,217.98181818181817,193.78181818181818,130.78181818181818,162.56363636363636,124.89090909090909,0,167.58181818181816,0,37.90909090909091,0,241.69090909090906,0,1260.0545454545454,196.34545454545454,146.98181818181817,272.4363636363636,159.47272727272727,117.1090909090909,572.3272727272727,132.87272727272727,417.2363636363636,190.43636363636364,205.96363636363634,0,198.09090909090907
2019-05-08 11:19:00,401.0545454545454,133.47272727272727,0,216.39999999999998,124.5090909090909,137.43636363636364,177.7272727272727,178.36363636363635,105.43636363636364,715.4181818181818,169.2,171.49090909090907,127.69090909090909,139.67272727272726,126.2181818181818,0,169.49090909090907,0,37.90909090909091,0,205.2181818181818,0,1209.0727272727272,182.43636363636364,142.34545454545454,217.45454545454544,154.43636363636364,115.01818181818182,498.6363636363636,115.89090909090909,375.09090909090907,152.1272727272727,162.67272727272726,0,211.14545454545453
2019-05-08 11:18:57,371.8727272727273,130.49090909090907,0,237.59999999999997,130.2,134.18181818181816,171.1272727272727,186.63636363636363,104.9090909090909,657.5818181818181,166.05454545454543,149.63636363636363,109.3090909090909,117.45454545454545,122.94545454545454,0,173.69090909090906,0,23.34545454545454,0,204.65454545454543,0,1213.1636363636362,184.3090909090909,137.6,209.03636363636363,138.23636363636362,104.39999999999999,502.2181818181818,105.43636363636364,338.16363636363633,131.1090909090909,139.83636363636364,0,201.96363636363634
2019-05-08 11:18:54,371.8727272727273,130.49090909090907,0,237.59999999999997,130.2,134.18181818181816,171.1272727272727,186.63636363636363,104.9090909090909,657.5818181818181,166.05454545454543,149.63636363636363,109.3090909090909,117.45454545454545,122.94545454545454,0,173.69090909090906,0,23.34545454545454,0,204.65454545454543,0,1213.1636363636362,184.3090909090909,137.6,209.03636363636363,138.23636363636362,104.39999999999999,502.2181818181818,105.43636363636364,338.16363636363633,131.1090909090909,139.83636363636364,0,201.96363636363634
2019-05-08 11:18:51,449.99999999999994,128.67272727272726,0,239.43636363636364,131.79999999999998,109.56363636363635,158.0181818181818,230.89090909090908,106.41818181818182,629.4,134.83636363636364,138.23636363636362,101.63636363636364,115.38181818181816,121.58181818181816,0,179.27272727272728,0,23.34545454545454,0,209.36363636363635,0,1233.2727272727273,186.0181818181818,112.78181818181817,177.69090909090906,134.78181818181818,102.83636363636363,528.1818181818181,98.89090909090909,282.2545454545454,138.8,127.78181818181817,0,175.94545454545454
2019-05-08 11:18:48,449.99999999999994,128.67272727272726,0,239.43636363636364,131.79999999999998,109.56363636363635,158.0181818181818,230.89090909090908,106.41818181818182,629.4,134.83636363636364,138.23636363636362,101.63636363636364,115.38181818181816,121.58181818181816,0,179.27272727272728,0,23.34545454545454,0,209.36363636363635,0,1233.2727272727273,186.0181818181818,112.78181818181817,177.69090909090906,134.78181818181818,102.83636363636363,528.1818181818181,98.89090909090909,282.2545454545454,138.8,127.78181818181817,0,175.94545454545454
2019-05-08 11:18:45,443.52727272727265,127.29090909090908,0,247.87272727272727,137.78181818181818,102.54545454545453,156.76363636363638,270.3636363636363,106.59999999999998,558.2,106.5090909090909,122.78181818181817,67.63636363636364,85.61818181818181,102.38181818181816,0,190.63636363636363,0,22.890909090909087,0,197.58181818181816,0,1239.6909090909091,210.56363636363633,101.49090909090908,144.23636363636362,83.61818181818181,100.76363636363635,544.7636363636364,80.56363636363635,250.67272727272726,98.94545454545454,118.05454545454545,0,154.16363636363636
2019-05-08 11:18:42,475.4181818181818,124.67272727272727,0,344.8181818181818,143.47272727272727,93.29090909090908,159.6,286.2545454545454,98.78181818181817,499.6545454545454,103.01818181818182,120.81818181818181,39.6,81.76363636363635,105.36363636363635,0,176.2181818181818,0,22.27272727272727,0,191.76363636363632,0,1243.8363636363636,216.39999999999998,43.18181818181817,135.47272727272727,44.4,98.29090909090908,610.3090909090909,71.87272727272726,221.38181818181818,78.25454545454545,109.63636363636364,0,188.1090909090909
2019-05-08 11:18:39,475.4181818181818,124.67272727272727,0,344.8181818181818,143.47272727272727,93.29090909090908,159.6,286.2545454545454,98.78181818181817,499.6545454545454,103.01818181818182,120.81818181818181,39.6,81.76363636363635,105.36363636363635,0,176.2181818181818,0,22.27272727272727,0,191.76363636363632,0,1243.8363636363636,216.39999999999998,43.18181818181817,135.47272727272727,44.4,98.29090909090908,610.3090909090909,71.87272727272726,221.38181818181818,78.25454545454545,109.63636363636364,0,188.1090909090909
2019-05-08 11:18:36,556.3090909090909,123.32727272727271,0,380.7090909090909,159.7090909090909,89.6,138.14545454545453,290.3636363636363,92.67272727272727,434.6363636363636,90,89.21818181818182,37.32727272727273,78.56363636363635,106.74545454545454,0,184.76363636363632,0,22.27272727272727,0,191.2181818181818,0,1302.6363636363635,217.99999999999997,38.76363636363636,122.34545454545453,40.6,96.9090909090909,712.7272727272726,65.34545454545454,173.6181818181818,82.6,102.56363636363635,0,185.09090909090907
2019-05-08 11:18:33,556.3090909090909,123.32727272727271,0,380.7090909090909,159.7090909090909,89.6,138.14545454545453,290.3636363636363,92.67272727272727,434.6363636363636,90,89.21818181818182,37.32727272727273,78.56363636363635,106.74545454545454,0,184.76363636363632,0,22.27272727272727,0,191.2181818181818,0,1302.6363636363635,217.99999999999997,38.76363636363636,122.34545454545453,40.6,96.9090909090909,712.7272727272726,65.34545454545454,173.6181818181818,82.6,102.56363636363635,0,185.09090909090907
2019-05-08 11:18:30,624.1454545454545,121.6181818181818,0,375.3818181818181,185.6,76.6,85.34545454545453,285.2181818181818,94.25454545454545,368.27272727272725,86.12727272727271,77.43636363636364,14.47272727272727,66.92727272727272,86.23636363636363,0,129.23636363636362,0,2.1818181818181817,0,178.85454545454544,0,1364.4545454545453,180.2181818181818,33.10909090909091,118.21818181818182,30.781818181818178,95.58181818181816,743.7818181818182,54.99999999999999,145.6181818181818,78.81818181818181,97,0,159.2181818181818
2019-05-08 11:18:27,551.3636363636363,79.4,0,374.8727272727273,189.3090909090909,42.36363636363636,83.25454545454545,298.4363636363636,80.18181818181819,333.3818181818181,41.781818181818174,24.018181818181816,4.890909090909091,12,105.65454545454546,0,136.76363636363638,0,0,0,133.89090909090908,0,1345.7454545454543,240.23636363636362,28.036363636363635,48.16363636363636,13.654545454545454,53.127272727272725,683.4,50.16363636363636,98.98181818181817,82.52727272727272,15.527272727272726,0,136.8181818181818
2019-05-08 11:18:24,551.3636363636363,79.4,0,374.8727272727273,189.3090909090909,42.36363636363636,83.25454545454545,298.4363636363636,80.18181818181819,333.3818181818181,41.781818181818174,24.018181818181816,4.890909090909091,12,105.65454545454546,0,136.76363636363638,0,0,0,133.89090909090908,0,1345.7454545454543,240.23636363636362,28.036363636363635,48.16363636363636,13.654545454545454,53.127272727272725,683.4,50.16363636363636,98.98181818181817,82.52727272727272,15.527272727272726,0,136.8181818181818
2019-05-08 11:18:21,565.5636363636363,40.16363636363636,0,355.6545454545454,227.1272727272727,7.072727272727272,81.4,298.2181818181818,79.21818181818182,299.0545454545454,8.745454545454544,7.454545454545454,2.6,9.618181818181817,127.41818181818181,0,110.47272727272727,0,0,0,158.76363636363638,0,1363.6181818181817,249.89090909090908,4.709090909090908,41.43636363636363,4.309090909090909,18.545454545454547,664.2545454545455,27.727272727272727,73.14545454545454,66.34545454545454,10.09090909090909,0,157.47272727272727
2019-05-08 11:18:18,565.5636363636363,40.16363636363636,0,355.6545454545454,227.1272727272727,7.072727272727272,81.4,298.2181818181818,79.21818181818182,299.0545454545454,8.745454545454544,7.454545454545454,2.6,9.618181818181817,127.41818181818181,0,110.47272727272727,0,0,0,158.76363636363638,0,1363.6181818181817,249.89090909090908,4.709090909090908,41.43636363636363,4.309090909090909,18.545454545454547,664.2545454545455,27.727272727272727,73.14545454545454,66.34545454545454,10.09090909090909,0,157.47272727272727
2019-05-08 11:18:15,518.2323856613103,0,0,376.935941249182,246.10993964953101,0,61.47749581909401,293.0451537846288,79.87348214934923,227.15043990402094,0,0,0,0,129.29906202283138,0,130.57151167018105,0,0,0,144.38667926997744,0,1356.6676361521122,225.09634261615648,0,0,0,0,684.8869337599069,0,0,71.62073729368139,0,0,154.6571657092998
2019-05-08 11:18:12,497.3636363636363,0,0,377.47272727272724,263.99999999999994,0,59.45454545454545,322.8,53.50909090909091,266.9272727272727,0,0,0,0,108.59999999999998,0,112.09090909090908,0,0,0,149.96363636363637,0,1342.4181818181817,245.85454545454544,0,0,0,0,688.2,0,0,70.58181818181818,0,0,136.34545454545454
2019-05-08 11:18:09,497.3636363636363,0,0,377.47272727272724,263.99999999999994,0,59.45454545454545,322.8,53.50909090909091,266.9272727272727,0,0,0,0,108.59999999999998,0,112.09090909090908,0,0,0,149.96363636363637,0,1342.4181818181817,245.85454545454544,0,0,0,0,688.2,0,0,70.58181818181818,0,0,136.34545454545454
2019-05-08 11:18:06,550.0727272727272,0,0,346.49090909090904,269.16363636363633,0,79.78181818181818,341.52727272727265,53.25454545454545,266.1272727272727,0,0,0,0,108.63636363636364,0,132.89090909090908,0,0,0,152.2,0,1390.7818181818182,243.5272727272727,0,0,0,0,650.5454545454545,0,0,69.29090909090908,0,0,113.43636363636364
2019-05-08 11:18:03,550.0727272727272,0,0,346.49090909090904,269.16363636363633,0,79.78181818181818,341.52727272727265,53.25454545454545,266.1272727272727,0,0,0,0,108.63636363636364,0,132.89090909090908,0,0,0,152.2,0,1390.7818181818182,243.5272727272727,0,0,0,0,650.5454545454545,0,0,69.29090909090908,0,0,113.43636363636364
2019-05-08 11:18:00,570,0,0,325.6545454545454,290.09090909090907,0,78.7090909090909,345.96363636363634,73.83636363636363,267.0363636363636,0,0,0,0,105.29090909090908,0,152.87272727272727,0,0,0,185.3272727272727,0,1389.4727272727273,246.09090909090907,0,0,0,0,624.9454545454545,0,0,90.21818181818182,0,0,114.27272727272727
2019-05-08 11:17:57,540.690909090909,0,0,346.49090909090904,317.6909090909091,0,72.61818181818181,330.3454545454545,94.05454545454545,286.3818181818181,0,0,0,0,143.4181818181818,0,154.58181818181816,0,0,0,207.09090909090907,0,1350.7090909090907,246.56363636363633,0,0,0,0,647.5818181818181,0,0,103.76363636363635,0,0,113.07272727272726
2019-05-08 11:17:54,540.690909090909,0,0,346.49090909090904,317.6909090909091,0,72.61818181818181,330.3454545454545,94.05454545454545,286.3818181818181,0,0,0,0,143.4181818181818,0,154.58181818181816,0,0,0,207.09090909090907,0,1350.7090909090907,246.56363636363633,0,0,0,0,647.5818181818181,0,0,103.76363636363635,0,0,113.07272727272726
2019-05-08 11:17:51,608.1454545454545,0,0,324.0545454545454,361.6909090909091,0,112.58181818181816,308.2545454545454,90.85454545454544,302.18181818181813,0,0,0,0,141.94545454545454,0,168.4,0,0,0,208.43636363636364,0,1426.9818181818182,224.7272727272727,0,0,0,0,699.2,0,0,127.76363636363635,0,0,128.6
2019-05-08 11:17:48,608.1454545454545,0,0,324.0545454545454,361.6909090909091,0,112.58181818181816,308.2545454545454,90.85454545454544,302.18181818181813,0,0,0,0,141.94545454545454,0,168.4,0,0,0,208.43636363636364,0,1426.9818181818182,224.7272727272727,0,0,0,0,699.2,0,0,127.76363636363635,0,0,128.6
2019-05-08 11:17:45,625.4545454545455,0,0,263.4,376.27272727272725,0,108.25454545454545,291.8,125.49090909090908,299.2545454545454,0,0,0,0,178.8181818181818,0,186.5090909090909,0,0,0,227.49090909090907,0,1458.4,240.34545454545454,0,0,0,0,676.1272727272727,0,0,126.23636363636363,0,0,89
2019-05-08 11:17:42,581.9818181818181,0,0,251.0181818181818,388.09090909090907,0,132.87272727272727,272.7090909090909,173.27272727272728,328.54545454545456,0,0,0,0,189.1272727272727,0,199.94545454545454,0,0,0,252.27272727272728,0,1416.1090909090906,249.3090909090909,0,0,0,0,615.3818181818182,0,0,154.9090909090909,0,0,70.52727272727272
2019-05-08 11:17:39,581.9818181818181,0,0,251.0181818181818,388.09090909090907,0,132.87272727272727,272.7090909090909,173.27272727272728,328.54545454545456,0,0,0,0,189.1272727272727,0,199.94545454545454,0,0,0,252.27272727272728,0,1416.1090909090906,249.3090909090909,0,0,0,0,615.3818181818182,0,0,154.9090909090909,0,0,70.52727272727272
2019-05-08 11:17:36,535.8363636363636,0,0,297.1454545454545,344.74545454545455,0,128.96363636363634,281.78181818181815,196.87272727272727,313.54545454545456,0,0,0,0,215.18181818181816,0,218.65454545454543,0,0,0,248.14545454545453,0,1430,287.8727272727273,0,0,0,0,655.7272727272726,0,0,149.96363636363637,0,0,101.1090909090909
2019-05-08 11:17:33,535.8363636363636,0,0,297.1454545454545,344.74545454545455,0,128.96363636363634,281.78181818181815,196.87272727272727,313.54545454545456,0,0,0,0,215.18181818181816,0,218.65454545454543,0,0,0,248.14545454545453,0,1430,287.8727272727273,0,0,0,0,655.7272727272726,0,0,149.96363636363637,0,0,101.1090909090909
2019-05-08 11:17:30,575.5636363636363,0,0,337.18181818181813,380.56363636363636,0,129.99999999999997,256.4181818181818,196.09090909090907,305.3636363636363,0,0,0,0,192.8181818181818,0,238.76363636363632,0,0,0,273.8909090909091,0,1442,266.4363636363636,0,0,0,0,689.1272727272727,0,0,150.1272727272727,0,0,104.09090909090908
2019-05-08 11:17:27,576.7636363636362,0,0,378.6181818181818,386.6181818181818,0,179,275.18181818181813,200.6,307.6727272727273,0,0,0,0,172.09090909090907,0,240.76363636363632,0,0,0,276.6363636363636,0,1413.8181818181815,249.83636363636361,0,0,0,0,726.2545454545453,0,0,199.56363636363633,0,0,84.01818181818182
2019-05-08 11:17:24,576.7636363636362,0,0,378.6181818181818,386.6181818181818,0,179,275.18181818181813,200.6,307.6727272727273,0,0,0,0,172.09090909090907,0,240.76363636363632,0,0,0,276.6363636363636,0,1413.8181818181815,249.83636363636361,0,0,0,0,726.2545454545453,0,0,199.56363636363633,0,0,84.01818181818182
2019-05-08 11:17:21,560.1272727272727,0,0,394.32727272727266,369.3454545454545,0,169.63636363636363,334.09090909090907,199.36363636363635,326.7090909090909,0,0,0,0,195.96363636363634,0,246.76363636363632,0,0,0,270.16363636363633,0,1436.7090909090907,285.52727272727276,0,0,0,0,810.2181818181817,0,0,192.6181818181818,0,0,106.79999999999998
2019-05-08 11:17:18,560.1272727272727,0,0,394.32727272727266,369.3454545454545,0,169.63636363636363,334.09090909090907,199.36363636363635,326.7090909090909,0,0,0,0,195.96363636363634,0,246.76363636363632,0,0,0,270.16363636363633,0,1436.7090909090907,285.52727272727276,0,0,0,0,810.2181818181817,0,0,192.6181818181818,0,0,106.79999999999998
2019-05-08 11:17:15,577.7636363636362,0,0,433.50909090909084,358.0545454545454,0,168.67272727272726,295.29090909090905,219.05454545454543,322.8,0,0,0,0,213.94545454545454,0,242.58181818181816,0,0,0,265.3636363636363,0,1466.6363636363635,243.5272727272727,0,0,0,0,799.1454545454545,0,0,193,0,0,103.63636363636364
2019-05-08 11:17:12,535.8545454545454,0.9272727272727272,0,422.10909090909087,330.7090909090909,1.2727272727272727,155.16363636363636,270.2363636363636,225.5272727272727,337.2363636363636,1.0727272727272728,10.09090909090909,0.43636363636363634,0.6727272727272726,218.78181818181818,0,231.27272727272728,0,0,0,272.3272727272727,0,1425.1636363636362,242.7272727272727,13.927272727272728,1.727272727272727,1.1636363636363636,1.3454545454545452,795.3272727272727,0.909090909090909,0.5454545454545454,203.5090909090909,0.5636363636363636,0,103.78181818181817
2019-05-08 11:17:09,535.8545454545454,0.9272727272727272,0,422.10909090909087,330.7090909090909,1.2727272727272727,155.16363636363636,270.2363636363636,225.5272727272727,337.2363636363636,1.0727272727272728,10.09090909090909,0.43636363636363634,0.6727272727272726,218.78181818181818,0,231.27272727272728,0,0,0,272.3272727272727,0,1425.1636363636362,242.7272727272727,13.927272727272728,1.727272727272727,1.1636363636363636,1.3454545454545452,795.3272727272727,0.909090909090909,0.5454545454545454,203.5090909090909,0.5636363636363636,0,103.78181818181817
2019-05-08 11:17:06,498.30909090909086,33.490909090909085,0,418.4181818181818,309.78181818181815,33.90909090909091,165.3272727272727,264.45454545454544,210.38181818181818,379.8727272727273,6.999999999999999,13.454545454545455,23.745454545454542,16.999999999999996,219.65454545454543,0,207.65454545454543,0,2.5636363636363635,0,259.3818181818182,0,1378.2363636363634,240.45454545454544,19.018181818181816,14.254545454545454,52.599999999999994,13.67272727272727,714.8181818181818,13.69090909090909,34.65454545454545,190,24.327272727272724,0,117.74545454545454
2019-05-08 11:17:03,498.30909090909086,33.490909090909085,0,418.4181818181818,309.78181818181815,33.90909090909091,165.3272727272727,264.45454545454544,210.38181818181818,379.8727272727273,6.999999999999999,13.454545454545455,23.745454545454542,16.999999999999996,219.65454545454543,0,207.65454545454543,0,2.5636363636363635,0,259.3818181818182,0,1378.2363636363634,240.45454545454544,19.018181818181816,14.254545454545454,52.599999999999994,13.67272727272727,714.8181818181818,13.69090909090909,34.65454545454545,190,24.327272727272724,0,117.74545454545454
2019-05-08 11:17:00,492.99999999999994,38.2,0,415.7090909090909,279.54545454545456,45.92727272727272,166.63636363636363,268.45454545454544,229.85454545454544,399.0181818181818,24.14545454545454,31.818181818181817,34.945454545454545,42.836363636363636,179.18181818181816,0,204.43636363636364,0,2.5636363636363635,0,243.9090909090909,0,1416.3636363636363,259.0363636363636,62.599999999999994,65.96363636363635,57.16363636363636,15.309090909090909,731.2545454545453,17.218181818181815,66.1090909090909,169.45454545454544,30.545454545454543,0,121.12727272727271
2019-05-08 11:16:57,481.12727272727267,45.14545454545454,0,410.30909090909086,247.7090909090909,50.018181818181816,126.87272727272726,244.7090909090909,248.2363636363636,430.2363636363636,41.25454545454545,33.418181818181814,48.945454545454545,45.418181818181814,183.49090909090907,0,177.9090909090909,0,2.5636363636363635,0,237.07272727272726,0,1365.9454545454544,255.1090909090909,86.16363636363636,113.23636363636363,59.61818181818182,22.30909090909091,690.9818181818181,20.818181818181817,116.67272727272727,144.2,33.61818181818182,0,119.63636363636364
2019-05-08 11:16:54,481.12727272727267,45.14545454545454,0,410.30909090909086,247.7090909090909,50.018181818181816,126.87272727272726,244.7090909090909,248.2363636363636,430.2363636363636,41.25454545454545,33.418181818181814,48.945454545454545,45.418181818181814,183.49090909090907,0,177.9090909090909,0,2.5636363636363635,0,237.07272727272726,0,1365.9454545454544,255.1090909090909,86.16363636363636,113.23636363636363,59.61818181818182,22.30909090909091,690.9818181818181,20.818181818181817,116.67272727272727,144.2,33.61818181818182,0,119.63636363636364
2019-05-08 11:16:51,421.4545454545454,66.78181818181818,0,393.0363636363636,246.58181818181816,81.12727272727271,147.18181818181816,281.56363636363636,271.2363636363636,501.98181818181814,65.83636363636363,36.10909090909091,72.47272727272727,68.98181818181818,201.0181818181818,0,193.87272727272727,0,2.5636363636363635,0,232.03636363636363,0,1364.2181818181816,249.1272727272727,110.85454545454544,122.76363636363635,82.2,59.89090909090908,731.4363636363636,30.018181818181816,149.7272727272727,177.36363636363635,65.34545454545454,0,163.7090909090909
2019-05-08 11:16:48,421.4545454545454,66.78181818181818,0,393.0363636363636,246.58181818181816,81.12727272727271,147.18181818181816,281.56363636363636,271.2363636363636,501.98181818181814,65.83636363636363,36.10909090909091,72.47272727272727,68.98181818181818,201.0181818181818,0,193.87272727272727,0,2.5636363636363635,0,232.03636363636363,0,1364.2181818181816,249.1272727272727,110.85454545454544,122.76363636363635,82.2,59.89090909090908,731.4363636363636,30.018181818181816,149.7272727272727,177.36363636363635,65.34545454545454,0,163.7090909090909
2019-05-08 11:16:45,406.3636363636363,70.29090909090908,0,409.6545454545454,222.9272727272727,86.47272727272727,155.3090909090909,277.9090909090909,241.16363636363633,580.8909090909091,71.7090909090909,59.236363636363635,92.72727272727272,82.49090909090908,183.5090909090909,0,174.0181818181818,0,16.509090909090908,0,203.5272727272727,0,1345.5272727272725,237.9090909090909,135.9272727272727,131.9090909090909,89,67.89090909090909,749.1636363636363,77.56363636363635,152.7272727272727,170.47272727272727,69.32727272727271,0,197.4181818181818
2019-05-08 11:16:42,402.7090909090909,91.7090909090909,0,358.94545454545454,199.03636363636363,98.4,155,245.85454545454544,215.34545454545454,642.4727272727272,74.85454545454544,81.16363636363636,99.87272727272726,93.36363636363635,156.36363636363637,0,161.78181818181818,0,16.509090909090908,0,221.69090909090906,0,1285.6363636363635,194.8181818181818,147.89090909090908,167.0181818181818,112.09090909090908,109.03636363636363,729.2,118.83636363636363,155.5090909090909,189.5272727272727,91.2,0,170.0181818181818
2019-05-08 11:16:39,402.7090909090909,91.7090909090909,0,358.94545454545454,199.03636363636363,98.4,155,245.85454545454544,215.34545454545454,642.4727272727272,74.85454545454544,81.16363636363636,99.87272727272726,93.36363636363635,156.36363636363637,0,161.78181818181818,0,16.509090909090908,0,221.69090909090906,0,1285.6363636363635,194.8181818181818,147.89090909090908,167.0181818181818,112.09090909090908,109.03636363636363,729.2,118.83636363636363,155.5090909090909,189.5272727272727,91.2,0,170.0181818181818
2019-05-08 11:16:36,450.7090909090909,114.56363636363635,0,298.58181818181816,181.05454545454543,121.74545454545454,161.7090909090909,238.69090909090906,250.96363636363634,731.5090909090908,84.92727272727272,113.1090909090909,102.9090909090909,120.98181818181817,165.23636363636362,0,162.49090909090907,0,16.509090909090908,0,194.36363636363635,0,1291,165.43636363636364,213.1272727272727,216.59999999999997,120.36363636363635,131.63636363636363,708.6,133.05454545454546,199.8181818181818,184.67272727272726,95.7090909090909,0,170.85454545454544
2019-05-08 11:16:33,450.7090909090909,114.56363636363635,0,298.58181818181816,181.05454545454543,121.74545454545454,161.7090909090909,238.69090909090906,250.96363636363634,731.5090909090908,84.92727272727272,113.1090909090909,102.9090909090909,120.98181818181817,165.23636363636362,0,162.49090909090907,0,16.509090909090908,0,194.36363636363635,0,1291,165.43636363636364,213.1272727272727,216.59999999999997,120.36363636363635,131.63636363636363,708.6,133.05454545454546,199.8181818181818,184.67272727272726,95.7090909090909,0,170.85454545454544
2019-05-08 11:16:30,428.50909090909084,132.6909090909091,0,236.85454545454544,148.36363636363637,125.29090909090908,140.94545454545454,221.5272727272727,247.7272727272727,787.4,88.92727272727272,136.27272727272728,115.18181818181817,146.58181818181816,224.43636363636364,0,158.98181818181817,0,48.70909090909091,0,181.8,0,1299.4181818181817,166.23636363636362,219.07272727272726,226.8181818181818,124.6181818181818,146.74545454545452,626.3090909090909,157.2,204.03636363636363,138.45454545454544,119.72727272727272,0,174.45454545454544
2019-05-08 11:16:27,457.56363636363636,139.34545454545454,0,207.18181818181816,140.05454545454543,127.89090909090909,159.4181818181818,154.83636363636364,253.05454545454543,804.0545454545453,91.18181818181817,163.49090909090907,117.41818181818182,165.6,229.36363636363635,0,129.43636363636364,0,48.70909090909091,0,176.1272727272727,0,1270.0181818181816,145.3090909090909,222.0181818181818,243.3272727272727,126.67272727272727,149.16363636363636,543.4363636363636,178.74545454545452,215.79999999999998,135.85454545454544,122.19999999999999,0,183.58181818181816
2019-05-08 11:16:24,457.56363636363636,139.34545454545454,0,207.18181818181816,140.05454545454543,127.89090909090909,159.4181818181818,154.83636363636364,253.05454545454543,804.0545454545453,91.18181818181817,163.49090909090907,117.41818181818182,165.6,229.36363636363635,0,129.43636363636364,0,48.70909090909091,0,176.1272727272727,0,1270.0181818181816,145.3090909090909,222.0181818181818,243.3272727272727,126.67272727272727,149.16363636363636,543.4363636363636,178.74545454545452,215.79999999999998,135.85454545454544,122.19999999999999,0,183.58181818181816
2019-05-08 11:16:21,496.2363636363636,156.34545454545454,0,185.87272727272727,152.0181818181818,162.78181818181818,164.74545454545452,148.14545454545453,235.29090909090908,836.8727272727272,95.27272727272727,178.54545454545453,120.92727272727272,173.65454545454543,235.5090909090909,0,123.54545454545453,0,48.70909090909091,0,175.2181818181818,0,1279.7636363636364,163.54545454545453,227.03636363636363,267.7272727272727,148.67272727272726,153.34545454545454,558.7454545454545,183.7272727272727,257.76363636363635,135.0909090909091,156.2,0,208.69090909090906
2019-05-08 11:16:18,496.2363636363636,156.34545454545454,0,185.87272727272727,152.0181818181818,162.78181818181818,164.74545454545452,148.14545454545453,235.29090909090908,836.8727272727272,95.27272727272727,178.54545454545453,120.92727272727272,173.65454545454543,235.5090909090909,0,123.54545454545453,0,48.70909090909091,0,175.2181818181818,0,1279.7636363636364,163.54545454545453,227.03636363636363,267.7272727272727,148.67272727272726,153.34545454545454,558.7454545454545,183.7272727272727,257.76363636363635,135.0909090909091,156.2,0,208.69090909090906
2019-05-08 11:16:15,502.8545454545454,203.49090909090907,0,192.23636363636362,156.7090909090909,185.63636363636363,159.16363636363636,147.87272727272727,254.5090909090909,916.7272727272726,97.32727272727271,186.8181818181818,129.3090909090909,207.34545454545454,229.09090909090907,0,113.16363636363636,0,49.16363636363636,0,165.58181818181816,0,1280.8,209.2181818181818,238.03636363636363,303.3454545454545,172.8,166.78181818181818,576.3272727272727,206.34545454545454,260.6181818181818,123.03636363636363,195.47272727272727,0,210.79999999999998
2019-05-08 11:16:12,520.7818181818182,185.3090909090909,0,173.05454545454543,160.1090909090909,167.47272727272727,150.54545454545453,143.07272727272726,248.94545454545454,948.4181818181818,103.76363636363635,194.1272727272727,107.76363636363635,193.83636363636364,228.38181818181818,0,112.32727272727271,0,46.6,0,150.58181818181816,0,1323.090909090909,209.36363636363635,247.65454545454543,293.8363636363636,129.43636363636364,155.83636363636364,583.5818181818181,197.25454545454542,248.67272727272726,116.29090909090908,205.47272727272727,0,220.16363636363633
2019-05-08 11:16:09,520.7818181818182,185.3090909090909,0,173.05454545454543,160.1090909090909,167.47272727272727,150.54545454545453,143.07272727272726,248.94545454545454,948.4181818181818,103.76363636363635,194.1272727272727,107.76363636363635,193.83636363636364,228.38181818181818,0,112.32727272727271,0,46.6,0,150.58181818181816,0,1323.090909090909,209.36363636363635,247.65454545454543,293.8363636363636,129.43636363636364,155.83636363636364,583.5818181818181,197.25454545454542,248.67272727272726,116.29090909090908,205.47272727272727,0,220.16363636363633
2019-05-08 11:16:06,560.3090909090909,222.09090909090907,0,189.74545454545452,166.85454545454544,166.94545454545454,155.89090909090908,130.9090909090909,209.4181818181818,981.7454545454544,95.2,218.6181818181818,98.56363636363635,187.5272727272727,228.5090909090909,0,134.1090909090909,0,46.6,0,161.03636363636363,0,1310.1636363636362,188.8181818181818,248.59999999999997,252.05454545454543,150.3272727272727,175.7272727272727,519.2181818181818,200.78181818181818,220.1272727272727,144.29090909090908,202.07272727272726,0,241.5272727272727
2019-05-08 11:16:03,560.3090909090909,222.09090909090907,0,189.74545454545452,166.85454545454544,166.94545454545454,155.89090909090908,130.9090909090909,209.4181818181818,981.7454545454544,95.2,218.6181818181818,98.56363636363635,187.5272727272727,228.5090909090909,0,134.1090909090909,0,46.6,0,161.03636363636363,0,1310.1636363636362,188.8181818181818,248.59999999999997,252.05454545454543,150.3272727272727,175.7272727272727,519.2181818181818,200.78181818181818,220.1272727272727,144.29090909090908,202.07272727272726,0,241.5272727272727
2019-05-08 11:16:00,521.7454545454545,229.9272727272727,0,214.83636363636364,148.63636363636363,186.25454545454542,187.8181818181818,138,212.43636363636364,978.8545454545454,82.5090909090909,220.59999999999997,112.76363636363635,196.0181818181818,224.78181818181818,0,134.0181818181818,0,46.6,0,211.56363636363633,0,1278.490909090909,230.34545454545454,235.3272727272727,221.49090909090907,151.38181818181818,176.2181818181818,463.32727272727266,202.1272727272727,180.5272727272727,145.05454545454543,227.05454545454543,0,256.2181818181818
2019-05-08 11:15:57,543.8545454545454,230.7090909090909,0,212.27272727272728,141.45454545454544,164.29090909090908,175.29090909090908,118.07272727272726,171.89090909090908,959.6363636363636,101.72727272727272,219.98181818181817,112.63636363636364,179.27272727272728,191.36363636363635,0,122.87272727272726,0,47.81818181818182,0,189.27272727272728,0,1218.9636363636362,214.58181818181816,234.9090909090909,254.7090909090909,163.43636363636364,177.9090909090909,433.6909090909091,195.74545454545452,175.2181818181818,110.56363636363635,218.3272727272727,0,256.7090909090909
2019-05-08 11:15:54,543.8545454545454,230.7090909090909,0,212.27272727272728,141.45454545454544,164.29090909090908,175.29090909090908,118.07272727272726,171.89090909090908,959.6363636363636,101.72727272727272,219.98181818181817,112.63636363636364,179.27272727272728,191.36363636363635,0,122.87272727272726,0,47.81818181818182,0,189.27272727272728,0,1218.9636363636362,214.58181818181816,234.9090909090909,254.7090909090909,163.43636363636364,177.9090909090909,433.6909090909091,195.74545454545452,175.2181818181818,110.56363636363635,218.3272727272727,0,256.7090909090909
2019-05-08 11:15:51,577.8363636363636,229.9090909090909,0,189.6181818181818,159.0181818181818,190.6,153.49090909090907,117.5090909090909,151.89090909090908,938.1818181818181,103.36363636363635,221.54545454545453,99.32727272727271,188.98181818181817,176.4181818181818,0,175.09090909090907,0,33.87272727272727,0,189.38181818181818,0,1226.5454545454545,214.87272727272727,246.58181818181816,257.58181818181816,161.5090909090909,172.9272727272727,414.8545454545454,152.05454545454543,217.7090909090909,84.78181818181817,217.58181818181816,0,224.78181818181818
2019-05-08 11:15:48,577.8363636363636,229.9090909090909,0,189.6181818181818,159.0181818181818,190.6,153.49090909090907,117.5090909090909,151.89090909090908,938.1818181818181,103.36363636363635,221.54545454545453,99.32727272727271,188.98181818181817,176.4181818181818,0,175.09090909090907,0,33.87272727272727,0,189.38181818181818,0,1226.5454545454545,214.87272727272727,246.58181818181816,257.58181818181816,161.5090909090909,172.9272727272727,414.8545454545454,152.05454545454543,217.7090909090909,84.78181818181817,217.58181818181816,0,224.78181818181818
2019-05-08 11:15:45,543.8545454545454,232.99999999999997,0,221.99999999999997,159.4,182.3090909090909,154.05454545454543,138.38181818181818,164.85454545454544,933.6363636363636,113.79999999999998,201.36363636363635,95.69090909090909,201.2,179.1272727272727,0,163.56363636363636,0,33.87272727272727,0,166.9272727272727,0,1237.1636363636362,215.94545454545454,238.3090909090909,238.69090909090906,142.27272727272728,161.8,373.76363636363635,135.0181818181818,262.29090909090905,66.45454545454545,199.38181818181818,0,226.2181818181818
2019-05-08 11:15:42,441.07272727272726,225.7272727272727,0,223.27272727272728,175.7090909090909,161.58181818181816,147.4181818181818,123.92727272727272,143.4181818181818,943.8909090909091,127.74545454545454,171.9090909090909,101.01818181818182,175.9272727272727,193.6,0,135.76363636363635,0,54.090909090909086,0,166.1272727272727,0,1214.890909090909,204.4181818181818,182.85454545454544,213.96363636363634,146.5090909090909,151.34545454545454,334.56363636363636,123.96363636363635,251.39999999999998,68.27272727272727,218.56363636363633,0,225.3090909090909
2019-05-08 11:15:39,441.07272727272726,225.7272727272727,0,223.27272727272728,175.7090909090909,161.58181818181816,147.4181818181818,123.92727272727272,143.4181818181818,943.8909090909091,127.74545454545454,171.9090909090909,101.01818181818182,175.9272727272727,193.6,0,135.76363636363635,0,54.090909090909086,0,166.1272727272727,0,1214.890909090909,204.4181818181818,182.85454545454544,213.96363636363634,146.5090909090909,151.34545454545454,334.56363636363636,123.96363636363635,251.39999999999998,68.27272727272727,218.56363636363633,0,225.3090909090909
2019-05-08 11:15:36,418.56363636363636,234.89090909090908,0,241.34545454545454,164.29090909090908,162.3090909090909,117.56363636363635,96.03636363636363,142.58181818181816,972.0181818181817,187.38181818181818,156.63636363636363,93.3090909090909,173.25454545454542,132.8181818181818,0,148.76363636363638,0,27.054545454545455,0,155.9090909090909,0,1234.9272727272726,248.94545454545454,188.3090909090909,206.85454545454544,144.56363636363636,172.43636363636364,354.8363636363636,102.25454545454545,249.54545454545453,60.45454545454545,225.78181818181818,0,222.58181818181816
2019-05-08 11:15:33,418.56363636363636,234.89090909090908,0,241.34545454545454,164.29090909090908,162.3090909090909,117.56363636363635,96.03636363636363,142.58181818181816,972.0181818181817,187.38181818181818,156.63636363636363,93.3090909090909,173.25454545454542,132.8181818181818,0,148.76363636363638,0,26.59806787878788,0,155.9090909090909,0,1234.9272727272726,248.94545454545454,188.3090909090909,206.85454545454544,144.56363636363636,172.43636363636364,354.8363636363636,102.25454545454545,249.54545454545453,60.45454545454545,222.30992848484848,0,222.58181818181816
2019-05-08 11:15:30,382.0545454545454,230.56363636363633,0,227.23636363636362,174.94545454545454,168.45454545454544,97.49090909090908,118.76363636363635,151.09090909090907,999.9272727272727,187.7272727272727,130.9272727272727,92.32727272727271,155.58181818181816,104.18181818181817,0,149.1272727272727,0,27.054545454545455,0,174.49090909090907,0,1232.4181818181817,227.98181818181817,189.0181818181818,192.78181818181818,144.8181818181818,186.76363636363632,325.74545454545455,83.98181818181817,261.6545454545454,59.74545454545454,225.45454545454544,0,202.67272727272726
2019-05-08 11:15:27,323.8727272727273,245.29090909090908,0,205.99999999999997,156.25454545454542,136.87272727272727,100.96363636363635,131.83636363636364,183.69090909090906,984.4181818181818,187.0181818181818,124.16363636363636,90.23636363636363,149.9272727272727,77.65454545454546,0,160.36363636363637,0,27.054545454545455,0,179.6,0,1254.4727272727273,207.78181818181818,192.2181818181818,171.8181818181818,164.85454545454544,192.3272727272727,294.49090909090904,101.49090909090908,222.07272727272726,66.89090909090909,194.83636363636364,0,181.07272727272726
2019-05-08 11:15:24,323.8727272727273,240.44173272727272,0,205.99999999999997,156.25454545454542,136.87272727272727,100.96363636363635,131.83636363636364,183.69090909090906,984.4181818181818,187.0181818181818,124.16363636363636,90.23636363636363,149.9272727272727,77.65454545454546,0,160.36363636363637,0,27.04897696969697,0,178.3660133333333,0,1254.4727272727273,207.78181818181818,192.2181818181818,171.8181818181818,164.85454545454544,192.3272727272727,294.49090909090904,101.49090909090908,222.07272727272726,66.89090909090909,191.76386909090905,0,181.07272727272726
2019-05-08 11:15:21,301.3636363636363,200.1272727272727,0,201.83636363636364,160.25454545454542,133.99999999999997,104.89090909090909,157.38181818181818,198.18181818181816,936.8545454545454,186.76363636363632,113.49048303030303,98.94218424242425,124.72727272727272,123.92727272727272,0,159.3272727272727,0,27.582314545454548,0,177.6,0,1280.3272727272727,167.1090909090909,172.34545454545454,137.63636363636363,160.9272727272727,190.32897515151515,312.96363636363634,99.96363636363635,221.38181818181818,67.29090909090908,158.87272727272727,0,181.3272727272727
2019-05-08 11:15:18,299.8725303030303,191.7614806060606,0,201.83636363636364,160.25454545454542,133.99999999999997,104.89090909090909,157.38181818181818,189.20551515151516,936.8545454545454,186.76363636363632,107.80593757575757,93.94582060606061,124.72727272727272,123.92727272727272,0,159.3272727272727,0,26.190496363636367,0,170.0327466666667,0,1280.3272727272727,167.1090909090909,166.2549521212121,137.63636363636363,160.9272727272727,180.7462478787879,312.96363636363634,99.96363636363635,221.38181818181818,67.29090909090908,151.5815527272727,0,177.89277393939395
2019-05-08 11:15:15,288.2849072727273,184.6914696969697,0,232.38206121212122,150.7090909090909,129.87188848484848,112.94545454545454,171.23067212121214,192.56220606060606,922.9272727272727,186.48146242424244,101.39942545454545,95.61673151515153,168.03677878787877,121.98181818181817,0,192.5098127272727,0,27.127368484848486,0,162.1262278787879,0,1278.909090909091,172.90670666666665,157.9964890909091,136.9090909090909,159.0879296969697,185.88850545454545,342.6181818181818,115.55902181818183,225.85113030303032,65.69090909090909,124.51208666666666,0,159.5554824242424
2019-05-08 11:15:12,209.77758424242427,150.0143412121212,0,198.93722181818183,162.4,123.01708060606059,124.54989575757577,154.28222909090908,194.4890206060606,888.8727272727272,184.4897709090909,62.29973939393939,96.95121151515151,154.45316666666668,139.30345818181817,0,171.37756545454542,0,28.074726666666667,0,143.70283878787876,0,1268.9636363636362,176.05868303030303,118.58181818181816,147.96117818181816,139.30262424242426,170.9472521212121,383.27272727272725,112.59890666666666,230.79282181818184,74.54017333333333,125.96363636363635,0,137.98181818181817
2019-05-08 11:15:09,199.24485696969697,142.48070484848486,0,188.95176727272727,154.36258666666666,116.86526242424243,118.30262303030302,146.53495636363635,184.74720242424243,866.7384315151515,175.23704363636364,59.18155757575757,92.08666606060606,146.7031666666667,132.3089127272727,0,162.77120181818182,0,26.664726666666663,0,136.50647515151516,0,1235.7283375757577,167.21959212121212,113.30586545454544,140.54663272727274,132.329896969697,162.37088848484848,380.6132848484848,106.95890666666668,219.2073672727273,70.80017333333332,119.76477090909093,0,131.60488545454547
2019-05-08 11:15:06,185.20874199999997,133.87961733333336,0,169.8653153333333,155.67553533333333,98.68834666666666,88.13695933333334,144.04520599999998,168.367986,840.7018186666666,178.19654333333335,58.11854466666667,68.16746666666667,141.92445600000002,135.32823066666668,0,167.01005066666667,0,27.778532666666667,0,88.47522333333335,0,1184.7527366666666,111.24992933333333,107.85842933333332,129.954142,134.38331533333334,161.77111866666667,387.01640533333335,106.54551199999999,217.565806,70.801134,97.12124333333333,0,100.73696
2019-05-08 11:15:03,174.87174199999998,126.40561733333334,0,160.3883153333333,147.02853533333334,93.20834666666666,83.22595933333334,136.00420599999998,158.996986,795.2298186666666,168.26154333333335,54.88554466666667,64.36746666666666,134.008456,127.77423066666667,0,157.68605066666666,0,26.22753266666667,0,83.56022333333334,0,1120.6077366666666,105.04392933333334,101.90242933333334,122.717142,126.90631533333334,152.74911866666665,366.42440533333337,100.61351199999999,205.424806,66.85213399999999,91.73624333333332,0,95.17696
2019-05-08 11:15:00,158.94700962962963,110.3530437037037,0,144.81127111111113,136.68030666666667,88.52331333333333,76.42647185185184,119.78564888888887,142.70270962962962,767.9572555555555,133.32042518518517,55.35002296296297,44.54447185185185,133.45208074074074,106.96018666666667,0,134.18337851851854,0,26.23290074074074,0,67.8778414814815,0,1089.8248377777777,107.22217777777777,82.8842437037037,86.73238074074075,98.98453925925926,121.50691703703706,327.0570592592593,102.42272074074074,187.77380370370372,66.46988444444445,73.51694814814816,0,54.47943333333333
2019-05-08 11:14:57,106.86256,113.55842333333334,0,132.83740000000003,118.49298833333334,60.867803333333335,66.125635,123.66938833333333,146.01357833333336,705.8763225,132.8403641666667,33.047157500000004,39.838099166666666,116.89511333333331,110.37173333333334,0,84.27927583333332,0,27.654929999999997,0,64.60438166666667,0,1033.9799974999999,89.87927749999999,49.67283333333333,79.10377083333334,99.33258000000001,124.99075333333333,278.87368000000004,104.01015416666665,151.34786416666665,66.86568000000001,74.14979833333334,0,51.79990333333334
2019-05-08 11:14:54,99.70256,105.94342333333334,0,123.9374,110.60048833333333,56.822803333333326,61.703135,115.37688833333335,136.25607833333333,660.2975725,123.94911416666669,30.8459075,37.174349166666666,109.06511333333333,102.97173333333333,0,78.63052583333334,0,25.79993,0,60.30188166666666,0,967.0387475,83.85802749999999,46.42283333333333,73.82252083333334,92.70258,116.62075333333334,261.39368,97.05390416666667,141.2066141666667,62.38568,69.22229833333333,0,48.40490333333333
2019-05-08 11:14:51,97.96028000000001,87.52062476190477,0,76.70795238095238,112.95835142857143,56.54625142857142,62.924093333333325,99.10983619047619,128.0234638095238,621.9217180952381,117.67688952380952,30.93198571428572,35.86272571428571,92.26086285714287,104.67497714285716,0,80.59007904761906,0,27.363253333333333,0,60.07649238095238,0,908.8713476190476,86.61062761904762,45.42100285714285,61.83592095238096,94.38343619047617,93.25067142857144,253.3854761904762,78.35235047619047,101.74932571428573,62.84428190476191,69.65262857142856,0,45.793077142857136
2019-05-08 11:14:48,90.38028,80.74348190476192,0,70.77938095238096,104.27120857142857,52.20910857142857,58.06409333333333,91.43555047619047,118.14774952380952,575.7845752380952,108.5826038095238,28.553414285714286,33.09415428571428,85.12657714285714,96.56926285714286,0,74.35150761904761,0,25.24325333333333,0,55.45792095238096,0,841.2499190476191,79.90919904761905,41.99671714285714,57.074492380952385,87.10915047619048,86.04352857142858,235.1711904761905,72.3066361904762,93.88075428571429,57.98142476190476,64.30977142857144,0,42.33736285714286
2019-05-08 11:14:45,88.52242999999999,70.70951444444445,0,71.75112555555556,67.34960222222222,53.13478666666666,58.27228333333333,95.30417777777778,108.20975333333331,486.4990477777777,92.01189444444444,28.006968888888885,26.99869111111111,88.60876111111111,77.62909222222223,0,75.84886777777777,0,6.774253333333332,0,51.127403333333326,0,788.1090333333334,83.23775222222223,35.01976777777778,36.1301488888889,80.55110666666666,79.79397,247.15584333333337,74.08249111111111,66.91758888888889,57.701477777777775,45.00279222222221,0,40.09095555555555
2019-05-08 11:14:42,72.90383600000001,47.33961866666666,0,54.50147866666667,68.31446000000001,53.20505733333333,61.371616,101.60463200000001,114.77264666666666,418.59894666666673,30.955606666666668,21.90974133333333,24.442964000000003,71.587728,82.75630133333333,0,65.37307200000001,0,1.7589493333333333,0,47.16545733333333,0,717.8325226666668,33.36903066666667,25.641957333333334,35.95527333333334,85.22889733333335,47.522952000000004,242.98981066666664,78.05663466666667,70.33728,61.29454666666666,14.968574666666667,0,38.29956933333334
2019-05-08 11:14:39,65.55783600000001,42.56761866666667,0,49.01947866666667,61.50446000000001,47.891057333333336,55.195616,91.35263200000001,103.24264666666667,379.0189466666667,27.865606666666668,19.721741333333334,21.988964,64.379728,74.40830133333334,0,58.781072,0,1.5829493333333333,0,42.45145733333333,0,649.0165226666667,30.01503066666667,23.17795733333333,32.365273333333334,76.67489733333333,42.750952,220.30581066666667,70.20863466666668,63.25728,55.11454666666667,13.530574666666666,0,34.553569333333336
2019-05-08 11:14:36,50.403344999999995,44.691736666666664,0,53.514336666666665,53.11459333333334,43.57237333333334,59.18210833333333,74.72586999999999,95.36608833333331,328.81434333333334,28.05383,20.215565,23.018570000000004,69.94495,78.55704666666666,0,63.66680333333333,0,1.7545199999999999,0,23.329073333333334,0,606.5171516666667,31.527019999999997,21.610531666666663,33.218648333333334,82.50558333333333,29.214641666666672,219.74784333333335,74.30442666666666,44.22953833333334,59.341918333333325,12.602081666666667,0,22.544866666666664
2019-05-08 11:14:33,44.045845,39.04673666666667,0,46.76933666666667,46.50459333333333,38.132373333333334,51.71960833333333,65.28087,83.37358833333333,290.5793433333334,24.54883,17.688065,20.123569999999997,61.11995,68.62704666666667,0,55.62180333333333,0,1.53452,0,20.439073333333333,0,534.3696516666666,27.55702,19.033031666666666,29.066148333333334,72.13058333333333,25.552141666666667,194.26284333333336,64.94442666666666,38.662038333333335,51.84441833333334,11.099581666666666,0,19.844866666666668
2019-05-08 11:14:30,46.88638888888888,10.187859999999999,0,50.55464666666667,44.45674444444444,39.810902222222225,45.61887111111111,56.986239999999995,54.76954888888888,254.59592222222224,24.278631111111107,11.163766666666666,21.3876,67.05311555555556,76.21806666666666,0,49.02214,0,1.7471377777777775,0,10.115913333333333,0,440.1733933333333,29.486353333333334,12.635713333333333,29.362728888888892,36.69324888888889,18.551602222222225,173.50714222222223,49.66542888888888,41.46667555555555,47.940595555555554,8.894077777777776,0,17.203860000000002
2019-05-08 11:14:27,29.481346666666663,8.747323333333334,0,56.061236666666666,36.88560333333334,20.80975,45.50317333333333,33.04018666666667,7.394413333333333,229.88519666666667,26.284139999999997,3.214096666666667,1.6687933333333334,71.12668666666667,29.169713333333334,0,58.149269999999994,0,0.5066,0,7.359066666666667,0,335.5328233333333,22.630110000000002,8.623496666666666,32.21334,16.79129,4.031323333333334,155.12473333333335,32.138843333333334,47.94501,56.18953666666667,5.68166,0,13.489496666666668
2019-05-08 11:14:24,23.50134666666667,6.982323333333334,0,44.66623666666667,29.540603333333333,16.68475,36.26317333333334,26.320186666666668,6.0144133333333345,188.4301966666667,20.994139999999998,2.6090966666666664,1.3587933333333335,56.65668666666667,23.23971333333333,0,46.30427,0,0.4066,0,5.959066666666667,0,274.51782333333335,18.04511,7.118496666666668,25.723340000000004,13.47629,3.2663233333333332,127.22473333333333,25.65384333333333,38.21001,44.74453666666667,4.671660000000001,0,10.984496666666667
2019-05-08 11:14:21,0.6727272727272726,4.545454545454545,0,0.8,23.472727272727273,2.745454545454545,21.672727272727272,0.9999999999999999,2.9272727272727272,101.52727272727272,2.454545454545454,0.9818181818181818,0.4909090909090909,0.8727272727272727,20.745454545454546,0,0.9818181818181818,0,0.1818181818181818,0,2.836363636363636,0,140.47272727272727,1.0545454545454545,3.6909090909090905,21.763636363636362,1.5818181818181818,1.2545454545454544,80,1.818181818181818,0.618181818181818,40.32727272727273,2.1818181818181817,0,5.181818181818182
2019-05-08 11:14:18,0.6727272727272726,4.545454545454545,0,0.8,23.472727272727273,2.745454545454545,21.672727272727272,0.9999999999999999,2.9272727272727272,101.52727272727272,2.454545454545454,0.9818181818181818,0.4909090909090909,0.8727272727272727,20.745454545454546,0,0.9818181818181818,0,0.1818181818181818,0,2.836363636363636,0,140.47272727272727,1.0545454545454545,3.6909090909090905,21.763636363636362,1.5818181818181818,1.2545454545454544,80,1.818181818181818,0.618181818181818,40.32727272727273,2.1818181818181817,0,5.181818181818182
2019-05-08 11:14:15,2.9272727272727272,12.581818181818182,0,8.472727272727273,51.090909090909086,17.563636363636363,11.98181818181818,3,4.527272727272727,114.21818181818182,11.436363636363636,22.509090909090908,2.5818181818181816,2.5818181818181816,12.109090909090908,0,59.92727272727272,0,0.01818181818181818,0,8.49090909090909,0,210.19999999999996,10.327272727272726,13.29090909090909,34.672727272727265,14.018181818181818,6.581818181818181,82.14545454545454,29.799999999999997,3.236363636363636,8.054545454545455,13.199999999999998,0,16.363636363636363
2019-05-08 11:14:12,62.32440333333333,18.392206666666667,0,12.99403,140.3312566666667,55.47533333333333,52.91493333333334,19.395030000000002,33.583913333333335,191.56059333333332,16.749283333333334,53.32033,11.692493333333335,65.61025000000001,31.791633333333333,0,74.95571,0,22.190133333333332,0,37.40317666666667,0,333.68413,40.02758666666667,67.29584666666666,49.757106666666665,42.609323333333336,39.60085333333333,105.21110333333333,71.07243666666666,29.167223333333332,19.373693333333332,42.737343333333335,0,41.92655
2019-05-08 11:14:09,76.92940333333334,22.702206666666665,0,16.03903,173.21625666666668,68.47533333333334,65.31493333333334,23.94003,41.45391333333334,236.45059333333336,20.674283333333335,65.81533,14.432493333333333,80.98525,39.24163333333333,0,92.52071000000001,0,27.390133333333335,0,46.16817666666667,0,411.87913000000003,49.40758666666667,83.06584666666667,61.41710666666667,52.594323333333335,48.880853333333334,129.86610333333334,87.72743666666666,36.00222333333333,23.913693333333335,52.752343333333336,0,51.75155
