timestamp,accept,bind,clone,close,connect,dup,exit,fcntl,futex,getpid,getsockname,getsockopt,ioctl,list,madvise,mmap,mprotect,munmap,newfstat,newstat,open,poll,read,recvfrom,recvmsg,select,sendto,setsockopt,shutdown,socket,write
2019-05-08 12:06:09,486.6363636363636,249.47272727272727,154.67272727272726,181.74545454545452,264.47272727272724,150.38181818181818,207.39999999999998,185.89090909090908,1015.3272727272727,287.2363636363636,136.2181818181818,153.16363636363636,141.4,343.2363636363636,170.2,0,57.127272727272725,0,246.05454545454543,1304.2181818181816,227.03636363636363,166.25454545454542,211.59999999999997,262.74545454545455,260.0181818181818,503.0363636363636,249.14545454545453,375.2,136.98181818181817,359.4,304.92727272727274
2019-05-08 12:06:06,548.690909090909,247.69090909090906,174.4181818181818,200.5090909090909,284.6727272727273,151.54545454545453,229.27272727272728,185.14545454545453,968.9999999999999,288.0181818181818,104.85454545454544,179.74545454545452,142.18181818181816,351.2181818181818,169.9090909090909,0,62.74545454545454,0,244.69090909090906,1248.509090909091,234.98181818181817,167.6181818181818,244.1272727272727,275.09090909090907,314.4181818181818,529.8,225.16363636363633,407,157.2181818181818,326.07272727272726,304.94545454545454
2019-05-08 12:06:03,548.690909090909,247.69090909090906,174.4181818181818,200.5090909090909,284.6727272727273,151.54545454545453,229.27272727272728,185.14545454545453,968.9999999999999,288.0181818181818,104.85454545454544,179.74545454545452,142.18181818181816,351.2181818181818,169.9090909090909,0,62.74545454545454,0,244.69090909090906,1248.509090909091,234.98181818181817,167.6181818181818,244.1272727272727,275.09090909090907,314.4181818181818,529.8,225.16363636363633,407,157.2181818181818,326.07272727272726,304.94545454545454
2019-05-08 12:06:00,574.7090909090908,232.89090909090908,219.1272727272727,183.3272727272727,277.72727272727275,166.8181818181818,264.49090909090904,142.54545454545453,965.290909090909,342.0363636363636,124.05454545454545,194.94545454545454,181.38181818181818,380.7090909090909,210.1272727272727,0,60.18181818181817,0,257.58181818181816,1250.6181818181817,199.58181818181816,167.6181818181818,278.3818181818181,333.98181818181814,255.69090909090906,582.3818181818182,213.5272727272727,431.18181818181813,177.43636363636364,295.1272727272727,279.8909090909091
2019-05-08 12:05:57,603.6363636363636,243.67272727272726,256.1818181818182,213.87272727272727,253.67272727272726,168.58181818181816,262.1272727272727,162.63636363636363,984.3999999999999,315.78181818181815,154.89090909090908,221.1090909090909,181.65454545454543,381.6545454545454,174.7090909090909,0,60.18181818181817,0,216.85454545454544,1251.2727272727273,198.36363636363635,224.38181818181818,279.2545454545454,350.8545454545454,254.4181818181818,562.2181818181817,233.9272727272727,448.6363636363636,215.29090909090908,303.0181818181818,261.59999999999997
2019-05-08 12:05:54,603.6363636363636,243.67272727272726,256.1818181818182,213.87272727272727,253.67272727272726,168.58181818181816,262.1272727272727,162.63636363636363,984.3999999999999,315.78181818181815,154.89090909090908,221.1090909090909,181.65454545454543,381.6545454545454,174.7090909090909,0,60.18181818181817,0,216.85454545454544,1251.2727272727273,198.36363636363635,224.38181818181818,279.2545454545454,350.8545454545454,254.4181818181818,562.2181818181817,233.9272727272727,448.6363636363636,215.29090909090908,303.0181818181818,261.59999999999997
2019-05-08 12:05:51,567.4727272727272,210.3272727272727,205.94545454545454,227.83636363636364,253.09090909090907,176.3090909090909,249.98181818181817,143.6181818181818,939.4545454545454,306.4363636363636,146.07272727272726,256.99999999999994,171.8181818181818,342.10909090909087,175.14545454545453,0,66.16363636363636,0,231.65454545454543,1236.6363636363635,212.3272727272727,222.59999999999997,283,345.3454545454545,242.7090909090909,584.1090909090908,194.3090909090909,441.1454545454545,206.54545454545453,282.76363636363635,259.5090909090909
2019-05-08 12:05:48,567.4727272727272,210.3272727272727,205.94545454545454,227.83636363636364,253.09090909090907,176.3090909090909,249.98181818181817,143.6181818181818,939.4545454545454,306.4363636363636,146.07272727272726,256.99999999999994,171.8181818181818,342.10909090909087,175.14545454545453,0,66.16363636363636,0,231.65454545454543,1236.6363636363635,212.3272727272727,222.59999999999997,283,345.3454545454545,242.7090909090909,584.1090909090908,194.3090909090909,441.1454545454545,206.54545454545453,282.76363636363635,259.5090909090909
2019-05-08 12:05:45,530.1818181818181,198.25454545454542,212.38181818181818,228.39999999999998,248.45454545454544,151.38181818181818,265.76363636363635,143.54545454545453,926.0181818181817,266.8545454545454,152.09090909090907,257.59999999999997,170.5272727272727,341.4,176.2181818181818,0,16.127272727272725,0,233.76363636363632,1203.581818181818,220.19999999999996,203.63636363636363,272.3090909090909,308.09090909090907,213.74545454545452,600.4,186.5090909090909,451.16363636363633,207.29090909090908,263.99999999999994,233.74545454545452
2019-05-08 12:05:42,584.8545454545455,176.4181818181818,231.0181818181818,247.38181818181818,221.83636363636364,151.83636363636364,264.94545454545454,151.25454545454542,918.7999999999998,264.4363636363636,169.2,277.6,159.4181818181818,314.74545454545455,186.23636363636362,0,16.763636363636362,0,221.23636363636362,1237.2727272727273,267.47272727272724,224.89090909090908,307.2545454545454,333.2181818181818,198.3090909090909,581.1272727272727,179.9090909090909,457.2545454545454,223.38181818181818,244.27272727272728,189.5090909090909
2019-05-08 12:05:39,584.8545454545455,176.4181818181818,231.0181818181818,247.38181818181818,221.83636363636364,151.83636363636364,264.94545454545454,151.25454545454542,918.7999999999998,264.4363636363636,169.2,277.6,159.4181818181818,314.74545454545455,186.23636363636362,0,16.763636363636362,0,221.23636363636362,1237.2727272727273,267.47272727272724,224.89090909090908,307.2545454545454,333.2181818181818,198.3090909090909,581.1272727272727,179.9090909090909,457.2545454545454,223.38181818181818,244.27272727272728,189.5090909090909
2019-05-08 12:05:36,611.5454545454545,164.07272727272726,231.87272727272727,244.09090909090907,221.67272727272726,141.29090909090908,184.8,136.16363636363636,877.8727272727272,257.45454545454544,171.76363636363632,277.6727272727273,134.74545454545452,235.58181818181816,170.07272727272726,0,16.763636363636362,0,219.36363636363635,1277.6363636363635,255.4363636363636,222.79999999999998,320.9090909090909,318.7090909090909,162.87272727272727,595.4181818181818,179.05454545454543,474.49090909090904,207.45454545454544,201.36363636363635,168.18181818181816
2019-05-08 12:05:33,611.5454545454545,164.07272727272726,231.87272727272727,244.09090909090907,221.67272727272726,141.29090909090908,184.8,136.16363636363636,877.8727272727272,257.45454545454544,171.76363636363632,277.6727272727273,134.74545454545452,235.58181818181816,170.07272727272726,0,16.763636363636362,0,219.36363636363635,1277.6363636363635,255.4363636363636,222.79999999999998,320.9090909090909,318.7090909090909,162.87272727272727,595.4181818181818,179.05454545454543,474.49090909090904,207.45454545454544,201.36363636363635,168.18181818181816
2019-05-08 12:05:30,605.4181818181818,129.78181818181818,192.9090909090909,245.79999999999998,202.4,162.18181818181816,194.49090909090907,153.03636363636363,883.4181818181818,256.3272727272727,161.6181818181818,304.6545454545454,154.89090909090908,218.07272727272726,157.76363636363638,0,16.10909090909091,0,200.58181818181816,1274.7636363636364,267.94545454545454,228.43636363636364,318.8181818181818,311.98181818181814,182.27272727272728,596.3090909090909,201.67272727272726,505.4545454545454,179.85454545454544,187.05454545454543,142.8181818181818
2019-05-08 12:05:27,578.0909090909091,115.83636363636363,219.18181818181816,262.9272727272727,197.67272727272726,170.49090909090907,228.54545454545453,167.74545454545452,874.2363636363636,236.8181818181818,211.78181818181818,312.2181818181818,174.2181818181818,235.94545454545454,137.36363636363637,0,16.10909090909091,0,215.19999999999996,1288.2,274.6,211.74545454545452,293.54545454545456,330.4545454545454,202.0181818181818,563.4909090909091,241.2181818181818,483.59999999999997,185.4,154.3272727272727,158.09090909090907
2019-05-08 12:05:24,578.0909090909091,115.83636363636363,219.18181818181816,262.9272727272727,197.67272727272726,170.49090909090907,228.54545454545453,167.74545454545452,874.2363636363636,236.8181818181818,211.78181818181818,312.2181818181818,174.2181818181818,235.94545454545454,137.36363636363637,0,16.10909090909091,0,215.19999999999996,1288.2,274.6,211.74545454545452,293.54545454545456,330.4545454545454,202.0181818181818,563.4909090909091,241.2181818181818,483.59999999999997,185.4,154.3272727272727,158.09090909090907
2019-05-08 12:05:21,501.32727272727266,129.0181818181818,220.98181818181817,254.79999999999998,171.98181818181817,189.14545454545453,231.83636363636364,184.67272727272726,877.4909090909091,221.59999999999997,192.36363636363635,296.74545454545455,154.8,254.4363636363636,137.9272727272727,0,14.745454545454544,0,178.7090909090909,1265.581818181818,314.4181818181818,183.3090909090909,294.1272727272727,319.49090909090904,195.18181818181816,545.5636363636363,180.2181818181818,475.3454545454545,197.4,115.01818181818182,196.45454545454544
2019-05-08 12:05:18,501.32727272727266,129.0181818181818,220.98181818181817,254.79999999999998,171.98181818181817,189.14545454545453,231.83636363636364,184.67272727272726,877.4909090909091,221.59999999999997,192.36363636363635,296.74545454545455,154.8,254.4363636363636,137.9272727272727,0,14.745454545454544,0,178.7090909090909,1265.581818181818,314.4181818181818,183.3090909090909,294.1272727272727,319.49090909090904,195.18181818181816,545.5636363636363,180.2181818181818,475.3454545454545,197.4,115.01818181818182,196.45454545454544
2019-05-08 12:05:15,481.7272727272727,125.59999999999998,200.74545454545452,218.58181818181816,160.18181818181816,187.96363636363634,271.2181818181818,189.16363636363633,860.7272727272726,223.5090909090909,192.3272727272727,278.94545454545454,168.67272727272726,215.7090909090909,96.87272727272726,0,15.836363636363636,0,173.9090909090909,1245.581818181818,277.50909090909084,213.25454545454542,272.1090909090909,267.16363636363633,209.56363636363633,469.16363636363633,189.54545454545453,424.29090909090905,255.34545454545454,107.05454545454545,200.45454545454544
2019-05-08 12:05:12,484.94545454545454,125.6181818181818,229.58181818181816,202.29090909090908,164.98181818181817,188.1272727272727,233.76363636363632,215.76363636363632,853.4181818181818,232.63636363636363,224.19999999999996,232.05454545454543,158.2,167.34545454545454,98.87272727272726,0,9.709090909090909,0,176.69090909090906,1253.2727272727273,290.6,257.0363636363636,255.5272727272727,257.25454545454545,144.83636363636364,482.78181818181815,193.05454545454543,444.29090909090905,276.49090909090904,107.81818181818181,197.34545454545454
2019-05-08 12:05:09,484.94545454545454,125.6181818181818,229.58181818181816,202.29090909090908,164.98181818181817,188.1272727272727,233.76363636363632,215.76363636363632,853.4181818181818,232.63636363636363,224.19999999999996,232.05454545454543,158.2,167.34545454545454,98.87272727272726,0,9.709090909090909,0,176.69090909090906,1253.2727272727273,290.6,257.0363636363636,255.5272727272727,257.25454545454545,144.83636363636364,482.78181818181815,193.05454545454543,444.29090909090905,276.49090909090904,107.81818181818181,197.34545454545454
2019-05-08 12:05:06,447.16363636363633,121.25454545454545,190.49090909090907,213.47272727272727,136.87272727272727,169.65454545454543,193.85454545454544,212.9272727272727,825.5999999999999,177.38181818181818,220.9272727272727,176.63636363636363,119.38181818181816,141.05454545454543,77.98181818181818,0,8.98181818181818,0,186.54545454545453,1252.4545454545453,294.3272727272727,257.6181818181818,218.85454545454544,196.4,143.67272727272726,451.3999999999999,183.8181818181818,398.9090909090909,258.8363636363636,106.69090909090909,179.85454545454544
2019-05-08 12:05:03,447.16363636363633,121.25454545454545,190.49090909090907,213.47272727272727,136.87272727272727,169.65454545454543,193.85454545454544,212.9272727272727,825.5999999999999,177.38181818181818,220.9272727272727,176.63636363636363,119.38181818181816,141.05454545454543,77.98181818181818,0,8.98181818181818,0,186.54545454545453,1252.4545454545453,294.3272727272727,257.6181818181818,218.85454545454544,196.4,143.67272727272726,451.3999999999999,183.8181818181818,398.9090909090909,258.8363636363636,106.69090909090909,179.85454545454544
2019-05-08 12:05:00,386.2545454545454,98.9090909090909,152.54545454545453,144.58181818181816,107.79999999999998,147.67272727272726,180.6181818181818,191.9090909090909,762.0545454545453,144.58181818181816,176.47272727272727,144.47272727272727,114.14545454545454,147.14545454545453,68.4,0,8.98181818181818,0,185.4181818181818,1254.2727272727273,275.96363636363634,186.38181818181818,195.47272727272727,172.45454545454544,120.98181818181817,442.32727272727266,160.38181818181818,338.8909090909091,216.3272727272727,72.25454545454545,181.65454545454543
2019-05-08 12:04:57,373.6363636363636,96.85454545454544,159.8181818181818,187.9090909090909,103.78181818181817,130.0181818181818,180.6,254.2363636363636,709.9818181818181,142.07272727272726,162.6,106.58181818181816,110.81818181818181,192.45454545454544,69.54545454545453,0,3,0,209.3272727272727,1253.5454545454545,269.05454545454546,182.78181818181818,172.0181818181818,169.98181818181817,119.7090909090909,455.6727272727273,137.85454545454544,316.2363636363636,221.3090909090909,69.63636363636364,177.76363636363632
2019-05-08 12:04:54,373.6363636363636,96.85454545454544,159.8181818181818,187.9090909090909,103.78181818181817,130.0181818181818,180.6,254.2363636363636,709.9818181818181,142.07272727272726,162.6,106.58181818181816,110.81818181818181,192.45454545454544,69.54545454545453,0,3,0,209.3272727272727,1253.5454545454545,269.05454545454546,182.78181818181818,172.0181818181818,169.98181818181817,119.7090909090909,455.6727272727273,137.85454545454544,316.2363636363636,221.3090909090909,69.63636363636364,177.76363636363632
2019-05-08 12:04:51,386.96363636363634,86.92727272727272,153.09090909090907,189.23636363636362,98.92727272727272,128.52727272727273,187.87272727272727,253.99999999999997,645.8727272727272,138.34545454545454,154.4181818181818,103.67272727272727,106.76363636363635,190.9090909090909,71.85454545454544,0,2.636363636363636,0,214.0181818181818,1324.6181818181817,277.2,177.14545454545453,150.89090909090908,163.34545454545454,114.49090909090908,468.79999999999995,132.85454545454544,264.27272727272725,222.16363636363633,64.56363636363636,152.9272727272727
2019-05-08 12:04:48,386.96363636363634,86.92727272727272,153.09090909090907,189.23636363636362,98.92727272727272,128.52727272727273,187.87272727272727,253.99999999999997,645.8727272727272,138.34545454545454,154.4181818181818,103.67272727272727,106.76363636363635,190.9090909090909,71.85454545454544,0,2.636363636363636,0,214.0181818181818,1324.6181818181817,277.2,177.14545454545453,150.89090909090908,163.34545454545454,114.49090909090908,468.79999999999995,132.85454545454544,264.27272727272725,222.16363636363633,64.56363636363636,152.9272727272727
2019-05-08 12:04:45,290.8909090909091,83.4,155.63636363636363,159.76363636363638,76,134.8181818181818,201.7090909090909,268.8545454545454,642.1272727272727,90.18181818181817,133.9272727272727,76.85454545454544,82.65454545454546,211.16363636363633,83.45454545454545,0,1.9999999999999998,0,215.63636363636363,1318.1272727272726,256.8545454545454,151.87272727272727,108.94545454545454,134.14545454545453,111.67272727272727,485.0363636363636,127.6181818181818,232.05454545454543,208.38181818181818,41.36363636363636,151.65454545454543
2019-05-08 12:04:42,321.92727272727274,81.78181818181818,191.23636363636362,162.03636363636363,71.74545454545454,137.43636363636364,251.09090909090907,301.3454545454545,607.2181818181817,81.05454545454545,117.47272727272727,74.32727272727271,80.1090909090909,205.5090909090909,81.41818181818182,0,1.9999999999999998,0,223.96363636363634,1271.6363636363635,250.4181818181818,148.34545454545454,91.21818181818182,125.6181818181818,105.29090909090908,471.3999999999999,124.69090909090909,194.69090909090906,247.74545454545452,38.54545454545454,182.7272727272727
2019-05-08 12:04:39,321.92727272727274,81.78181818181818,191.23636363636362,162.03636363636363,71.74545454545454,137.43636363636364,251.09090909090907,301.3454545454545,607.2181818181817,81.05454545454545,117.47272727272727,74.32727272727271,80.1090909090909,205.5090909090909,81.41818181818182,0,1.9999999999999998,0,223.96363636363634,1271.6363636363635,250.4181818181818,148.34545454545454,91.21818181818182,125.6181818181818,105.29090909090908,471.3999999999999,124.69090909090909,194.69090909090906,247.74545454545452,38.54545454545454,182.7272727272727
2019-05-08 12:04:36,332.6545454545454,74,193.05454545454543,194.4,67.58181818181818,136.78181818181818,279.94545454545454,312.2545454545454,579.2727272727273,59.16363636363636,115.07272727272726,39.2,56.63636363636363,204.09090909090907,135.52727272727273,0,1.0909090909090908,0,218.25454545454542,1280.0727272727272,246.3272727272727,138.29090909090908,83.2,113.3090909090909,83,446.9272727272727,98.5090909090909,161.2181818181818,259.56363636363636,29.690909090909088,193.58181818181816
2019-05-08 12:04:33,332.6545454545454,74,193.05454545454543,194.4,67.58181818181818,136.78181818181818,279.94545454545454,312.2545454545454,579.2727272727273,59.16363636363636,115.07272727272726,39.2,56.63636363636363,204.09090909090907,135.52727272727273,0,1.0909090909090908,0,218.25454545454542,1280.0727272727272,246.3272727272727,138.29090909090908,83.2,113.3090909090909,83,446.9272727272727,98.5090909090909,161.2181818181818,259.56363636363636,29.690909090909088,193.58181818181816
2019-05-08 12:04:30,342.50909090909084,67.19999999999999,168.18181818181816,174.69090909090906,63.85454545454545,187.1272727272727,256.94545454545454,297.6545454545454,483.4363636363636,31.090909090909086,62.79999999999999,14.799999999999999,34.05454545454545,229.18181818181816,156.18181818181816,0,1.0909090909090908,0,239.5090909090909,1290.109090909091,222.78181818181818,127.45454545454545,55.54545454545454,90.32727272727271,61.54545454545454,421.0545454545454,55.43636363636363,99.14545454545454,279.76363636363635,20.054545454545455,168.69090909090906
2019-05-08 12:04:27,397.47272727272724,32.309090909090905,167.36363636363637,179.2181818181818,46.69090909090908,168.78181818181818,257.07272727272726,258.45454545454544,473.94545454545454,21.527272727272724,60.29090909090908,12.29090909090909,30.472727272727273,229.89090909090908,161.56363636363636,0,1.0909090909090908,0,224.59999999999997,1289.8727272727272,186.9090909090909,111.19999999999999,26.690909090909088,15.618181818181817,46.090909090909086,349.78181818181815,32.836363636363636,60.45454545454545,287.74545454545455,15.763636363636362,145.5090909090909
2019-05-08 12:04:24,397.47272727272724,32.309090909090905,167.36363636363637,179.2181818181818,46.69090909090908,168.78181818181818,257.07272727272726,258.45454545454544,473.94545454545454,21.527272727272724,60.29090909090908,12.29090909090909,30.472727272727273,229.89090909090908,161.56363636363636,0,1.0909090909090908,0,224.59999999999997,1289.8727272727272,186.9090909090909,111.19999999999999,26.690909090909088,15.618181818181817,46.090909090909086,349.78181818181815,32.836363636363636,60.45454545454545,287.74545454545455,15.763636363636362,145.5090909090909
2019-05-08 12:04:21,410.2545454545454,5.5636363636363635,169.54545454545453,179.98181818181817,34.98181818181818,149.2,236.27272727272728,259.4363636363636,434.9090909090909,16.927272727272726,57.309090909090905,7.145454545454545,7.781818181818181,243.05454545454543,172.0181818181818,0,0,0,263.2181818181818,1307.5454545454545,188.8181818181818,73.4,22.218181818181815,6.545454545454545,3.9818181818181815,392.3636363636363,8.181818181818182,56.418181818181814,259.4,11.763636363636362,128.6181818181818
2019-05-08 12:04:18,410.2545454545454,5.5636363636363635,169.54545454545453,179.98181818181817,34.98181818181818,149.2,236.27272727272728,259.4363636363636,434.9090909090909,16.927272727272726,57.309090909090905,7.145454545454545,7.781818181818181,243.05454545454543,172.0181818181818,0,0,0,263.2181818181818,1307.5454545454545,188.8181818181818,73.4,22.218181818181815,6.545454545454545,3.9818181818181815,392.3636363636363,8.181818181818182,56.418181818181814,259.4,11.763636363636362,128.6181818181818
2019-05-08 12:04:15,372.0181818181818,4.018181818181818,144.78181818181818,180.1090909090909,6,152.67272727272726,237.49090909090907,273.07272727272726,385.9090909090909,2.127272727272727,18.727272727272727,2.8727272727272726,3.2909090909090906,251.0363636363636,173.83636363636364,0,0,0,273.6727272727273,1315.709090909091,159.4181818181818,24.672727272727272,1.236363636363636,1.018181818181818,1.9636363636363636,385.4181818181818,1.618181818181818,2.527272727272727,259.5090909090909,5.454545454545454,116.76363636363635
2019-05-08 12:04:12,392.3454545454545,0,142.98181818181817,190.9272727272727,0,169.3090909090909,246.25454545454542,290.16363636363633,370.8909090909091,0,0,0,0,227.79999999999998,196.36363636363635,0,0,0,325.94545454545454,1329.2545454545455,152.1090909090909,0,0,0,0,433.3636363636363,0,0,286.94545454545454,0,132.49090909090907
2019-05-08 12:04:09,392.3454545454545,0,142.98181818181817,190.9272727272727,0,169.3090909090909,246.25454545454542,290.16363636363633,370.8909090909091,0,0,0,0,227.79999999999998,196.36363636363635,0,0,0,325.94545454545454,1329.2545454545455,152.1090909090909,0,0,0,0,433.3636363636363,0,0,286.94545454545454,0,132.49090909090907
2019-05-08 12:04:06,414.2363636363636,0,163.3090909090909,191.38181818181818,0,198.6,247.2363636363636,318.4545454545454,361.2545454545454,0,0,0,0,277.1272727272727,218.27272727272728,0,0,0,399.09090909090907,1322.9818181818182,152.14545454545453,0,0,0,0,483.74545454545455,0,0,327.4545454545454,0,205.39999999999998
2019-05-08 12:04:03,414.2363636363636,0,163.3090909090909,191.38181818181818,0,198.6,247.2363636363636,318.4545454545454,361.2545454545454,0,0,0,0,277.1272727272727,218.27272727272728,0,0,0,399.09090909090907,1322.9818181818182,152.14545454545453,0,0,0,0,483.74545454545455,0,0,327.4545454545454,0,205.39999999999998
2019-05-08 12:04:00,489.98181818181814,0,177.16363636363633,128.99999999999997,0,275.78181818181815,275.0181818181818,254.7090909090909,422.7090909090909,0,0,0,0,211.63636363636363,219.94545454545454,0,0,0,400.4363636363636,1361.3636363636363,202.96363636363634,0,0,0,0,483.96363636363634,0,0,345.8363636363636,0,224.38181818181818
2019-05-08 12:03:57,494.32727272727266,0,216.76363636363632,149.94545454545454,0,276.30909090909086,331.2181818181818,255.78181818181818,426.32727272727266,0,0,0,0,271.56363636363636,222.3272727272727,0,0,0,400.09090909090907,1364.1636363636362,209.1272727272727,0,0,0,0,552.2363636363636,0,0,351.2363636363636,0,224.49090909090907
2019-05-08 12:03:54,494.32727272727266,0,216.76363636363632,149.94545454545454,0,276.30909090909086,331.2181818181818,255.78181818181818,426.32727272727266,0,0,0,0,271.56363636363636,222.3272727272727,0,0,0,400.09090909090907,1364.1636363636362,209.1272727272727,0,0,0,0,552.2363636363636,0,0,351.2363636363636,0,224.49090909090907
2019-05-08 12:03:51,514.6363636363636,0,233.65454545454543,210.18181818181816,0,291.72727272727275,318.07272727272726,232.2181818181818,396.8909090909091,0,0,0,0,307,203.18181818181816,0,0,0,400.94545454545454,1395.5636363636363,190.8,0,0,0,0,591.6181818181817,0,0,348.0363636363636,0,243.3090909090909
2019-05-08 12:03:48,514.6363636363636,0,233.65454545454543,210.18181818181816,0,291.72727272727275,318.07272727272726,232.2181818181818,396.8909090909091,0,0,0,0,307,203.18181818181816,0,0,0,400.94545454545454,1395.5636363636363,190.8,0,0,0,0,591.6181818181817,0,0,348.0363636363636,0,243.3090909090909
2019-05-08 12:03:45,474.52727272727265,0,215.83636363636364,211.85454545454544,0,315.30909090909086,292.52727272727276,188.85454545454544,414.7090909090909,0,0,0,0,307.30909090909086,228.3090909090909,0,0,0,397.09090909090907,1412.2181818181816,171.83636363636364,0,0,0,0,596.5454545454545,0,0,304.6545454545454,0,203.65454545454543
2019-05-08 12:03:42,455.59999999999997,0,256.6545454545454,216.16363636363633,0,294.76363636363635,236.43636363636364,160.5272727272727,389.2545454545454,0,0,0,0,361.8,214.99999999999997,0,0,0,417.78181818181815,1393.6545454545453,184.94545454545454,0,0,0,0,677.7636363636362,0,0,292.50909090909084,0,186.34545454545454
2019-05-08 12:03:39,455.59999999999997,0,256.6545454545454,216.16363636363633,0,294.76363636363635,236.43636363636364,160.5272727272727,389.2545454545454,0,0,0,0,361.8,214.99999999999997,0,0,0,417.78181818181815,1393.6545454545453,184.94545454545454,0,0,0,0,677.7636363636362,0,0,292.50909090909084,0,186.34545454545454
2019-05-08 12:03:36,457.8181818181818,0,303.72727272727275,231.34545454545454,0,252.96363636363634,229.59999999999997,159.16363636363636,403.07272727272726,0,0,0,0,320.8363636363636,199.49090909090907,0,0,0,376.6,1391.0363636363634,187.76363636363632,0,0,0,0,737.5272727272727,0,0,271.2181818181818,0,195
2019-05-08 12:03:33,457.8181818181818,0,303.72727272727275,231.34545454545454,0,252.96363636363634,229.59999999999997,159.16363636363636,403.07272727272726,0,0,0,0,320.8363636363636,199.49090909090907,0,0,0,376.6,1391.0363636363634,187.76363636363632,0,0,0,0,737.5272727272727,0,0,271.2181818181818,0,195
2019-05-08 12:03:30,437.29090909090905,0,322.98181818181814,229.5090909090909,0,253.87272727272727,206.96363636363634,159.6,357.56363636363636,0,0,0,0,301.52727272727276,218.19999999999996,0,0,0,372.9272727272727,1432.5272727272725,185.16363636363633,0,0,0,0,746.8909090909091,0,0,233.9272727272727,0,175.6181818181818
2019-05-08 12:03:27,425.7272727272727,0,322.1272727272727,249.45454545454544,0,256.8727272727273,191.56363636363633,153.9090909090909,340.2181818181818,0,0,0,0,290.78181818181815,219.47272727272727,0,0,0,340.74545454545455,1391.2,189.0181818181818,0,0,0,0,720.8909090909091,0,0,205.89090909090908,0,173.18181818181816
2019-05-08 12:03:24,425.7272727272727,0,322.1272727272727,249.45454545454544,0,256.8727272727273,191.56363636363633,153.9090909090909,340.2181818181818,0,0,0,0,290.78181818181815,219.47272727272727,0,0,0,340.74545454545455,1391.2,189.0181818181818,0,0,0,0,720.8909090909091,0,0,205.89090909090908,0,173.18181818181816
2019-05-08 12:03:21,403.6363636363636,0,297.0545454545454,249.19999999999996,0,258.5090909090909,192.29090909090908,146.83636363636364,344.07272727272726,0,0,0,0,315.0363636363636,219.69090909090906,0,0,0,365.1454545454545,1406.4363636363635,191.25454545454542,0,0,0,0,709.2727272727273,0,0,187.7272727272727,0,175.63636363636363
2019-05-08 12:03:18,403.6363636363636,0,297.0545454545454,249.19999999999996,0,258.5090909090909,192.29090909090908,146.83636363636364,344.07272727272726,0,0,0,0,315.0363636363636,219.69090909090906,0,0,0,365.1454545454545,1406.4363636363635,191.25454545454542,0,0,0,0,709.2727272727273,0,0,187.7272727272727,0,175.63636363636363
2019-05-08 12:03:15,378.2,0,304.10909090909087,227.49090909090907,0,241.89090909090908,183.5090909090909,127.92727272727272,359.76363636363635,0,0,0,0,374.74545454545455,174.67272727272726,0,0,0,291.78181818181815,1411.9636363636362,228.6181818181818,0,0,0,0,627.1090909090908,0,0,178.34545454545454,0,153.4
2019-05-08 12:03:12,373.1454545454545,0,290.4363636363636,249.69090909090906,0,245.58181818181816,192.98181818181817,101.96363636363635,361.6363636363636,0,0,0,0,333.0181818181818,155.7272727272727,0,0,0,214.25454545454542,1402.4727272727273,236.67272727272726,0,0,0,0,590.0545454545455,0,0,145.09090909090907,0,73.41818181818182
2019-05-08 12:03:09,373.1454545454545,0,290.4363636363636,249.69090909090906,0,245.58181818181816,192.98181818181817,101.96363636363635,361.6363636363636,0,0,0,0,333.0181818181818,155.7272727272727,0,0,0,214.25454545454542,1402.4727272727273,236.67272727272726,0,0,0,0,590.0545454545455,0,0,145.09090909090907,0,73.41818181818182
2019-05-08 12:03:06,291.09090909090907,0.8181818181818181,273.30909090909086,268.6181818181818,22.054545454545455,211.74545454545452,181.0181818181818,103.56363636363635,359.54545454545456,2.090909090909091,20.781818181818178,1.5818181818181818,1.3454545454545452,353.9090909090909,186.63636363636363,0,0,0,170.7272727272727,1400.3090909090906,213.47272727272727,2.8727272727272726,1.3636363636363635,2.018181818181818,2.090909090909091,587.690909090909,1.7636363636363634,1.2545454545454544,128.79999999999998,1.2,57.90909090909091
2019-05-08 12:03:03,291.09090909090907,0.8181818181818181,273.30909090909086,268.6181818181818,22.054545454545455,211.74545454545452,181.0181818181818,103.56363636363635,359.54545454545456,2.090909090909091,20.781818181818178,1.5818181818181818,1.3454545454545452,353.9090909090909,186.63636363636363,0,0,0,170.7272727272727,1400.3090909090906,213.47272727272727,2.8727272727272726,1.3636363636363635,2.018181818181818,2.090909090909091,587.690909090909,1.7636363636363634,1.2545454545454544,128.79999999999998,1.2,57.90909090909091
2019-05-08 12:03:00,251.5272727272727,27.27272727272727,232.2181818181818,261.6545454545454,30.727272727272727,216.18181818181816,105.03636363636363,101.87272727272726,379.6727272727273,11.163636363636362,42.45454545454545,7.945454545454544,62.709090909090904,291.8,225.67272727272726,0,0,0,174.9272727272727,1382.581818181818,213.96363636363634,5.527272727272727,5.654545454545454,43.92727272727272,19.236363636363635,484.52727272727265,11.909090909090908,2.6,127.63636363636364,42.381818181818176,61.29090909090908
2019-05-08 12:02:57,318.72727272727275,30.25454545454545,203.8181818181818,202.2181818181818,34.781818181818174,192.09090909090907,109.76363636363635,81.3090909090909,443.6181818181818,15.890909090909089,61.98181818181818,17.6,85.18181818181817,237.5272727272727,243.14545454545453,0,1.9636363636363636,0,210.83636363636364,1352.2363636363634,208.07272727272726,49.10909090909091,18.254545454545454,70.12727272727271,51.92727272727272,463.74545454545455,28.18181818181818,33.018181818181816,144.34545454545454,49.58181818181818,52.05454545454545
2019-05-08 12:02:54,318.72727272727275,30.25454545454545,203.8181818181818,202.2181818181818,34.781818181818174,192.09090909090907,109.76363636363635,81.3090909090909,443.6181818181818,15.890909090909089,61.98181818181818,17.6,85.18181818181817,237.5272727272727,243.14545454545453,0,1.9636363636363636,0,210.83636363636364,1352.2363636363634,208.07272727272726,49.10909090909091,18.254545454545454,70.12727272727271,51.92727272727272,463.74545454545455,28.18181818181818,33.018181818181816,144.34545454545454,49.58181818181818,52.05454545454545
2019-05-08 12:02:51,359.52727272727265,31.999999999999996,209.76363636363632,201.65454545454543,40.63636363636363,186.1090909090909,93.85454545454544,103.32727272727271,488.59999999999997,38.09090909090909,104.32727272727271,29.14545454545454,88.78181818181817,237.7090909090909,236.58181818181816,0,1.9636363636363636,0,240.47272727272727,1345.2727272727273,225.65454545454543,71.98181818181818,53.527272727272724,77.47272727272727,53.39999999999999,501.3999999999999,40.45454545454545,88.65454545454546,146.1090909090909,53.54545454545454,57.61818181818182
2019-05-08 12:02:48,359.52727272727265,31.999999999999996,209.76363636363632,201.65454545454543,40.63636363636363,186.1090909090909,93.85454545454544,103.32727272727271,488.59999999999997,38.09090909090909,104.32727272727271,29.14545454545454,88.78181818181817,237.7090909090909,236.58181818181816,0,1.9636363636363636,0,240.47272727272727,1345.2727272727273,225.65454545454543,71.98181818181818,53.527272727272724,77.47272727272727,53.39999999999999,501.3999999999999,40.45454545454545,88.65454545454546,146.1090909090909,53.54545454545454,57.61818181818182
2019-05-08 12:02:45,339.4545454545454,33.29090909090909,170.4,155.7272727272727,44.127272727272725,186.56363636363633,113.63636363636364,107.16363636363636,504.50909090909084,46.74545454545454,127.36363636363635,37.03636363636363,96.05454545454545,176,194.5272727272727,0,1.9636363636363636,0,190.9090909090909,1343.3272727272727,202.0181818181818,80.34545454545453,62.18181818181817,81.12727272727271,56.21818181818182,463.49090909090904,64.56363636363636,118.83636363636363,139.3272727272727,55.99999999999999,55.98181818181818
2019-05-08 12:02:42,328.78181818181815,43.672727272727265,128.03636363636363,141.65454545454543,54.61818181818182,179.83636363636364,129.76363636363635,111.45454545454545,554.690909090909,80.87272727272726,146.2181818181818,44.70909090909091,122.45454545454545,176.6,198.14545454545453,0,1.9636363636363636,0,203.94545454545454,1324.2727272727273,197.96363636363634,89.41818181818182,110.32727272727271,85.38181818181816,62.16363636363636,453.52727272727265,87.14545454545454,168.38181818181818,138.07272727272726,66.54545454545455,53.50909090909091
2019-05-08 12:02:39,328.78181818181815,43.672727272727265,128.03636363636363,141.65454545454543,54.61818181818182,179.83636363636364,129.76363636363635,111.45454545454545,554.690909090909,80.87272727272726,146.2181818181818,44.70909090909091,122.45454545454545,176.6,198.14545454545453,0,1.9636363636363636,0,203.94545454545454,1324.2727272727273,197.96363636363634,89.41818181818182,110.32727272727271,85.38181818181816,62.16363636363636,453.52727272727265,87.14545454545454,168.38181818181818,138.07272727272726,66.54545454545455,53.50909090909091
2019-05-08 12:02:36,294.3272727272727,50.345454545454544,111.72727272727272,144.9090909090909,59.81818181818182,182.5272727272727,128.49090909090907,116.29090909090908,630.4,99.01818181818182,160.67272727272726,60.92727272727272,126.96363636363635,189.47272727272727,176.3090909090909,0,1.9636363636363636,0,231.1090909090909,1295.5636363636363,205.7272727272727,95.14545454545454,132.67272727272726,116.72727272727272,69.2,459.59999999999997,110.83636363636363,227.76363636363632,136.36363636363635,71.3090909090909,58.36363636363636
2019-05-08 12:02:33,294.3272727272727,50.345454545454544,111.72727272727272,144.9090909090909,59.81818181818182,182.5272727272727,128.49090909090907,116.29090909090908,630.4,99.01818181818182,160.67272727272726,60.92727272727272,126.96363636363635,189.47272727272727,176.3090909090909,0,1.9636363636363636,0,231.1090909090909,1295.5636363636363,205.7272727272727,95.14545454545454,132.67272727272726,116.72727272727272,69.2,459.59999999999997,110.83636363636363,227.76363636363632,136.36363636363635,71.3090909090909,58.36363636363636
2019-05-08 12:02:30,301.74545454545455,52.25454545454545,117.96363636363635,121.25454545454545,63.54545454545454,179.5272727272727,144.74545454545452,127.9090909090909,656.1636363636363,103.38181818181816,162.1090909090909,69.52727272727272,148.78181818181818,186.29090909090908,163.45454545454544,0,1.9636363636363636,0,237.99999999999997,1322.290909090909,198.27272727272728,97.76363636363635,136.89090909090908,118.7090909090909,71.3090909090909,422.18181818181813,122.03636363636363,257.3090909090909,139.85454545454544,84.34545454545453,66.81818181818181
2019-05-08 12:02:27,339.7272727272727,58.21818181818182,118.5090909090909,120.38181818181816,77.54545454545453,173.78181818181818,142.1090909090909,94.6,727.6181818181817,126.79999999999998,170.78181818181818,82.54545454545453,156.9272727272727,151.78181818181818,161.2,0,1.9636363636363636,0,215.54545454545453,1272.2727272727273,208.5272727272727,123.07272727272726,149.6181818181818,133.83636363636364,78.16363636363636,406.4363636363636,130.3090909090909,298.16363636363633,121.87272727272726,88.2,69.23636363636363
2019-05-08 12:02:24,339.7272727272727,58.21818181818182,118.5090909090909,120.38181818181816,77.54545454545453,173.78181818181818,142.1090909090909,94.6,727.6181818181817,126.79999999999998,170.78181818181818,82.54545454545453,156.9272727272727,151.78181818181818,161.2,0,1.9636363636363636,0,215.54545454545453,1272.2727272727273,208.5272727272727,123.07272727272726,149.6181818181818,133.83636363636364,78.16363636363636,406.4363636363636,130.3090909090909,298.16363636363633,121.87272727272726,88.2,69.23636363636363
2019-05-08 12:02:21,423.56363636363636,100.81818181818181,127.89090909090909,128.8181818181818,115.92727272727272,192.69090909090906,152.65454545454543,107.27272727272727,743.9454545454545,146.23636363636362,193.27272727272728,85.18181818181817,190.74545454545452,105.5090909090909,179.58181818181816,0,1.9636363636363636,0,217.54545454545453,1274.909090909091,187.6,149.7272727272727,183.14545454545453,155.14545454545453,96.61818181818181,444.52727272727265,133.45454545454544,343.6363636363636,101.74545454545454,110.94545454545454,76.36363636363635
2019-05-08 12:02:18,423.56363636363636,100.81818181818181,127.89090909090909,128.8181818181818,115.92727272727272,192.69090909090906,152.65454545454543,107.27272727272727,743.9454545454545,146.23636363636362,193.27272727272728,85.18181818181817,190.74545454545452,105.5090909090909,179.58181818181816,0,1.9636363636363636,0,217.54545454545453,1274.909090909091,187.6,149.7272727272727,183.14545454545453,155.14545454545453,96.61818181818181,444.52727272727265,133.45454545454544,343.6363636363636,101.74545454545454,110.94545454545454,76.36363636363635
2019-05-08 12:02:15,439.8909090909091,111.5090909090909,161.25454545454542,131.3090909090909,146.69090909090906,169.69090909090906,160.6181818181818,149.09090909090907,784.1272727272727,152.25454545454542,206.63636363636363,89.65454545454546,194.65454545454543,116.56363636363635,176.0181818181818,0,1.9636363636363636,0,211.59999999999997,1276.090909090909,181.6181818181818,154.27272727272728,226.79999999999998,170.65454545454543,115.09090909090908,466.8363636363636,170.9090909090909,367.4545454545454,112.27272727272727,116.63636363636364,80.5090909090909
2019-05-08 12:02:12,472.27272727272725,115.23636363636363,158.7272727272727,113.69090909090909,136.34545454545454,140.65454545454543,164.78181818181818,193.78181818181818,777.290909090909,158.96363636363637,209.3272727272727,90.65454545454546,241.65454545454543,116.59999999999998,164.07272727272726,0,1.9636363636363636,0,210.8181818181818,1243.509090909091,171.1090909090909,178.54545454545453,229.39999999999998,176.3272727272727,127.54545454545453,440.9090909090909,179.14545454545453,376.76363636363635,87.9090909090909,127.03636363636363,102.21818181818182
2019-05-08 12:02:09,472.27272727272725,115.23636363636363,158.7272727272727,113.69090909090909,136.34545454545454,140.65454545454543,164.78181818181818,193.78181818181818,777.290909090909,158.96363636363637,209.3272727272727,90.65454545454546,241.65454545454543,116.59999999999998,164.07272727272726,0,1.9636363636363636,0,210.8181818181818,1243.509090909091,171.1090909090909,178.54545454545453,229.39999999999998,176.3272727272727,127.54545454545453,440.9090909090909,179.14545454545453,376.76363636363635,87.9090909090909,127.03636363636363,102.21818181818182
2019-05-08 12:02:06,500.9272727272727,109.14545454545454,182.94545454545454,108.9090909090909,132.34545454545454,140.63636363636363,169.5090909090909,208.25454545454542,798.0363636363636,183.9272727272727,198.4,99.83636363636363,183.54545454545453,188.0181818181818,119.29090909090908,0,1.9636363636363636,0,221.54545454545453,1184.4181818181817,152.2,185.6181818181818,228.89090909090908,136.8181818181818,112.74545454545454,422.19999999999993,183.65454545454543,379.10909090909087,81.5090909090909,89.5090909090909,127.83636363636363
2019-05-08 12:02:03,500.9272727272727,109.14545454545454,182.94545454545454,108.9090909090909,132.34545454545454,140.63636363636363,169.5090909090909,208.25454545454542,798.0363636363636,183.9272727272727,198.4,99.83636363636363,183.54545454545453,188.0181818181818,119.29090909090908,0,1.9636363636363636,0,221.54545454545453,1184.4181818181817,152.2,185.6181818181818,228.89090909090908,136.8181818181818,112.74545454545454,422.19999999999993,183.65454545454543,379.10909090909087,81.5090909090909,89.5090909090909,127.83636363636363
2019-05-08 12:02:00,431.47272727272724,113.3090909090909,189.98181818181817,127.49090909090908,131.49090909090907,149.9272727272727,162.87272727272727,216.18181818181816,781.1454545454545,209.69090909090906,185.74545454545452,92.67272727272727,170.76363636363632,185.29090909090908,109.1090909090909,0,0,0,188.6181818181818,1168.8363636363636,137.85454545454544,175.63636363636363,222.07272727272726,113.18181818181817,104.01818181818182,441.3818181818181,170.58181818181816,356.09090909090907,66.99999999999999,106.38181818181816,149.09090909090907
2019-05-08 12:01:57,369.4181818181818,113.43636363636364,170.85454545454544,133.18181818181816,177.3090909090909,137.45454545454544,154.5090909090909,195.7272727272727,784.4,191.54545454545453,158.03636363636363,103.45454545454545,189.03636363636363,202.63636363636363,88.36363636363635,0,0,0,176.1272727272727,1164.3090909090909,116.12727272727271,176.05454545454543,191.23636363636362,113.54545454545453,105.25454545454545,394.16363636363633,161.1090909090909,304.3454545454545,66.25454545454545,113.09090909090908,165.7090909090909
2019-05-08 12:01:54,369.4181818181818,113.43636363636364,170.85454545454544,133.18181818181816,177.3090909090909,137.45454545454544,154.5090909090909,195.7272727272727,784.4,191.54545454545453,158.03636363636363,103.45454545454545,189.03636363636363,202.63636363636363,88.36363636363635,0,0,0,176.1272727272727,1164.3090909090909,116.12727272727271,176.05454545454543,191.23636363636362,113.54545454545453,105.25454545454545,394.16363636363633,161.1090909090909,304.3454545454545,66.25454545454545,113.09090909090908,165.7090909090909
2019-05-08 12:01:51,410.8545454545454,131.96363636363634,167.07272727272726,154.29090909090908,177.4181818181818,135.89090909090908,149.43636363636364,191.69090909090906,815.4727272727272,214.59999999999997,148.36363636363637,101.05454545454545,223.76363636363632,234.78181818181818,98.94545454545454,0,0.4545454545454545,0,196.27272727272728,1163.3090909090909,116.09090909090908,192.05454545454543,185.58181818181816,128.45454545454544,144.45454545454544,349.6727272727273,159.87272727272727,296.2363636363636,89.9090909090909,113.87272727272726,178.94545454545454
2019-05-08 12:01:48,410.8545454545454,131.96363636363634,167.07272727272726,154.29090909090908,177.4181818181818,135.89090909090908,149.43636363636364,191.69090909090906,815.4727272727272,214.59999999999997,148.36363636363637,101.05454545454545,223.76363636363632,234.78181818181818,98.94545454545454,0,0.4545454545454545,0,196.27272727272728,1163.3090909090909,116.09090909090908,192.05454545454543,185.58181818181816,128.45454545454544,144.45454545454544,349.6727272727273,159.87272727272727,296.2363636363636,89.9090909090909,113.87272727272726,178.94545454545454
2019-05-08 12:01:45,412.79999999999995,124.67272727272727,222.76363636363632,164.76363636363638,187.69090909090906,126.76363636363635,129.52727272727273,220.2181818181818,811.0727272727272,183.7090909090909,151.9090909090909,100.18181818181817,199.94545454545454,254.67272727272726,90.45454545454545,0,19.345454545454547,0,209.19999999999996,1161.709090909091,176.0181818181818,204.38181818181818,160.87272727272727,126.56363636363635,145.3272727272727,304.49090909090904,145.43636363636364,283.30909090909086,107.25454545454545,124.2181818181818,197.6
2019-05-08 12:01:42,449.30909090909086,145.1272727272727,238.94545454545454,191,211.34545454545454,137.54545454545453,133.38181818181818,219.54545454545453,804.4909090909091,168.43636363636364,167.49090909090907,85.43636363636364,198.6,241.85454545454544,104.09090909090908,0,19.345454545454547,0,172.2,1192.9272727272726,166.78181818181818,201.83636363636364,151.07272727272726,120.98181818181817,140.54545454545453,323.0363636363636,134.5090909090909,240.09090909090907,112.43636363636364,122.12727272727271,215.69090909090906
2019-05-08 12:01:39,449.30909090909086,145.1272727272727,238.94545454545454,191,211.34545454545454,137.54545454545453,133.38181818181818,219.54545454545453,804.4909090909091,168.43636363636364,167.49090909090907,85.43636363636364,198.6,241.85454545454544,104.09090909090908,0,19.345454545454547,0,172.2,1192.9272727272726,166.78181818181818,201.83636363636364,151.07272727272726,120.98181818181817,140.54545454545453,323.0363636363636,134.5090909090909,240.09090909090907,112.43636363636364,122.12727272727271,215.69090909090906
2019-05-08 12:01:36,440.9272727272727,159.09090909090907,250.45454545454544,230.25454545454542,211.09090909090907,155.9272727272727,134.03636363636363,208.27272727272728,831.4909090909091,186.87272727272727,168.45454545454544,92,199.7272727272727,262.2181818181818,105.76363636363635,0,19.345454545454547,0,164.6,1189.4727272727273,167.6181818181818,215.79999999999998,149.65454545454543,120.72727272727272,158.2181818181818,333.92727272727274,142.8181818181818,212.7272727272727,105.7090909090909,111.74545454545454,210.89090909090908
2019-05-08 12:01:33,440.9272727272727,159.09090909090907,250.45454545454544,230.25454545454542,211.09090909090907,155.9272727272727,134.03636363636363,208.27272727272728,831.4909090909091,186.87272727272727,168.45454545454544,92,199.7272727272727,262.2181818181818,105.76363636363635,0,19.345454545454547,0,164.6,1189.4727272727273,167.6181818181818,215.79999999999998,149.65454545454543,120.72727272727272,158.2181818181818,333.92727272727274,142.8181818181818,212.7272727272727,105.7090909090909,111.74545454545454,210.89090909090908
2019-05-08 12:01:30,417.6181818181818,166.8,256.5272727272727,238.39999999999998,203.07272727272726,166.96363636363637,144.36363636363637,227.98181818181817,812.2,179.25454545454542,174.67272727272726,99.18181818181817,193.4,281.27272727272725,135.8181818181818,0,20.98181818181818,0,169.7272727272727,1228.4181818181817,181.63636363636363,193.4181818181818,152.27272727272728,118.03636363636363,153,425.56363636363636,137,180.07272727272726,98.76363636363635,111.21818181818182,223.34545454545454
2019-05-08 12:01:27,333.4545454545454,140.16363636363636,253.7272727272727,228.09090909090907,179.6181818181818,145.54545454545453,155.2,215.99999999999997,807.7272727272726,192.8181818181818,180.3272727272727,130.83636363636364,163.05454545454543,268.09090909090907,117.23636363636363,0,20.98181818181818,0,181.7272727272727,1210.3454545454545,163.63636363636363,171.65454545454543,137.65454545454543,99.89090909090909,146.6,413.76363636363635,137.27272727272728,167.8181818181818,97.74545454545454,91.32727272727271,229.59999999999997
2019-05-08 12:01:24,333.4545454545454,140.16363636363636,253.7272727272727,228.09090909090907,179.6181818181818,145.54545454545453,155.2,215.99999999999997,807.7272727272726,192.8181818181818,180.3272727272727,130.83636363636364,163.05454545454543,268.09090909090907,117.23636363636363,0,20.927118787878786,0,181.7272727272727,1210.3454545454545,163.63636363636363,171.65454545454543,137.65454545454543,99.89090909090909,146.6,413.76363636363635,137.27272727272728,167.8181818181818,97.74545454545454,91.32727272727271,229.59999999999997
2019-05-08 12:01:21,293.09090909090907,151.67272727272726,210.1272727272727,200.74545454545452,168.29090909090908,149.5272727272727,151.58181818181816,185.58181818181816,825.8909090909091,209.76363636363632,168.5090909090909,128.7090909090909,173.09090909090907,228.29090909090908,130.78181818181818,0,20.98181818181818,0,181.9272727272727,1221.709090909091,158.78181818181818,179.8,97.85454545454544,87.27272727272727,136.12727272727273,398.3454545454545,103.67272727272727,181.9090909090909,79.09090909090908,88.49090909090908,228.63636363636363
2019-05-08 12:01:18,293.09090909090907,151.67272727272726,210.1272727272727,196.05200545454545,162.00778424242424,149.5272727272727,151.58181818181816,180.6422684848485,825.8909090909091,201.60691696969698,168.5090909090909,128.7090909090909,173.09090909090907,228.29090909090908,130.78181818181818,0,20.577421818181815,0,181.9272727272727,1221.709090909091,158.78181818181818,175.24167333333332,97.85454545454544,87.27272727272727,129.73361393939393,398.3454545454545,103.67272727272727,181.9090909090909,79.09090909090908,88.12944424242424,223.12646969696968
2019-05-08 12:01:15,278.3454545454545,148.58181818181816,207.5272727272727,197.12088424242427,156.4590084848485,148.3878884848485,153.3272727272727,139.58181818181816,838.9999999999999,200.26093636363638,162.22232727272728,127.45454545454545,143.6219890909091,219.35724606060603,126.13152121212121,0,21.293984848484847,0,180.34545454545454,1205.4,144.3206006060606,155.14545454545453,114.75990787878787,101.9090909090909,120.36064787878789,403.9272727272727,95.43636363636364,192.63636363636363,77.41818181818182,78.52727272727272,205.03583818181818
2019-05-08 12:01:12,267.4033242424243,142.5269690909091,202.9090909090909,185.65454545454543,156.4181818181818,146.1272727272727,149.4342006060606,125.59999999999998,836.8363636363636,172.4,157.20063515151517,123.72727272727272,144.65454545454543,154.43636363636364,127.5090909090909,0,21.8,0,177.98181818181817,1199.8727272727272,143.46867151515153,148.85454545454544,113.56363636363635,121.18181818181817,122.25770484848486,440.3866557575758,102.87272727272726,198.01562303030303,83.5090909090909,78.38181818181819,178.34545454545454
2019-05-08 12:01:09,253.98059696969696,135.38969636363638,202.9090909090909,178.95402363636362,149.45996787878786,139.0020684848485,141.96238242424243,120.87114666666666,836.8363636363636,164.77892,149.3351806060606,117.65148181818181,138.17705696969696,146.7205490909091,121.70850727272727,0,20.95027333333333,0,169.9702187878788,1199.8727272727272,136.2941260606061,143.56258363636366,109.31385090909089,121.18181818181817,116.1331593939394,418.2793830303031,98.39463151515152,188.08653212121214,80.17997393939393,75.33487212121213,172.3971763636364
2019-05-08 12:01:06,243.337148,133.993228,186.37130066666668,162.40904866666668,152.487682,115.579796,145.93149266666666,113.05180399999999,801.0098526666667,141.57096333333337,148.78241733333334,120.086088,134.35008466666667,151.29882733333338,114.94903066666667,0,21.811300666666668,0,166.3140053333333,1172.515496,138.059484,116.363874,108.10724800000001,122.21191733333333,97.37982066666667,354.94506400000006,99.30747866666665,188.64482333333333,79.52255199999999,54.731975333333345,143.83945333333332
2019-05-08 12:01:03,229.75914799999998,126.53522799999999,176.42230066666667,153.53204866666664,144.060682,109.173796,137.82049266666667,106.85780399999999,759.4388526666667,133.76596333333336,140.50841733333337,113.418088,126.92708466666667,142.88982733333336,108.59503066666667,0,20.612300666666666,0,157.1220053333333,1112.159496,130.38548400000002,110.024874,102.179248,115.68791733333335,91.96082066666668,335.14106400000003,93.82547866666665,178.12982333333335,75.15055199999999,51.744975333333336,136.0194533333333
2019-05-08 12:01:00,238.41901555555555,130.4328851851852,182.88511703703705,148.5362525925926,100.3141962962963,103.46736666666668,141.93608,107.27792666666667,712.8171644444444,135.80971703703702,132.63013407407408,96.83597037037039,111.36539259259258,128.27832074074072,111.45204444444445,0,21.531445185185188,0,140.95549777777777,1059.2691162962963,134.62538444444442,92.25425333333332,102.41312296296294,113.4102962962963,93.48276296296295,331.64977999999996,95.30738666666666,182.4100362962963,74.56259333333333,43.66488888888889,118.65985333333334
2019-05-08 12:00:57,204.10425583333333,117.18040416666668,189.74043166666667,131.837175,101.97838583333333,106.99991999999999,126.66799083333333,108.62044583333333,666.0014133333333,110.59455166666667,126.09847166666667,96.42430166666665,74.303825,101.13034333333333,105.56787250000001,0,22.214771666666667,0,124.90769916666666,1002.4953516666667,139.3196725,72.14465166666666,104.78677583333335,99.8827675,55.4922425,347.0065358333333,76.98369166666666,169.67113583333335,51.60778916666666,42.649565,107.90126166666668
2019-05-08 12:00:54,190.42550583333335,109.34915416666668,178.26293166666667,123.22467499999999,95.24463583333333,99.87992,118.21674083333333,101.47669583333332,625.1214133333334,103.29705166666666,117.68097166666668,90.00180166666665,69.41632499999999,94.39534333333333,98.56412250000001,0,20.74727166666667,0,116.64394916666669,941.3978516666667,130.0159225,67.49715166666667,97.88802583333333,93.53401750000002,51.7934925,323.74778583333335,71.89619166666667,158.31238583333334,48.22903916666667,39.872065,100.9187616666667
2019-05-08 12:00:51,157.52444571428572,112.8163380952381,111.43078095238096,113.52955238095237,79.87524285714287,99.41229047619048,122.75926571428572,71.37904285714285,587.98222,106.16699047619048,102.07209333333334,88.52251047619049,70.91860190476191,75.82059809523811,101.81303904761906,0,2.8377285714285714,0,86.73465714285713,888.0169171428572,74.68689047619047,49.724579999999996,79.94882857142858,97.08995333333334,48.000300952380954,334.24613047619044,67.92816952380953,130.77188285714288,28.07885238095238,21.039501904761906,80.7282657142857
2019-05-08 12:00:48,145.33587428571428,104.10919523809524,103.31649523809524,105.00098095238094,73.81095714285715,91.77657619047619,113.30069428571431,66.01475714285714,546.8122199999999,98.08127619047619,94.21209333333333,81.71679619047619,65.53574476190475,70.00345523809523,94.01446761904761,0,2.6448714285714283,0,80.14894285714287,826.321202857143,68.9511761904762,46.09458,73.90597142857142,90.01995333333335,44.30887238095239,308.37041619047613,62.75388380952381,120.66759714285716,26.00028095238095,19.50664476190476,74.76969428571428
2019-05-08 12:00:45,113.76205999999999,84.11605222222221,86.72396111111111,76.43320666666666,49.93404666666666,79.88233666666666,113.43094111111108,61.05789888888888,498.99362666666667,101.81355333333335,70.62072222222223,85.80263000000001,66.77034,70.64806,80.90895888888889,0,2.8023499999999997,0,81.91159888888889,726.2520500000002,71.41850777777776,45.879704444444435,66.30606666666667,69.06629777777779,45.0706,279.27161333333333,54.226755555555556,112.76912888888889,18.433116666666663,18.087971111111113,54.65756
2019-05-08 12:00:42,98.93695733333332,74.34902666666667,70.08431333333333,37.213997333333324,50.49331066666666,62.015352,99.56514533333333,61.44074266666667,445.109124,85.97140266666665,74.29477600000001,76.93840133333335,47.653824,52.25986666666667,84.707644,0,3.0228200000000007,0,77.55283066666668,670.9577559999999,74.80640933333332,31.68726133333333,69.03828533333333,73.77635066666667,27.547103999999997,287.03256799999997,37.75147066666667,120.492448,18.115332000000002,16.70962666666667,53.383132
2019-05-08 12:00:39,88.97295733333334,66.88902666666667,63.55431333333333,33.80999733333333,45.55931066666667,55.843352,89.58314533333332,55.45474266666667,405.89512399999995,77.47540266666667,66.858776,69.24040133333332,42.989824,47.05986666666667,76.27364400000002,0,2.7528200000000003,0,69.89883066666668,612.491756,67.32040933333333,28.779261333333334,62.26628533333334,66.90235066666668,24.803103999999998,258.08456800000005,34.05747066666666,108.36444800000001,16.413332,15.149626666666668,48.381131999999994
2019-05-08 12:00:36,75.14618333333333,59.310536666666664,55.82357166666667,20.914948333333335,43.87193666666666,46.98952833333333,84.14721166666668,35.20254666666667,364.6746933333333,68.596285,57.93375166666667,54.80427,45.561613333333334,29.852880000000003,47.684495,0,0.982425,0,52.14158333333334,537.2712700000001,29.572063333333336,28.434595,52.20026333333333,60.102578333333334,25.70069666666667,165.54298500000002,34.99248,111.28072833333336,16.117413333333335,13.056421666666667,33.19294166666667
2019-05-08 12:00:33,65.67118333333333,51.86553666666667,49.43107166666666,18.712448333333334,38.526936666666664,41.157028333333336,73.58971166666667,31.022546666666674,325.71469333333334,60.148785,50.686251666666664,47.95927,39.98161333333334,26.17288,41.801995000000005,0,0.869925,0,45.76658333333333,480.92627,25.917063333333335,25.202095,45.84526333333334,53.220078333333326,22.495696666666667,144.645485,30.712480000000003,97.24822833333334,14.237413333333334,11.563921666666666,29.480441666666664
2019-05-08 12:00:30,69.81381111111112,41.79533333333333,33.64089111111111,16.259226666666667,27.54807333333333,43.39186666666667,57.32460666666666,29.182615555555557,295.6626866666667,32.62185777777778,27.24999777777778,17.48744,41.618464444444434,26.58308444444444,45.4813311111111,0,1.0099,0,30.631073333333333,419.9896222222223,26.126126666666664,23.03639111111111,31.535995555555562,57.87849111111111,12.555624444444446,126.06347333333333,31.151946666666667,74.88292,13.635602222222222,9.919022222222223,17.317146666666666
2019-05-08 12:00:27,82.92725666666665,22.032570000000003,39.52673666666667,10.634096666666666,7.725173333333333,30.778103333333334,47.24467333333334,11.271596666666666,256.93195000000003,9.240163333333333,31.696113333333333,18.444423333333337,32.69208666666667,30.44879666666667,33.91971666666667,0,1.45235,0,33.629000000000005,348.9573933333333,30.438953333333338,10.885913333333333,33.600699999999996,78.58193333333334,4.768236666666667,111.38757333333334,33.32296,42.10216333333334,14.102920000000001,8.199223333333334,12.067263333333333
2019-05-08 12:00:24,66.06225666666667,17.63757,32.63173666666667,8.779096666666668,6.485173333333334,24.68310333333334,37.754673333333336,9.416596666666667,216.10695,7.735163333333333,25.366113333333335,14.829423333333333,26.322086666666667,24.393796666666667,27.24471666666667,0,1.2273500000000002,0,27.129,296.5473933333334,24.368953333333334,9.255913333333332,27.150700000000004,66.48193333333333,3.8732366666666675,88.74757333333334,26.762960000000003,33.597163333333334,11.482920000000002,6.784223333333333,9.962263333333333
2019-05-08 12:00:21,65.39003333333334,23.665673333333338,57.55540666666666,7.129393333333335,5.245173333333335,2.4533133333333335,17.740093333333334,7.953006666666667,169.55576666666667,6.186673333333333,3.08978,19.578999999999997,4.875553333333333,2.5229333333333335,5.913586666666666,0,1.04584,0,36.198420000000006,252.02358,2.381613333333333,8.37974,3.8073200000000003,53.86005333333333,2.8477666666666663,97.88426666666666,36.41023333333332,15.799800000000001,13.704806666666666,6.86238,7.390680000000001
2019-05-08 12:00:18,42.94003333333333,15.675673333333338,44.16540666666666,5.2193933333333336,4.0051733333333335,1.9233133333333334,11.880093333333333,5.963006666666667,130.70576666666665,4.696673333333333,2.25978,13.078999999999997,3.7055533333333335,1.9229333333333334,4.293586666666667,0,0.8058400000000001,0,24.328419999999998,196.89358,1.801613333333333,6.48974,2.7873200000000002,41.94005333333333,1.9977666666666665,64.28426666666665,24.260233333333336,10.4998,9.414806666666665,4.932379999999999,5.41068
2019-05-08 12:00:15,0.3272727272727272,0.5454545454545454,20.436363636363634,3.836363636363636,1.7999999999999998,0.9999999999999999,0.8181818181818181,2.381818181818182,62.090909090909086,2.036363636363636,0.7454545454545455,0.8,1.618181818181818,0.8545454545454544,1.3272727272727272,0,0.3818181818181818,0,1.9454545454545453,100.56363636363635,0.7636363636363636,3.1636363636363636,2.1818181818181817,21.054545454545455,0.41818181818181815,0.509090909090909,1.2909090909090908,0.47272727272727266,1.3818181818181818,1.3818181818181818,4.218181818181818
2019-05-08 12:00:12,36.22728666666667,25.954653333333333,33.964706666666665,21.611539999999998,33.91269333333334,14.0436,4.707206666666667,7.151833333333333,129.48719333333332,66.10894666666667,32.01420666666667,2.6526799999999997,5.201333333333333,32.69038,4.317106666666667,0,0.46812,0,55.08212,153.95946666666666,68.55357333333333,21.29946,33.626619999999996,21.37748,89.87904,56.35644666666667,2.782713333333333,31.806153333333334,21.169426666666666,81.86898666666666,36.95547333333333
2019-05-08 12:00:09,50.15728666666667,35.93465333333334,47.024706666666674,29.92154,46.95269333333333,19.4436,6.517206666666667,9.901833333333334,179.27719333333334,91.52894666666667,44.32420666666667,3.67268,7.201333333333334,45.260380000000005,5.977106666666667,0,0.64812,0,76.26212000000001,213.15946666666667,94.91357333333333,29.48946,46.55662,29.59748,124.43904,78.02644666666667,3.8527133333333334,44.03615333333334,29.30942666666667,113.34898666666668,51.16547333333334
2019-05-08 12:00:06,121.61862333333332,25.97076333333333,52.01053666666666,38.89863666666666,45.040526666666665,27.35096333333333,17.827583333333333,11.041599999999999,205.6037933333333,81.50080999999999,49.940236666666664,29.812319999999996,7.982156666666666,33.814899999999994,8.304203333333332,0,0.41406,0,62.73009,309.90090666666663,72.82855333333332,67.67580666666666,58.612493333333326,22.520263333333332,81.75384666666666,126.9784,13.894013333333332,96.86703666666666,23.187359999999998,77.82027666666666,41.03794666666666
