timestamp,accept,bind,clone,close,connect,dup,exit,fcntl,futex,getpid,getsockname,getsockopt,ioctl,list,lseek,madvise,mmap,mprotect,newfstat,newlstat,newstat,open,poll,read,recvfrom,recvmsg,select,sendto,setsockopt,shutdown,socket,write
2019-05-08 17:07:34,373.4363636363636,105.98181818181817,199.67272727272726,135.18181818181816,243.47272727272727,132.39999999999998,206.38181818181818,251.1090909090909,919.2181818181817,320.6727272727273,180.03636363636363,260.3818181818182,270.29090909090905,101.21818181818182,0,62.14545454545454,0,6.945454545454544,331.3454545454545,0,1400.8545454545454,168.2,227.49090909090907,396.98181818181814,243.16363636363633,139.03636363636363,661.5454545454545,188.56363636363633,753.690909090909,163.54545454545453,199.25454545454542,155
2019-05-08 17:07:31,420.6181818181818,85.54545454545453,228.94545454545454,141.47272727272727,224.23636363636362,116.25454545454545,237.59999999999997,207.29090909090908,934.7818181818182,299.4,203.1272727272727,259.3454545454545,293.0363636363636,112.29090909090908,0,70.9090909090909,0,12.890909090909089,326.2363636363636,0,1429.8363636363636,153.69090909090906,212.54545454545453,371.2363636363636,302.2545454545454,121.52727272727272,690.0545454545453,187.87272727272727,708.4545454545454,144.38181818181818,209.74545454545452,143.56363636363636
2019-05-08 17:07:28,420.6181818181818,85.54545454545453,228.94545454545454,141.47272727272727,224.23636363636362,116.25454545454545,237.59999999999997,207.29090909090908,934.7818181818182,299.4,203.1272727272727,259.3454545454545,293.0363636363636,112.29090909090908,0,70.9090909090909,0,12.890909090909089,326.2363636363636,0,1429.8363636363636,153.69090909090906,212.54545454545453,371.2363636363636,302.2545454545454,121.52727272727272,690.0545454545453,187.87272727272727,708.4545454545454,144.38181818181818,209.74545454545452,143.56363636363636
2019-05-08 17:07:25,459.96363636363634,116.21818181818182,228.7272727272727,138.07272727272726,212.23636363636362,116.92727272727272,232.69090909090906,202.76363636363632,964.6363636363636,306.8363636363636,199.27272727272728,267.6181818181818,287.16363636363633,121.47272727272727,0,115.12727272727271,0,12.890909090909089,345.8181818181818,0,1429.8545454545454,199.3090909090909,254.2181818181818,344.49090909090904,282.96363636363634,116.38181818181816,682.0909090909091,197.16363636363633,704.1818181818181,146.14545454545453,210.7090909090909,143.7090909090909
2019-05-08 17:07:22,469.0545454545454,154.2181818181818,219.3090909090909,172.0181818181818,213.3090909090909,116.98181818181817,245.14545454545453,197.43636363636364,969.5636363636363,333.8363636363636,190.83636363636364,258.5272727272727,276.58181818181816,166.63636363636363,0,136.78181818181818,0,13.963636363636363,356.16363636363633,0,1409.4,181.98181818181817,276.74545454545455,347.12727272727267,291.3454545454545,134.1090909090909,712.2363636363636,212.74545454545452,650.8909090909091,158.89090909090908,228.07272727272726,162.7272727272727
2019-05-08 17:07:19,469.0545454545454,154.2181818181818,219.3090909090909,172.0181818181818,213.3090909090909,116.98181818181817,245.14545454545453,197.43636363636364,969.5636363636363,333.8363636363636,190.83636363636364,258.5272727272727,276.58181818181816,166.63636363636363,0,136.78181818181818,0,13.963636363636363,356.16363636363633,0,1409.4,181.98181818181817,276.74545454545455,347.12727272727267,291.3454545454545,134.1090909090909,712.2363636363636,212.74545454545452,650.8909090909091,158.89090909090908,228.07272727272726,162.7272727272727
2019-05-08 17:07:16,488.2727272727272,154.23636363636362,209.43636363636364,176.78181818181818,249.0181818181818,110.41818181818182,226.87272727272727,176.6181818181818,943.0909090909091,311.47272727272724,198.87272727272727,233.2181818181818,288,155.29090909090908,0,175.0181818181818,0,9.236363636363636,329.6545454545454,0,1411.090909090909,172.0181818181818,268.49090909090904,332.4,275.78181818181815,134.29090909090908,682.5636363636363,201.1272727272727,614.0181818181817,150.34545454545454,223.94545454545454,168.83636363636364
2019-05-08 17:07:13,488.2727272727272,154.23636363636362,209.43636363636364,176.78181818181818,249.0181818181818,110.41818181818182,226.87272727272727,176.6181818181818,943.0909090909091,311.47272727272724,198.87272727272727,233.2181818181818,288,155.29090909090908,0,175.0181818181818,0,9.236363636363636,329.6545454545454,0,1411.090909090909,172.0181818181818,268.49090909090904,332.4,275.78181818181815,134.29090909090908,682.5636363636363,201.1272727272727,614.0181818181817,150.34545454545454,223.94545454545454,168.83636363636364
2019-05-08 17:07:10,489.89761216287485,154.05459472238894,228.07208976667212,185.6075072289814,240.63869641915363,101.6058341062433,199.15616418426174,191.13608671140452,962.9548802444214,259.80686344044955,194.55507665448198,215.88739156527905,303.12619346390966,156.36423154563806,0,165.4027315547311,0,8.602033207849129,339.98945205230325,0,1345.7908232855038,169.385491116082,250.6228744976085,251.53218033353338,249.22254351028425,113.33587938967392,662.2656264207903,195.1370323894739,546.5837379744303,116.50026369869242,203.02980704530162,164.2570062014658
2019-05-08 17:07:07,450.09090909090907,165.4,211.16363636363633,200.87272727272727,218.99999999999997,96.61818181818181,220.16363636363633,192.05454545454543,953.9454545454545,288.47272727272724,173.8,247.6181818181818,278.0181818181818,156.3272727272727,0,176.03636363636363,0,8.6,289.10909090909087,0,1324.5454545454545,169.63636363636363,225.9090909090909,259.3272727272727,226.9272727272727,118.43636363636364,613.6181818181817,131.96363636363634,452.96363636363634,111.65454545454546,177.36363636363635,105.01818181818182
2019-05-08 17:07:04,450.09090909090907,165.4,211.16363636363633,200.87272727272727,218.99999999999997,96.61818181818181,220.16363636363633,192.05454545454543,953.9454545454545,288.47272727272724,173.8,247.6181818181818,278.0181818181818,156.3272727272727,0,176.03636363636363,0,8.6,289.10909090909087,0,1324.5454545454545,169.63636363636363,225.9090909090909,259.3272727272727,226.9272727272727,118.43636363636364,613.6181818181817,131.96363636363634,452.96363636363634,111.65454545454546,177.36363636363635,105.01818181818182
2019-05-08 17:07:01,414.8545454545454,185.29090909090908,203.94545454545454,200.49090909090907,222.18181818181816,128.99999999999997,194.6,151.94545454545454,909.7636363636362,267.94545454545454,178.34545454545454,225.47272727272727,299.9090909090909,151.23636363636362,0,171.8,0,8.6,198.4181818181818,0,1284.2545454545455,181.54545454545453,213.59999999999997,221.47272727272727,201.47272727272727,143.16363636363636,472.19999999999993,120.43636363636364,410.52727272727265,110.59999999999998,177.9272727272727,100.67272727272727
2019-05-08 17:06:58,414.8545454545454,185.29090909090908,203.94545454545454,200.49090909090907,222.18181818181816,128.99999999999997,194.6,151.94545454545454,909.7636363636362,267.94545454545454,178.34545454545454,225.47272727272727,299.9090909090909,151.23636363636362,0,171.8,0,8.6,198.4181818181818,0,1284.2545454545455,181.54545454545453,213.59999999999997,221.47272727272727,201.47272727272727,143.16363636363636,472.19999999999993,120.43636363636364,410.52727272727265,110.59999999999998,177.9272727272727,100.67272727272727
2019-05-08 17:06:55,381.50909090909084,181.6,179.03636363636363,203.34545454545454,207.25454545454542,93.12727272727271,199.56363636363633,189.58181818181816,915.1818181818181,269.78181818181815,145.05454545454543,185.23636363636362,270.7090909090909,190.16363636363633,0,189.7090909090909,0,8.6,172.78181818181818,0,1257.6181818181817,176.09090909090907,227.54545454545453,222.58181818181816,162.4181818181818,131.85454545454544,373.4363636363636,140.54545454545453,410.8909090909091,97.52727272727272,187.3272727272727,100.12727272727271
2019-05-08 17:06:52,341.6909090909091,184.98181818181817,169.3272727272727,203.78181818181818,206.69090909090906,100.16363636363636,228.7090909090909,158.27272727272728,884.690909090909,302.4545454545454,164.49090909090907,159.87272727272727,245.1090909090909,200.29090909090908,0,189.78181818181818,0,7.781818181818181,185.69090909090906,0,1261.0181818181816,170.63636363636363,221.19999999999996,255.27272727272728,163.89090909090908,133.2181818181818,329.8363636363636,146.83636363636364,396.96363636363634,96.92727272727272,194.25454545454542,113.81818181818181
2019-05-08 17:06:49,341.6909090909091,184.98181818181817,169.3272727272727,203.78181818181818,206.69090909090906,100.16363636363636,228.7090909090909,158.27272727272728,884.690909090909,302.4545454545454,164.49090909090907,159.87272727272727,245.1090909090909,200.29090909090908,0,189.78181818181818,0,7.781818181818181,185.69090909090906,0,1261.0181818181816,170.63636363636363,221.19999999999996,255.27272727272728,163.89090909090908,133.2181818181818,329.8363636363636,146.83636363636364,396.96363636363634,96.92727272727272,194.25454545454542,113.81818181818181
2019-05-08 17:06:46,320.6545454545454,210.1272727272727,190.87272727272727,200.3272727272727,229.83636363636364,113.94545454545454,208.05454545454543,155.4181818181818,876.5090909090908,293.9090909090909,207.65454545454543,178.9272727272727,228.39999999999998,219.16363636363633,0,210.89090909090908,0,13.29090909090909,212.98181818181817,0,1248.7454545454543,151.38181818181818,222.9272727272727,265.25454545454545,170.34545454545454,143,363.3636363636363,159.63636363636363,377.3454545454545,119.34545454545453,175.6,154.7090909090909
2019-05-08 17:06:43,320.6545454545454,210.1272727272727,190.87272727272727,200.3272727272727,229.83636363636364,113.94545454545454,208.05454545454543,155.4181818181818,876.5090909090908,293.9090909090909,207.65454545454543,178.9272727272727,228.39999999999998,219.16363636363633,0,210.89090909090908,0,13.29090909090909,212.98181818181817,0,1248.7454545454543,151.38181818181818,222.9272727272727,265.25454545454545,170.34545454545454,143,363.3636363636363,159.63636363636363,377.3454545454545,119.34545454545453,175.6,154.7090909090909
2019-05-08 17:06:40,316.16363636363633,219.18181818181816,200.36363636363635,208.38181818181818,244.6363636363636,109.94545454545454,209.03636363636363,137.07272727272726,830.6181818181817,254.45454545454544,182.83636363636364,120.54545454545453,220.0181818181818,228.3272727272727,0,222.1272727272727,0,24.30909090909091,223.29090909090908,0,1265.8727272727272,127.69090909090909,226.65454545454543,255.54545454545453,176.1090909090909,142.78181818181818,359.52727272727265,159.76363636363638,302.8181818181818,121.69090909090909,164.85454545454544,181.8181818181818
2019-05-08 17:06:37,288.0181818181818,208.67272727272726,174.07272727272726,212.65454545454543,243.3272727272727,105.52727272727272,192.8,137.65454545454543,820.2181818181817,248.59999999999997,164.2181818181818,133.76363636363635,196.87272727272727,198.1090909090909,0,223.07272727272726,0,18.363636363636363,216.14545454545453,0,1255.9636363636362,147.27272727272728,221.67272727272726,257.16363636363633,134.05454545454546,127.72727272727272,365.6909090909091,165.45454545454544,345.7090909090909,140.6181818181818,146.47272727272727,174.2
2019-05-08 17:06:34,288.0181818181818,208.67272727272726,174.07272727272726,212.65454545454543,243.3272727272727,105.52727272727272,192.8,137.65454545454543,820.2181818181817,248.59999999999997,164.2181818181818,133.76363636363635,196.87272727272727,198.1090909090909,0,223.07272727272726,0,18.363636363636363,216.14545454545453,0,1255.9636363636362,147.27272727272728,221.67272727272726,257.16363636363633,134.05454545454546,127.72727272727272,365.6909090909091,165.45454545454544,345.7090909090909,140.6181818181818,146.47272727272727,174.2
2019-05-08 17:06:31,267.74545454545455,177.6,191.18181818181816,188.18181818181816,234.99999999999997,109.61818181818181,171.4181818181818,137.3090909090909,825.6363636363636,247.1090909090909,160.58181818181816,157.76363636363638,184.96363636363634,199.16363636363633,0,188.58181818181816,0,26.127272727272725,211.58181818181816,0,1257.2727272727273,134.34545454545454,183.1272727272727,266.5090909090909,116.38181818181816,142.8,383.8545454545454,137.38181818181818,370.50909090909084,152.34545454545454,139.49090909090907,186.69090909090906
2019-05-08 17:06:28,267.74545454545455,177.6,191.18181818181816,188.18181818181816,234.99999999999997,109.61818181818181,171.4181818181818,137.3090909090909,825.6363636363636,247.1090909090909,160.58181818181816,157.76363636363638,184.96363636363634,199.16363636363633,0,188.58181818181816,0,26.127272727272725,211.58181818181816,0,1257.2727272727273,134.34545454545454,183.1272727272727,266.5090909090909,116.38181818181816,142.8,383.8545454545454,137.38181818181818,370.50909090909084,152.34545454545454,139.49090909090907,186.69090909090906
2019-05-08 17:06:25,249.29090909090908,138.38181818181818,202.6181818181818,153.25454545454542,233.65454545454543,136.34545454545454,164.14545454545453,148.14545454545453,814.1090909090908,239.83636363636364,160.3090909090909,178.05454545454543,158.96363636363637,175.56363636363633,0,167.5272727272727,0,25.054545454545455,221.43636363636364,0,1227.0727272727272,160.56363636363636,189.8181818181818,270.2363636363636,108.47272727272727,121.36363636363635,349.52727272727265,125.78181818181817,408.78181818181815,171.3090909090909,117.18181818181817,180.67272727272726
2019-05-08 17:06:22,198.4181818181818,138.16363636363636,197.27272727272728,149.8,199.9090909090909,152.7272727272727,154.1090909090909,162.89090909090908,827.5272727272727,240.2181818181818,183.9090909090909,179.78181818181818,129.34545454545454,209.5272727272727,0,127.0181818181818,0,24.29090909090909,201.3090909090909,0,1207.581818181818,161.56363636363636,196.6181818181818,269.8727272727273,107.5090909090909,120.94545454545454,375.18181818181813,116.87272727272726,412.10909090909087,165.38181818181818,122.14545454545454,204.25454545454542
2019-05-08 17:06:19,198.4181818181818,138.16363636363636,197.27272727272728,149.8,199.9090909090909,152.7272727272727,154.1090909090909,162.89090909090908,827.5272727272727,240.2181818181818,183.9090909090909,179.78181818181818,129.34545454545454,209.5272727272727,0,127.0181818181818,0,24.29090909090909,201.3090909090909,0,1207.581818181818,161.56363636363636,196.6181818181818,269.8727272727273,107.5090909090909,120.94545454545454,375.18181818181813,116.87272727272726,412.10909090909087,165.38181818181818,122.14545454545454,204.25454545454542
2019-05-08 17:06:16,221.91118462908767,148.76483740206862,180.10288477269012,201.3887626560995,162.54339883300312,173.322669187283,163.83400287204844,166.65151873193608,837.4384236453203,215.49451947721448,165.56086743133443,194.6085470706924,158.47163397742352,219.89347972297458,0,138.69449039317982,0,24.285168960063984,191.1911729954738,0,1201.7523130896334,166.61516368858273,207.27827967934854,275.7711813571338,148.4194644902114,125.8793376111101,405.6859287804701,129.07858142620836,392.4345154781597,181.70250668023922,152.01861378219695,203.37011251885917
2019-05-08 17:06:13,221.91118462908767,148.76483740206862,180.10288477269012,201.3887626560995,162.54339883300312,173.322669187283,163.83400287204844,166.65151873193608,837.4384236453203,215.49451947721448,165.56086743133443,194.6085470706924,158.47163397742352,219.89347972297458,0,138.69449039317982,0,24.285168960063984,191.1911729954738,0,1201.7523130896334,166.61516368858273,207.27827967934854,275.7711813571338,148.4194644902114,125.8793376111101,405.6859287804701,129.07858142620836,392.4345154781597,181.70250668023922,152.01861378219695,203.37011251885917
2019-05-08 17:06:10,263.3454545454545,130.78181818181818,189.23636363636362,184.1272727272727,149.4181818181818,172.9090909090909,143.05454545454543,167.2,815.8909090909091,180.16363636363633,165.27272727272728,172.5272727272727,168.5090909090909,218.36363636363635,0,163.85454545454544,0,25.27272727272727,202.27272727272728,0,1207.1818181818182,166.98181818181817,232.43636363636364,246.89090909090908,152.7090909090909,118.43636363636364,420.56363636363636,128.12727272727273,356.7090909090909,176.36363636363635,158.4181818181818,213.47272727272727
2019-05-08 17:06:07,298.10909090909087,103.45454545454545,208.8181818181818,181.47272727272727,165.38181818181818,160.2,138.58181818181816,165.98181818181817,765.8545454545454,175.9090909090909,166.8,172.49090909090907,146.9090909090909,218.34545454545454,0,180.3272727272727,0,25.27272727272727,201.9272727272727,0,1206.290909090909,180.96363636363634,249.76363636363632,245.2363636363636,141.34545454545454,90.23636363636363,461.3999999999999,128.38181818181818,369.96363636363634,175.7272727272727,175.8181818181818,211.18181818181816
2019-05-08 17:06:04,298.10909090909087,103.45454545454545,208.8181818181818,181.47272727272727,165.38181818181818,160.2,138.58181818181816,165.98181818181817,765.8545454545454,175.9090909090909,166.8,172.49090909090907,146.9090909090909,218.34545454545454,0,180.3272727272727,0,25.27272727272727,201.9272727272727,0,1206.290909090909,180.96363636363634,249.76363636363632,245.2363636363636,141.34545454545454,90.23636363636363,461.3999999999999,128.38181818181818,369.96363636363634,175.7272727272727,175.8181818181818,211.18181818181816
2019-05-08 17:06:01,350.0181818181818,104.23636363636363,210.0181818181818,161,151.49090909090907,159.56363636363636,108.89090909090909,126.96363636363635,813.1636363636363,177.47272727272727,183.45454545454544,192.87272727272727,159.18181818181816,178.6181818181818,0,163.67272727272726,0,25.90909090909091,203.89090909090908,0,1219.0545454545454,165.1272727272727,256.49090909090904,249.78181818181818,155.07272727272726,94.92727272727272,467.6545454545454,125.2181818181818,391.3818181818181,152.09090909090907,169.16363636363633,216.0181818181818
2019-05-08 17:05:58,350.0181818181818,104.23636363636363,210.0181818181818,161,151.49090909090907,159.56363636363636,108.89090909090909,126.96363636363635,813.1636363636363,177.47272727272727,183.45454545454544,192.87272727272727,159.18181818181816,178.6181818181818,0,163.67272727272726,0,25.90909090909091,203.89090909090908,0,1219.0545454545454,165.1272727272727,256.49090909090904,249.78181818181818,155.07272727272726,94.92727272727272,467.6545454545454,125.2181818181818,391.3818181818181,152.09090909090907,169.16363636363633,216.0181818181818
2019-05-08 17:05:55,376.74545454545455,122.12727272727271,238.43636363636364,161.45454545454544,157.05454545454543,160.38181818181818,82.1090909090909,129.34545454545454,802.6727272727272,155.49090909090907,178.3272727272727,214.27272727272728,159.09090909090907,186.78181818181818,0,160.18181818181816,0,26.745454545454542,195.5272727272727,0,1189.2363636363634,173.3090909090909,322.6363636363636,223.18181818181816,192.7090909090909,95.83636363636363,476.16363636363633,129.58181818181816,392.3636363636363,151.4181818181818,142.9272727272727,212.0181818181818
2019-05-08 17:05:52,379.0545454545454,102.58181818181816,232.56363636363633,159.94545454545454,114.61818181818181,141.1090909090909,80.32727272727271,147.45454545454544,843.9272727272727,160.3272727272727,142.38181818181818,215.38181818181818,154.83636363636364,163.67272727272726,0,134.67272727272726,0,21.94545454545454,205.16363636363633,0,1179.7272727272725,172.09090909090907,280.52727272727276,222.63636363636363,223.05454545454543,95.3090909090909,515.9272727272727,114.96363636363635,422.0363636363636,124.03636363636363,140.43636363636364,177.49090909090907
2019-05-08 17:05:49,379.0545454545454,102.58181818181816,232.56363636363633,159.94545454545454,114.61818181818181,141.1090909090909,80.32727272727271,147.45454545454544,843.9272727272727,160.3272727272727,142.38181818181818,215.38181818181818,154.83636363636364,163.67272727272726,0,134.67272727272726,0,21.94545454545454,205.16363636363633,0,1179.7272727272725,172.09090909090907,280.52727272727276,222.63636363636363,223.05454545454543,95.3090909090909,515.9272727272727,114.96363636363635,422.0363636363636,124.03636363636363,140.43636363636364,177.49090909090907
2019-05-08 17:05:46,341.4545454545454,94.41818181818182,187.63636363636363,151.5090909090909,99.2,140.7272727272727,73.01818181818182,118.76363636363635,850.4727272727272,170.49090909090907,141.25454545454542,214.8181818181818,151.27272727272728,148.8,0,121.78181818181817,0,10.927272727272728,186.85454545454544,0,1187.4,178.29090909090908,286.18181818181813,217.45454545454544,219.1272727272727,96,432.98181818181814,108.09090909090908,414.76363636363635,139.18181818181816,139.6181818181818,159.74545454545452
2019-05-08 17:05:43,341.4545454545454,94.41818181818182,187.63636363636363,151.5090909090909,99.2,140.7272727272727,73.01818181818182,118.76363636363635,850.4727272727272,170.49090909090907,141.25454545454542,214.8181818181818,151.27272727272728,148.8,0,121.78181818181817,0,10.927272727272728,186.85454545454544,0,1187.4,178.29090909090908,286.18181818181813,217.45454545454544,219.1272727272727,96,432.98181818181814,108.09090909090908,414.76363636363635,139.18181818181816,139.6181818181818,159.74545454545452
2019-05-08 17:05:40,337.10909090909087,84.96363636363635,184.29090909090908,143.05454545454543,105.54545454545453,133.74545454545452,69.03636363636363,143.65454545454543,826.8909090909091,184.76363636363632,136.56363636363636,221.8181818181818,155.78181818181818,160.6,0,124.94545454545454,0,10.927272727272728,199.8,0,1177.8181818181815,155.47272727272727,291.92727272727274,247.34545454545454,203.5090909090909,88.1090909090909,394.0363636363636,117.14545454545454,417.2363636363636,122.25454545454545,146.65454545454543,174.54545454545453
2019-05-08 17:05:37,289.8727272727273,85.4,168.96363636363634,148.54545454545453,89.21818181818182,136.96363636363637,70.58181818181818,177.58181818181816,823.2363636363636,211.7090909090909,117.9090909090909,208.65454545454543,139.87272727272727,158.54545454545453,0,115.49090909090908,0,3.1636363636363636,197.5090909090909,0,1172.3090909090909,124.78181818181817,281.8909090909091,257.76363636363635,201.38181818181818,67.49090909090908,427.98181818181814,114.58181818181816,459.0363636363636,112.03636363636363,147.69090909090906,168.49090909090907
2019-05-08 17:05:34,289.8727272727273,85.4,168.96363636363634,148.54545454545453,89.21818181818182,136.96363636363637,70.58181818181818,177.58181818181816,823.2363636363636,211.7090909090909,117.9090909090909,208.65454545454543,139.87272727272727,158.54545454545453,0,115.49090909090908,0,3.1636363636363636,197.5090909090909,0,1172.3090909090909,124.78181818181817,281.8909090909091,257.76363636363635,201.38181818181818,67.49090909090908,427.98181818181814,114.58181818181816,459.0363636363636,112.03636363636363,147.69090909090906,168.49090909090907
2019-05-08 17:05:31,305.2545454545454,85.03636363636363,156.16363636363636,147.58181818181816,112.09090909090908,164.76363636363638,75.47272727272727,205.54545454545453,843.1818181818181,204.8181818181818,135.7090909090909,208.74545454545452,143.14545454545453,136.76363636363638,0,133.96363636363634,0,3.1636363636363636,168.69090909090906,0,1182.4545454545453,123.54545454545453,252.98181818181817,237.18181818181816,229.07272727272726,66.39999999999999,427.74545454545455,111.54545454545453,428.76363636363635,77.61818181818181,142.16363636363636,155.5090909090909
2019-05-08 17:05:28,305.2545454545454,85.03636363636363,156.16363636363636,147.58181818181816,112.09090909090908,164.76363636363638,75.47272727272727,205.54545454545453,843.1818181818181,204.8181818181818,135.7090909090909,208.74545454545452,143.14545454545453,136.76363636363638,0,133.96363636363634,0,3.1636363636363636,168.69090909090906,0,1182.4545454545453,123.54545454545453,252.98181818181817,237.18181818181816,229.07272727272726,66.39999999999999,427.74545454545455,111.54545454545453,428.76363636363635,77.61818181818181,142.16363636363636,155.5090909090909
2019-05-08 17:05:25,318.18181818181813,103.23636363636363,221.14545454545453,155.7272727272727,129.47272727272727,182.07272727272726,76.45454545454545,192.27272727272728,885.2363636363636,190.7090909090909,105.25454545454545,218.85454545454544,171.8181818181818,107.19999999999999,0,156.38181818181818,0,3.1636363636363636,169.9272727272727,0,1164.6727272727271,132.16363636363636,250.94545454545454,225.3272727272727,276,66.49090909090908,409.79999999999995,117.76363636363635,426.27272727272725,99.5090909090909,121.94545454545454,168.18181818181816
2019-05-08 17:05:22,279.3636363636363,109.16363636363636,224.27272727272728,90.54545454545453,128.14545454545453,162.78181818181818,67.7090909090909,209.65454545454543,849.8181818181818,240.56363636363633,124.07272727272726,221.23636363636362,127.59999999999998,102.32727272727271,0,152.7090909090909,0,24.34545454545454,173.43636363636364,0,1228.6181818181817,128.89090909090908,233.85454545454544,243.76363636363632,242.59999999999997,89.47272727272727,376.50909090909084,126.16363636363636,411.59999999999997,78.23636363636363,87.76363636363635,168.09090909090907
2019-05-08 17:05:19,279.3636363636363,109.16363636363636,224.27272727272728,90.54545454545453,128.14545454545453,162.78181818181818,67.7090909090909,209.65454545454543,849.8181818181818,240.56363636363633,124.07272727272726,221.23636363636362,127.59999999999998,102.32727272727271,0,152.7090909090909,0,24.34545454545454,173.43636363636364,0,1228.6181818181817,128.89090909090908,233.85454545454544,243.76363636363632,242.59999999999997,89.47272727272727,376.50909090909084,126.16363636363636,411.59999999999997,78.23636363636363,87.76363636363635,168.09090909090907
2019-05-08 17:05:16,258.29090909090905,108.94545454545454,221.98181818181817,88.14545454545454,144.49090909090907,164.5272727272727,68.25454545454545,242.0363636363636,845.1999999999999,272.6363636363636,171.2,265.3636363636363,124.1090909090909,99.52727272727272,0,111.67272727272727,0,23.363636363636363,167.43636363636364,0,1306.8181818181815,130.5090909090909,211.25454545454542,248.6181818181818,214.09090909090907,80.54545454545453,423.56363636363636,129.03636363636363,427.18181818181813,80.21818181818182,87.29090909090908,157.94545454545454
2019-05-08 17:05:13,258.29090909090905,108.94545454545454,221.98181818181817,88.14545454545454,144.49090909090907,164.5272727272727,68.25454545454545,242.0363636363636,845.1999999999999,272.6363636363636,171.2,265.3636363636363,124.1090909090909,99.52727272727272,0,111.67272727272727,0,23.363636363636363,167.43636363636364,0,1306.8181818181815,130.5090909090909,211.25454545454542,248.6181818181818,214.09090909090907,80.54545454545453,423.56363636363636,129.03636363636363,427.18181818181813,80.21818181818182,87.29090909090908,157.94545454545454
2019-05-08 17:05:10,277.07272727272726,109.7090909090909,203.83636363636364,122.98181818181817,175.3090909090909,142.9090909090909,76.12727272727271,274.4181818181818,901.2363636363636,245.6181818181818,195.9090909090909,292.3272727272727,129.3090909090909,103.56363636363635,0,130.83636363636364,0,27.49090909090909,168.98181818181817,0,1316.4,103.65454545454546,193.74545454545452,233.45454545454544,230.83636363636364,131.4181818181818,429.4363636363636,129.12727272727273,388.50909090909084,87.65454545454546,81.41818181818182,160.16363636363636
2019-05-08 17:05:07,295.6727272727273,92.78181818181817,208.7090909090909,122.7090909090909,209.5272727272727,162.56363636363636,119.54545454545453,276.52727272727276,873.0181818181817,245.6363636363636,177.63636363636363,308.72727272727275,133.27272727272728,110.29090909090908,0,138.4181818181818,0,48.45454545454545,195.8181818181818,0,1284.1272727272726,120.21818181818182,181.49090909090907,264.3454545454545,235.14545454545453,117.05454545454545,463.74545454545455,130.76363636363635,358.2545454545454,109.81818181818181,112.99999999999999,173.87272727272727
2019-05-08 17:05:04,295.6727272727273,92.78181818181817,208.7090909090909,122.7090909090909,209.5272727272727,162.56363636363636,119.54545454545453,276.52727272727276,873.0181818181817,245.6363636363636,177.63636363636363,308.72727272727275,133.27272727272728,110.29090909090908,0,138.4181818181818,0,48.45454545454545,195.8181818181818,0,1284.1272727272726,120.21818181818182,181.49090909090907,264.3454545454545,235.14545454545453,117.05454545454545,463.74545454545455,130.76363636363635,358.2545454545454,109.81818181818181,112.99999999999999,173.87272727272727
2019-05-08 17:05:01,290.72727272727275,63.418181818181814,196.03636363636363,121.03636363636363,203.3272727272727,163.56363636363636,117.19999999999999,312.49090909090904,894.4727272727272,249.09090909090907,169.34545454545454,306.8181818181818,113.67272727272727,102.59999999999998,0,136.18181818181816,0,47.61818181818182,222.9272727272727,0,1285.0181818181816,141.05454545454543,120.14545454545454,269.58181818181816,231.2181818181818,107.5090909090909,515.9454545454545,137.54545454545453,380.96363636363634,110.87272727272726,112.49090909090908,162.5090909090909
2019-05-08 17:04:58,290.72727272727275,63.418181818181814,196.03636363636363,121.03636363636363,203.3272727272727,163.56363636363636,117.19999999999999,312.49090909090904,894.4727272727272,249.09090909090907,169.34545454545454,306.8181818181818,113.67272727272727,102.59999999999998,0,136.18181818181816,0,47.61818181818182,222.9272727272727,0,1285.0181818181816,141.05454545454543,120.14545454545454,269.58181818181816,231.2181818181818,107.5090909090909,515.9454545454545,137.54545454545453,380.96363636363634,110.87272727272726,112.49090909090908,162.5090909090909
2019-05-08 17:04:55,315.30909090909086,53.90909090909091,227.78181818181818,139.0181818181818,213.07272727272726,173.2,123.47272727272727,293.07272727272726,888.8909090909091,268.76363636363635,201.78181818181818,297.3818181818181,152.63636363636363,106.18181818181817,0,141.83636363636364,0,46.90909090909091,183.7272727272727,0,1288.890909090909,142.4181818181818,127.83636363636363,291.4363636363636,224.59999999999997,98.52727272727272,480.78181818181815,140.7272727272727,385.74545454545455,118.96363636363635,113.85454545454544,161.6181818181818
2019-05-08 17:04:52,313.8363636363636,62.07272727272727,230.89090909090908,138.83636363636364,213.5090909090909,170.3272727272727,122.32727272727271,295.49090909090904,875.3636363636363,272.09090909090907,193.6,346.4545454545454,153.07272727272726,124.47272727272727,0,189.98181818181817,0,46.90909090909091,171.76363636363632,0,1270.6909090909091,124.38181818181816,116.27272727272727,275.8909090909091,263.96363636363634,106.76363636363635,524.1454545454545,129.58181818181816,361.0545454545454,101.23636363636363,143.05454545454543,190.25454545454542
2019-05-08 17:04:49,313.8363636363636,62.07272727272727,230.89090909090908,138.83636363636364,213.5090909090909,170.3272727272727,122.32727272727271,295.49090909090904,875.3636363636363,272.09090909090907,193.6,346.4545454545454,153.07272727272726,124.47272727272727,0,189.98181818181817,0,46.90909090909091,171.76363636363632,0,1270.6909090909091,124.38181818181816,116.27272727272727,275.8909090909091,263.96363636363634,106.76363636363635,524.1454545454545,129.58181818181816,361.0545454545454,101.23636363636363,143.05454545454543,190.25454545454542
2019-05-08 17:04:46,309.07272727272726,61.85454545454545,244.67272727272726,137.96363636363637,211.74545454545452,171.16363636363633,115.89090909090909,301.76363636363635,891.7090909090908,288,200.67272727272726,342.47272727272724,149.03636363636363,129.47272727272727,0,178.56363636363633,0,50.58181818181818,159.69090909090906,0,1260.2363636363634,124.52727272727272,131.78181818181818,239.27272727272728,305.2,108.43636363636364,570.5454545454545,146.4181818181818,361.2545454545454,99.61818181818181,183.5272727272727,184.34545454545454
2019-05-08 17:04:43,309.07272727272726,61.85454545454545,244.67272727272726,137.96363636363637,211.74545454545452,171.16363636363633,115.89090909090909,301.76363636363635,891.7090909090908,288,200.67272727272726,342.47272727272724,149.03636363636363,129.47272727272727,0,178.56363636363633,0,50.58181818181818,159.69090909090906,0,1260.2363636363634,124.52727272727272,131.78181818181818,239.27272727272728,305.2,108.43636363636364,570.5454545454545,146.4181818181818,361.2545454545454,99.61818181818181,183.5272727272727,184.34545454545454
2019-05-08 17:04:40,356.96363636363634,62.527272727272724,268.45454545454544,141.85454545454544,212.47272727272727,165.0181818181818,115.01818181818182,279.6727272727273,877.7636363636362,293.8,217.67272727272726,332.6545454545454,153.7090909090909,124.34545454545453,0,185.2181818181818,0,50.58181818181818,147.3090909090909,0,1269.1636363636362,120.98181818181817,129.99999999999997,268.27272727272725,345.2363636363636,109.32727272727271,525.2181818181818,145.98181818181817,324.7090909090909,95.87272727272726,186.98181818181817,177.58181818181816
2019-05-08 17:04:37,350.4,61.21818181818182,266.6181818181818,141.3272727272727,189.74545454545452,111.69090909090909,94.9090909090909,242.36363636363635,877.7090909090908,313.2545454545454,198.7090909090909,326.58181818181816,150.85454545454544,128.23636363636362,0,165.63636363636363,0,50.58181818181818,147.25454545454542,0,1262.6909090909091,105.39999999999999,129.36363636363635,314.0363636363636,315.07272727272726,108.19999999999999,521.1090909090909,146.1090909090909,378.76363636363635,96.03636363636363,188.1272727272727,181.58181818181816
2019-05-08 17:04:34,350.4,61.21818181818182,266.6181818181818,141.3272727272727,189.74545454545452,111.69090909090909,94.9090909090909,242.36363636363635,877.7090909090908,313.2545454545454,198.7090909090909,326.58181818181816,150.85454545454544,128.23636363636362,0,165.63636363636363,0,50.58181818181818,147.25454545454542,0,1262.6909090909091,105.39999999999999,129.36363636363635,314.0363636363636,315.07272727272726,108.19999999999999,521.1090909090909,146.1090909090909,378.76363636363635,96.03636363636363,188.1272727272727,181.58181818181816
2019-05-08 17:04:31,392.07272727272726,41.65454545454545,203.6181818181818,138.03636363636363,192.38181818181818,117.7090909090909,105.12727272727271,257.3272727272727,835.8545454545454,328.54545454545456,199.23636363636362,319.18181818181813,120.03636363636363,121.96363636363635,0,145.7272727272727,0,50.58181818181818,195.34545454545454,0,1275.6545454545453,117.7090909090909,134.2,337.3818181818181,271.45454545454544,107.19999999999999,566.1818181818181,168.09090909090907,414.29090909090905,91.56363636363635,187.58181818181816,139.96363636363637
2019-05-08 17:04:28,392.07272727272726,41.65454545454545,203.6181818181818,138.03636363636363,192.38181818181818,117.7090909090909,105.12727272727271,257.3272727272727,835.8545454545454,328.54545454545456,199.23636363636362,319.18181818181813,120.03636363636363,121.96363636363635,0,145.7272727272727,0,50.58181818181818,195.34545454545454,0,1275.6545454545453,117.7090909090909,134.2,337.3818181818181,271.45454545454544,107.19999999999999,566.1818181818181,168.09090909090907,414.29090909090905,91.56363636363635,187.58181818181816,139.96363636363637
2019-05-08 17:04:25,461.6363636363636,35.61818181818182,238.54545454545453,182.2,200.4,117.67272727272727,109.47272727272727,220.87272727272727,847.1636363636363,303,232.7272727272727,301.76363636363635,125.65454545454546,155.56363636363636,0,177.29090909090908,0,29.399999999999995,206.59999999999997,0,1212.2,136.1090909090909,132.0909090909091,338.4181818181818,271.16363636363633,99.63636363636364,635.5636363636363,168.69090909090906,460.49090909090904,97.03636363636363,188.45454545454544,139.78181818181818
2019-05-08 17:04:22,486.0545454545454,35.345454545454544,236.38181818181818,199.5272727272727,204.47272727272727,123.98181818181817,134.16363636363636,192.78181818181818,876.0363636363636,292.1272727272727,184.25454545454542,277.49090909090904,106.19999999999999,184.5090909090909,0,203.7272727272727,0,29.399999999999995,222.98181818181817,0,1153.6363636363635,135.9272727272727,139.74545454545452,337.54545454545456,270.2363636363636,107.99999999999999,637.7272727272726,186.69090909090906,470.8909090909091,99.2,170.36363636363635,151.4
2019-05-08 17:04:19,486.0545454545454,35.345454545454544,236.38181818181818,199.5272727272727,204.47272727272727,123.98181818181817,134.16363636363636,192.78181818181818,876.0363636363636,292.1272727272727,184.25454545454542,277.49090909090904,106.19999999999999,184.5090909090909,0,203.7272727272727,0,29.399999999999995,222.98181818181817,0,1153.6363636363635,135.9272727272727,139.74545454545452,337.54545454545456,270.2363636363636,107.99999999999999,637.7272727272726,186.69090909090906,470.8909090909091,99.2,170.36363636363635,151.4
2019-05-08 17:04:16,460.9090909090909,51.127272727272725,275.8545454545454,173.1272727272727,205.96363636363634,139.63636363636363,129.2181818181818,166.49090909090907,889.5454545454545,311.9090909090909,154.1272727272727,271.99999999999994,101.38181818181816,214.27272727272728,0,183.4,0,25.27272727272727,252.18181818181816,0,1158.4,146.9272727272727,172.5272727272727,335.49090909090904,270.47272727272724,57.54545454545454,597.1636363636363,188.16363636363633,508.3818181818181,134.6909090909091,207.87272727272727,151.2181818181818
2019-05-08 17:04:13,460.9090909090909,51.127272727272725,275.8545454545454,173.1272727272727,205.96363636363634,139.63636363636363,129.2181818181818,166.49090909090907,889.5454545454545,311.9090909090909,154.1272727272727,271.99999999999994,101.38181818181816,214.27272727272728,0,183.4,0,25.27272727272727,252.18181818181816,0,1158.4,146.9272727272727,172.5272727272727,335.49090909090904,270.47272727272724,57.54545454545454,597.1636363636363,188.16363636363633,508.3818181818181,134.6909090909091,207.87272727272727,151.2181818181818
2019-05-08 17:04:10,409.4545454545454,82.38181818181819,290.98181818181814,172.49090909090907,176.54545454545453,141.3272727272727,143.9272727272727,184.23636363636362,884.5636363636363,314.78181818181815,179.3090909090909,256.0363636363636,124.83636363636363,229.03636363636363,0,241.79999999999998,0,9.581818181818182,243.3090909090909,0,1161.490909090909,147,184.58181818181816,312.1454545454545,278.58181818181816,80.81818181818181,557.1818181818181,170.05454545454543,514.5818181818181,113.05454545454545,173.7090909090909,153.3272727272727
2019-05-08 17:04:07,378.52727272727265,89.12727272727271,265.9090909090909,173.4181818181818,177.3090909090909,133.18181818181816,169.9272727272727,152.3090909090909,905.5454545454545,322.3818181818181,194.56363636363633,237.79999999999998,137.47272727272727,218.94545454545454,0,247.7272727272727,0,9.581818181818182,211.69090909090906,0,1202.1818181818182,138.69090909090906,197.74545454545452,321.27272727272725,249.1090909090909,100.4,525.1636363636363,150.74545454545452,506.9090909090909,112.72727272727272,179.6181818181818,153.69090909090906
2019-05-08 17:04:04,378.52727272727265,89.12727272727271,265.9090909090909,173.4181818181818,177.3090909090909,133.18181818181816,169.9272727272727,152.3090909090909,905.5454545454545,322.3818181818181,194.56363636363633,237.79999999999998,137.47272727272727,218.94545454545454,0,247.7272727272727,0,9.581818181818182,211.69090909090906,0,1202.1818181818182,138.69090909090906,197.74545454545452,321.27272727272725,249.1090909090909,100.4,525.1636363636363,150.74545454545452,506.9090909090909,112.72727272727272,179.6181818181818,153.69090909090906
2019-05-08 17:04:01,368.4363636363636,89.7090909090909,218.1272727272727,160.47272727272727,167.85454545454544,130.47272727272727,168.05454545454543,151.7090909090909,866.7272727272726,277.09090909090907,155.96363636363637,220.59999999999997,110.3090909090909,214.94545454545454,0,242.98181818181817,0,9.581818181818182,215.65454545454543,0,1249.7454545454543,136.8181818181818,194.98181818181817,274.0545454545454,217.18181818181816,101.49090909090908,477.2363636363636,153.69090909090906,482.7272727272727,109.72727272727272,191.63636363636363,167.1272727272727
2019-05-08 17:03:58,368.4363636363636,89.7090909090909,218.1272727272727,160.47272727272727,167.85454545454544,130.47272727272727,168.05454545454543,151.7090909090909,866.7272727272726,277.09090909090907,155.96363636363637,220.59999999999997,110.3090909090909,214.94545454545454,0,242.98181818181817,0,9.581818181818182,215.65454545454543,0,1249.7454545454543,136.8181818181818,194.98181818181817,274.0545454545454,217.18181818181816,101.49090909090908,477.2363636363636,153.69090909090906,482.7272727272727,109.72727272727272,191.63636363636363,167.1272727272727
2019-05-08 17:03:55,388.4545454545454,102.14545454545454,251.09090909090907,181.25454545454542,167.7090909090909,181.49090909090907,170.1272727272727,150.9272727272727,878.1818181818181,260.76363636363635,155.8181818181818,215.49090909090907,114.52727272727272,254.36363636363635,0,235.09090909090907,0,30.854545454545452,216.94545454545454,0,1307.5272727272725,192.69090909090906,194.69090909090906,273.3272727272727,177.3272727272727,124.9090909090909,432.6545454545454,191.43636363636364,468.3454545454545,110.59999999999998,168.6,124.56363636363635
2019-05-08 17:03:52,398.8545454545454,112.67272727272727,237.9272727272727,181.6,164.2,179.25454545454542,211.19999999999996,140.07272727272726,922.0181818181817,324.8727272727273,168.96363636363634,238.7090909090909,146.29090909090908,256.2363636363636,0,242.7272727272727,0,27.999999999999996,264.6909090909091,0,1299.2,230.07272727272726,182.0181818181818,272.6909090909091,159.49090909090907,135.07272727272726,377.47272727272724,161.03636363636363,421.6181818181818,130.52727272727273,140.09090909090907,117.78181818181817
2019-05-08 17:03:49,398.8545454545454,112.67272727272727,237.9272727272727,181.6,164.2,179.25454545454542,211.19999999999996,140.07272727272726,922.0181818181817,324.8727272727273,168.96363636363634,238.7090909090909,146.29090909090908,256.2363636363636,0,242.7272727272727,0,27.999999999999996,264.6909090909091,0,1299.2,230.07272727272726,182.0181818181818,272.6909090909091,159.49090909090907,135.07272727272726,377.47272727272724,161.03636363636363,421.6181818181818,130.52727272727273,140.09090909090907,117.78181818181817
2019-05-08 17:03:46,349.3636363636363,152.5272727272727,213.56363636363633,175.58181818181816,207.1090909090909,182.85454545454544,209.76363636363632,149.0181818181818,905.7818181818182,286.4181818181818,182.98181818181817,259.27272727272725,149.3272727272727,312.2,0,235.5090909090909,0,27.999999999999996,265.0363636363636,0,1292.4727272727273,251.38181818181818,195.43636363636364,241.85454545454544,118.9090909090909,137.5272727272727,390.27272727272725,166.18181818181816,391.10909090909087,130.63636363636363,190.65454545454543,128.6181818181818
2019-05-08 17:03:43,349.3636363636363,152.5272727272727,213.56363636363633,175.58181818181816,207.1090909090909,182.85454545454544,209.76363636363632,149.0181818181818,905.7818181818182,286.4181818181818,182.98181818181817,259.27272727272725,149.3272727272727,312.2,0,235.5090909090909,0,27.999999999999996,265.0363636363636,0,1292.4727272727273,251.38181818181818,195.43636363636364,241.85454545454544,118.9090909090909,137.5272727272727,390.27272727272725,166.18181818181816,391.10909090909087,130.63636363636363,190.65454545454543,128.6181818181818
2019-05-08 17:03:40,337.8,154.09090909090907,217.1272727272727,192.7272727272727,230.49090909090907,205.7090909090909,236.94545454545454,153.34545454545454,925.4909090909091,279.18181818181813,203.54545454545453,244.6363636363636,187.47272727272727,357.2181818181818,0,242.8181818181818,0,27.999999999999996,263.96363636363634,0,1349.3272727272727,281.4181818181818,195.9090909090909,235.5090909090909,127.54545454545453,162.76363636363638,391.2,164,364.56363636363636,131.25454545454545,190.38181818181818,123.76363636363635
2019-05-08 17:03:37,294.78181818181815,159.96363636363637,236.4181818181818,170,207.16363636363633,188.16363636363633,235.49090909090907,162.34545454545454,927.5636363636363,267.0181818181818,221.85454545454544,244.3090909090909,211.85454545454544,404.7090909090909,0,261.49090909090904,0,27.999999999999996,215.27272727272728,0,1371.7090909090907,291.07272727272726,183.09090909090907,205.4181818181818,129.7090909090909,163.27272727272728,337.7272727272727,161.25454545454542,309.7090909090909,115.41818181818182,190.2,144.2
2019-05-08 17:03:34,294.78181818181815,159.96363636363637,236.4181818181818,170,207.16363636363633,188.16363636363633,235.49090909090907,162.34545454545454,927.5636363636363,267.0181818181818,221.85454545454544,244.3090909090909,211.85454545454544,404.7090909090909,0,261.49090909090904,0,27.999999999999996,215.27272727272728,0,1371.7090909090907,291.07272727272726,183.09090909090907,205.4181818181818,129.7090909090909,163.27272727272728,337.7272727272727,161.25454545454542,309.7090909090909,115.41818181818182,190.2,144.2
2019-05-08 17:03:31,239.87272727272727,150.3090909090909,219.45454545454544,124.85454545454544,197.6,192.6181818181818,229.8181818181818,180.94545454545454,911.4363636363636,262.6181818181818,167.2181818181818,272.79999999999995,205.69090909090906,402.76363636363635,0,241.29090909090908,0,27.999999999999996,190.83636363636364,0,1372.7818181818182,310.4181818181818,199.78181818181818,179.34545454545454,121.47272727272727,148.34545454545454,319.0181818181818,139.69090909090906,264.29090909090905,148.94545454545454,213.38181818181818,148.5090909090909
2019-05-08 17:03:28,239.87272727272727,150.3090909090909,219.45454545454544,124.85454545454544,197.6,192.6181818181818,229.8181818181818,180.94545454545454,911.4363636363636,262.6181818181818,167.2181818181818,272.79999999999995,205.69090909090906,402.76363636363635,0,241.29090909090908,0,27.999999999999996,190.83636363636364,0,1372.7818181818182,310.4181818181818,199.78181818181818,179.34545454545454,121.47272727272727,148.34545454545454,319.0181818181818,139.69090909090906,264.29090909090905,148.94545454545454,213.38181818181818,148.5090909090909
2019-05-08 17:03:25,202.2181818181818,191.3272727272727,201.43636363636364,153.69090909090906,216.16363636363633,222.14545454545453,224.1272727272727,185.5090909090909,923.8727272727272,260.05454545454546,179.58181818181816,271.8545454545454,205.16363636363633,395.3818181818181,0,213.7272727272727,0,27.999999999999996,178.78181818181818,0,1375.9636363636362,329.6363636363636,179.56363636363633,159.8,121.96363636363635,141.03636363636363,259.4363636363636,126.58181818181816,231.9090909090909,165.2181818181818,231.74545454545452,145.63636363636363
2019-05-08 17:03:22,228.16363636363633,175.8,181.09090909090907,181.23636363636362,166.83636363636364,243.3272727272727,260.25454545454545,180.7272727272727,929.7272727272726,282.3272727272727,218.69090909090906,276.47272727272724,256.6909090909091,385.96363636363634,0,196.98181818181817,0,27.999999999999996,219.38181818181818,0,1384.6545454545453,371.78181818181815,167.58181818181816,157.98181818181817,110.45454545454545,156,324.74545454545455,130.25454545454545,234.65454545454543,129.25454545454545,250.6363636363636,190.14545454545453
2019-05-08 17:03:19,228.16363636363633,175.8,181.09090909090907,181.23636363636362,166.83636363636364,243.3272727272727,260.25454545454545,180.7272727272727,929.7272727272726,282.3272727272727,218.69090909090906,276.47272727272724,256.6909090909091,385.96363636363634,0,196.98181818181817,0,27.999999999999996,219.38181818181818,0,1384.6545454545453,371.78181818181815,167.58181818181816,157.98181818181817,110.45454545454545,156,324.74545454545455,130.25454545454545,234.65454545454543,129.25454545454545,250.6363636363636,190.14545454545453
2019-05-08 17:03:16,255.3272727272727,144.83636363636364,186.83636363636364,180,180.8181818181818,222.39999999999998,215.79999999999998,180.18181818181816,866.4545454545454,274.8181818181818,202.36363636363635,255.05454545454543,222.36363636363635,385.6909090909091,0,174.98181818181817,0,22.090909090909086,240.7090909090909,0,1380.9454545454544,370.50909090909084,166.07272727272726,148.85454545454544,84.45454545454545,131.3090909090909,400.3818181818181,172.16363636363633,247.45454545454544,133.49090909090907,249.2363636363636,210.96363636363634
2019-05-08 17:03:13,255.3272727272727,144.83636363636364,186.83636363636364,180,180.8181818181818,222.39999999999998,215.79999999999998,180.18181818181816,866.4545454545454,274.8181818181818,202.36363636363635,255.05454545454543,222.36363636363635,385.6909090909091,0,174.98181818181817,0,22.090909090909086,240.7090909090909,0,1380.9454545454544,370.50909090909084,166.07272727272726,148.85454545454544,84.45454545454545,131.3090909090909,400.3818181818181,172.16363636363633,247.45454545454544,133.49090909090907,249.2363636363636,210.96363636363634
2019-05-08 17:03:10,315.2545454545454,162.7090909090909,186.94545454545454,202.87272727272727,209.7090909090909,221.96363636363634,208.89090909090908,174.8181818181818,857.3818181818182,254.34545454545454,181.74545454545452,259.6727272727273,252.38181818181818,385.2363636363636,0,175.23636363636362,0,22.927272727272726,275.07272727272726,0,1363.1636363636362,351.0545454545454,155.2,162.16363636363636,100.1090909090909,141.5272727272727,412.6363636363636,199.1090909090909,238.5272727272727,133.2181818181818,268.6363636363636,221.29090909090908
2019-05-08 17:03:07,298.92727272727274,163.03636363636363,224.79999999999998,212.19999999999996,224.67272727272726,232.4181818181818,206.16363636363633,217.5090909090909,854.6545454545453,282.58181818181816,186.07272727272726,288.74545454545455,283.94545454545454,384.9272727272727,0,189.7272727272727,0,22.927272727272726,278.94545454545454,0,1310.509090909091,352.56363636363636,156.6,190.9090909090909,103.43636363636364,142.34545454545454,474.6909090909091,190.98181818181817,237.1090909090909,141.9272727272727,288.52727272727276,202.65454545454543
2019-05-08 17:03:04,298.92727272727274,163.03636363636363,224.79999999999998,212.19999999999996,224.67272727272726,232.4181818181818,206.16363636363633,217.5090909090909,854.6545454545453,282.58181818181816,186.07272727272726,288.74545454545455,283.94545454545454,384.9272727272727,0,189.7272727272727,0,22.927272727272726,278.94545454545454,0,1310.509090909091,352.56363636363636,156.6,190.9090909090909,103.43636363636364,142.34545454545454,474.6909090909091,190.98181818181817,237.1090909090909,141.9272727272727,288.52727272727276,202.65454545454543
2019-05-08 17:03:01,274.2,142.36363636363637,202.69090909090906,190.4,224.78181818181818,183.18181818181816,207.38181818181818,215.56363636363633,854.2363636363636,280.3272727272727,184.9272727272727,257.54545454545456,301.8727272727273,332.8,0,155.0181818181818,0,13.145454545454545,300.27272727272725,0,1254.3636363636363,319.2181818181818,155.1090909090909,204.05454545454543,159.14545454545453,110.45454545454545,479.2363636363636,170.1272727272727,277.10909090909087,140.29090909090908,303.4,201.0181818181818
2019-05-08 17:02:58,274.2,142.36363636363637,202.69090909090906,190.4,224.78181818181818,183.18181818181816,207.38181818181818,215.56363636363633,854.2363636363636,280.3272727272727,184.9272727272727,257.54545454545456,301.8727272727273,332.8,0,155.0181818181818,0,13.145454545454545,300.27272727272725,0,1254.3636363636363,319.2181818181818,155.1090909090909,204.05454545454543,159.14545454545453,110.45454545454545,479.2363636363636,170.1272727272727,277.10909090909087,140.29090909090908,303.4,201.0181818181818
2019-05-08 17:02:55,253.0363636363636,131.89090909090908,232.98181818181817,200.56363636363633,243.1090909090909,181.3272727272727,197.7272727272727,199.7272727272727,842.9636363636363,211.98181818181817,164.7272727272727,228.25454545454542,309.76363636363635,331.2545454545454,0,151.78181818181818,0,12.327272727272726,255.78181818181818,0,1262.0363636363634,328.49090909090904,147.05454545454543,197.0181818181818,155.0181818181818,115.56363636363635,463.3818181818181,170.2181818181818,297.6363636363636,119.45454545454545,281.96363636363634,199.8181818181818
2019-05-08 17:02:52,251.74545454545452,113.16363636363636,241.69090909090906,195.87272727272727,198.65454545454543,175.85454545454544,196.9272727272727,179,860.2363636363636,229.6181818181818,131.3090909090909,196.14545454545453,300.1272727272727,291.2,0,161.36363636363637,0,12.327272727272726,264.6909090909091,0,1256.7818181818182,328.0363636363636,133.0181818181818,179.9272727272727,156.03636363636363,113.45454545454545,431.29090909090905,170.58181818181816,297.1272727272727,129.3090909090909,226.47272727272727,188.14545454545453
2019-05-08 17:02:49,251.74545454545452,113.16363636363636,241.69090909090906,195.87272727272727,198.65454545454543,175.85454545454544,196.9272727272727,179,860.2363636363636,229.6181818181818,131.3090909090909,196.14545454545453,300.1272727272727,291.2,0,161.36363636363637,0,12.327272727272726,264.6909090909091,0,1256.7818181818182,328.0363636363636,133.0181818181818,179.9272727272727,156.03636363636363,113.45454545454545,431.29090909090905,170.58181818181816,297.1272727272727,129.3090909090909,226.47272727272727,188.14545454545453
2019-05-08 17:02:46,276.1272727272727,112.54545454545453,263.0363636363636,198.83636363636364,173.43636363636364,170.94545454545454,167.98181818181817,192.58181818181816,823.1636363636363,203.34545454545454,112.27272727272727,214.99999999999997,261.05454545454546,241.74545454545452,0,153.96363636363637,0,21.937167878787875,277.76363636363635,0,1205.0545454545454,288.6909090909091,132.78181818181818,159.69090909090906,175.63636363636363,94.6,449.6727272727273,169.87272727272727,269.1818181818182,144.67272727272726,234.9272727272727,188
2019-05-08 17:02:43,276.1272727272727,112.54545454545453,263.0363636363636,195.22979636363635,173.43636363636364,170.94545454545454,167.98181818181817,192.58181818181816,823.1636363636363,203.34545454545454,112.27272727272727,209.0511666666667,261.05454545454546,241.74545454545452,0,153.96363636363637,0,20.825349696969695,277.76363636363635,0,1205.0545454545454,288.6909090909091,132.78181818181818,159.69090909090906,175.63636363636363,94.6,449.6727272727273,165.19285272727274,269.1818181818182,138.33302606060607,234.9272727272727,188
2019-05-08 17:02:40,288.4,123.9263006060606,275.6909727272727,197.1500018181818,191.30177393939397,161.3386193939394,159.63636363636363,186.53071333333335,824.9818181818181,210.04412363636362,121.08253515151515,201.43262727272727,235.5272727272727,219.65454545454543,0,153.14545454545453,0,21.566561818181818,278.76363636363635,0,1207.3636363636363,289.3818181818181,143.58181818181816,176.88450424242424,229.03711272727273,108.99999999999999,473.93989212121215,144.06526121212121,285.74545454545455,135.32829212121212,235.18181818181816,177.1272727272727
2019-05-08 17:02:37,299.52274363636366,126.21805757575756,259.6978618181818,198.63636363636363,194.09090909090907,158.6,169.8181818181818,168.23636363636362,833.8363636363636,194.2181818181818,123.19999999999999,172.46784424242423,254.69597939393938,209.7090909090909,0,133.58181818181816,0,22.31489212121212,297.9090909090909,0,1216.290909090909,248.59999999999997,124.45454545454545,180,230.49090909090907,123.60593575757575,413.06092242424245,144.6,296.3185024242424,98.08621272727274,236.34545454545454,193.65454545454543
2019-05-08 17:02:34,284.5018345454545,119.8953303030303,246.6724072727273,190.50474242424247,185.54277272727273,150.93838000000002,161.3891878787879,161.32775575757574,833.8363636363636,184.71304121212125,117.21989333333333,163.82511696969695,241.93779757575757,209.7090909090909,0,133.58181818181816,0,21.198528484848485,283.0641606060606,0,1216.290909090909,248.59999999999997,124.45454545454545,171.8273333333333,223.07289272727272,117.41866303030305,392.35364969696974,138.89218,281.48122969696965,93.17803090909092,224.605243030303,186.9970903030303
2019-05-08 17:02:31,285.5713018181818,82.79863393939394,246.86619636363636,146.74037515151517,145.57650060606062,116.90902000000001,145.53210363636362,153.6485606060606,804.919106060606,168.6321678787879,107.98205030303032,134.09600787878787,247.41648121212123,239.5200527272727,0,148.34249272727274,0,22.08038133333333,270.69105636363633,0,1217.7536442424241,259.49516,154.2355406060606,175.07004,227.75930363636363,119.06576242424242,394.56834727272724,132.9520193939394,282.49522424242423,73.54701090909091,209.75634242424243,179.78016303030304
2019-05-08 17:02:28,270.97857454545453,78.56772484848486,234.25165090909093,139.25764787878788,138.1455915151515,110.93902,138.09664909090907,145.80765151515152,764.2600151515152,160.0203496969697,102.46659575757576,127.24418969696971,234.77466303030306,227.28096181818182,0,140.7634018181818,0,20.85238133333333,256.86651090909095,0,1156.4472806060608,246.23516000000004,146.3646315151515,166.13004,216.1238490909091,112.98212606060606,374.4074381818182,126.16292848484849,268.0588606060606,69.79064727272727,199.04270606060606,170.61561757575757
2019-05-08 17:02:25,221.48699600000003,79.41498666666666,221.48699600000003,107.08191533333333,138.32235733333331,78.057908,104.515002,146.3824533333333,690.3820213333335,120.63609333333332,65.20139466666667,98.92991333333335,191.3779726666667,210.75417000000002,0,143.35342799999998,0,21.793757037037036,195.02450600000003,0,1081.7316713333332,201.33879400000004,127.63953133333332,157.85754799999998,213.68499400000002,101.24862533333334,297.72073800000004,122.95570466666668,231.04379933333334,64.06050400000001,137.34135933333332,128.97952266666667
2019-05-08 17:02:22,181.26363333333333,81.65023333333333,186.43590666666665,108.45409333333335,116.53187333333334,78.54921333333333,88.23633999999998,129.41132,691.8473133333334,123.31074666666667,57.47706,101.69335333333333,192.52677333333335,197.71919333333332,0,100.20067333333331,0,22.97047666666667,158.90228,0,1029.0354333333335,188.97602666666668,110.32360666666666,156.79073333333332,220.24373333333332,104.08621999999998,232.0055933333333,82.74419333333331,206.40887999999998,59.54034666666666,141.8278533333333,88.0824
2019-05-08 17:02:19,170.32474444444446,76.72245555555557,175.18479555555552,101.92742666666668,109.50854000000001,73.81365777777778,82.91300666666666,121.61354222222222,650.6506466666667,115.8751911111111,54.01150444444444,95.55668666666666,180.90899555555555,185.78697111111111,0,94.15511777777778,0,21.435476666666663,149.32227999999998,0,968.0187666666666,177.57158222222222,103.6780511111111,147.3351777777778,206.95484444444446,97.80510888888888,218.00670444444444,77.75641555555555,193.95110222222223,55.949235555555546,133.27452,82.7935111111111
2019-05-08 17:02:16,111.60735249999999,54.52992166666668,181.25104000000002,79.09897833333333,82.04425333333333,74.38660000000002,65.0689825,123.31603333333335,599.9071808333334,117.57170833333332,53.86982916666667,92.03583083333335,144.50676416666664,193.34082,0,91.0328775,0,21.88144571428571,118.94931500000001,0,911.3294158333333,184.27348500000002,98.24430583333334,118.28026000000001,193.68213999999998,71.27928083333335,164.440895,51.24332666666667,162.8265908333333,55.8195725,111.50861083333332,71.29384166666665
2019-05-08 17:02:13,103.9486025,50.78742166666667,168.81104000000002,73.69147833333334,76.42425333333333,69.2866,60.60523250000001,114.86603333333333,559.3659308333333,109.50920833333333,50.17607916666667,85.71958083333334,134.59051416666668,180.07081999999997,0,84.7866275,0,20.19287428571429,110.79681499999998,0,850.0156658333333,171.625985,91.51555583333332,110.17026,180.39213999999998,66.38803083333333,153.15839499999998,47.73332666666666,151.65034083333333,51.9908225,103.86236083333333,66.43134166666667
2019-05-08 17:02:10,106.80714571428572,51.21414095238096,139.7300657142857,59.14221333333334,62.24142190476191,53.59525714285714,60.76173142857144,75.9165561904762,535.3960933333333,84.37938761904762,45.19655809523809,60.15266761904762,96.25042095238095,187.7321857142857,0,71.94547142857142,0,21.571686666666665,99.57910857142858,0,798.1870019047619,178.68466571428567,86.66946190476192,76.83850285714286,186.0049942857143,67.15372476190477,98.47382857142857,46.808332380952386,122.60568761904763,38.789182857142855,74.6856161904762,64.73278095238093
2019-05-08 17:02:07,111.79683666666666,52.77690333333333,133.44453333333334,59.24282666666666,62.273476666666674,53.74696333333335,60.00043333333333,75.83642000000002,494.4806499999999,86.87833333333333,46.812583333333336,48.35993666666666,76.15167,176.14235000000002,0,69.60021333333333,0,10.989266666666667,76.20789666666668,0,733.3591133333334,161.2414866666667,87.46025,60.91005333333332,135.67279666666667,69.94980333333335,92.70510666666668,24.713693333333335,80.20499000000001,39.567166666666665,54.55136333333333,63.65558000000001
2019-05-08 17:02:04,102.13517,48.21523666666667,121.9112,54.14949333333333,56.905143333333335,49.10862999999999,54.8171,69.29975333333333,452.5389833333333,79.37833333333334,42.77091666666667,44.181603333333335,69.57333666666666,160.91735,0,63.586879999999994,0,9.889266666666666,69.63623,0,671.5291133333334,147.30482,79.91858333333333,55.65672,123.95113,63.904803333333334,84.69843999999999,22.587026666666667,73.27332333333334,36.150499999999994,49.84636333333333,58.19224666666667
2019-05-08 17:02:01,109.1024,50.56341066666666,97.642332,42.46199733333333,37.701185333333335,51.412024,19.526375999999996,66.21960133333333,388.59870533333327,55.673529333333335,44.127662666666666,35.21708133333333,31.175298666666666,151.00148,0,60.60278,0,10.961583333333333,61.556324000000004,0,620.4130333333334,105.65864,82.17568933333334,57.335548,110.089868,49.73826933333333,84.529516,20.128738666666667,54.75085333333333,36.59212,51.29230133333333,57.53742266666667
2019-05-08 17:01:58,97.7024,45.27941066666666,87.440332,38.057997333333326,33.77918533333334,46.048024000000005,17.490376,59.32160133333334,348.95670533333333,49.86752933333333,39.521662666666664,31.539081333333336,27.923298666666664,135.22148,0,54.272780000000004,0,9.586583333333333,55.142324,0,557.4630333333333,94.61863999999998,73.60968933333334,51.357548000000016,98.591868,44.54226933333334,75.70351600000001,18.036738666666665,49.03085333333333,32.77212,45.944301333333335,51.57142266666667
2019-05-08 17:01:55,107.089985,25.627576666666663,83.786705,37.33107333333333,33.94660833333333,49.052020000000006,18.397550000000003,61.29095333333334,298.9152383333333,32.45906833333333,41.13113166666667,33.437223333333336,28.439166666666672,127.04531,0,47.77254500000001,0,10.915444444444445,47.298350000000006,0,494.9480783333332,80.873795,76.74450833333334,53.45247,105.05933499999999,46.469658333333335,80.71572999999998,10.841471666666669,51.80368833333334,23.542430000000003,47.42083333333334,52.823386666666664
2019-05-08 17:01:52,82.54084666666667,27.703300000000002,56.45194,13.88118,35.11445333333334,29.756433333333337,19.83554666666667,42.934219999999996,269.24372666666665,33.37918,43.24906,12.421186666666667,29.963853333333326,144.61143333333334,0,52.46856666666666,0,0.14331666666666668,34.408860000000004,0,455.8134600000001,90.57325333333333,83.29323333333333,34.096219999999995,84.80140000000002,45.18552666666667,65.62868,9.81246,43.5878,5.280913333333334,39.047826666666666,55.66484
2019-05-08 17:01:49,69.97751333333333,23.48663333333333,47.86194,11.817846666666666,29.794453333333326,25.23976666666667,16.822213333333334,36.430886666666666,229.66705999999996,28.315846666666665,36.67239333333334,10.534519999999999,25.410519999999998,122.59476666666666,0,44.48523333333333,0,0.11831666666666667,29.19886,0,389.17012666666665,76.78658666666666,70.64323333333333,28.92622,71.9014,38.30886,55.648680000000006,8.335793333333333,36.95446666666667,4.484246666666666,33.12116,47.258173333333325
2019-05-08 17:01:46,33.85454545454545,1.6,2.3454545454545452,6.272727272727272,6.072727272727272,2.854545454545454,13.836363636363636,5.636363636363636,150.05454545454543,4.1454545454545455,3.0181818181818176,2.018181818181818,22.454545454545453,90.94545454545454,0,21.94545454545454,0.01818181818181818,0.2,23.690909090909088,0,254.5090909090909,41.309090909090905,45.81818181818182,4.745454545454545,8.309090909090909,21.8,2.454545454545454,5.163636363636363,16.472727272727273,2.327272727272727,29.327272727272724,30.636363636363633
2019-05-08 17:01:43,33.85454545454545,1.6,2.3454545454545452,6.272727272727272,6.072727272727272,2.854545454545454,13.836363636363636,5.636363636363636,150.05454545454543,4.1454545454545455,3.0181818181818176,2.018181818181818,22.454545454545453,90.94545454545454,0,21.94545454545454,0.01818181818181818,0.2,23.690909090909088,0,254.5090909090909,41.309090909090905,45.81818181818182,4.745454545454545,8.309090909090909,21.8,2.454545454545454,5.163636363636363,16.472727272727273,2.327272727272727,29.327272727272724,30.636363636363633
2019-05-08 17:01:40,48.87272727272727,16.363636363636363,6.909090909090908,36.87272727272727,38.87272727272727,13.654545454545454,4.672727272727272,19.927272727272726,166.5272727272727,26.018181818181816,7.363636363636363,8.363636363636363,25.4,90.65454545454546,0,63.781818181818174,0.01818181818181818,70.25454545454545,52.563636363636355,0,253.16363636363633,46.25454545454545,76.89090909090909,35.49090909090909,9.127272727272727,26.98181818181818,101.1090909090909,10,43.47272727272727,12.49090909090909,6.781818181818181,20.018181818181816
2019-05-08 17:01:37,67.03636363636363,48.836363636363636,19.836363636363632,48.527272727272724,68.34545454545453,20.87272727272727,7.509090909090909,24.29090909090909,206.67272727272726,52.236363636363635,18.509090909090908,40.87272727272727,38.21818181818182,42.8,0,66.05454545454545,0.01818181818181818,82.31685999999999,138.3272727272727,0,289.30909090909086,26.436363636363634,75.27272727272727,69.67272727272727,7.145454545454545,56.25454545454545,232.49090909090907,49.81818181818182,84.65454545454546,16.30909090909091,10.854545454545454,52.127272727272725
2019-05-08 17:01:34,67.03636363636363,48.836363636363636,19.836363636363632,48.527272727272724,68.34545454545453,20.87272727272727,7.509090909090909,24.29090909090909,206.67272727272726,52.236363636363635,18.509090909090908,40.87272727272727,38.21818181818182,42.8,0,66.05454545454545,0.01818181818181818,101.60686000000001,138.3272727272727,0,289.30909090909086,26.436363636363634,75.27272727272727,69.67272727272727,7.145454545454545,56.25454545454545,232.49090909090907,49.81818181818182,84.65454545454546,16.30909090909091,10.854545454545454,52.127272727272725
2019-05-08 17:01:31,80.34721333333333,58.36976444444444,31.315775555555557,61.75412444444444,104.6853577777778,28.37012888888889,11.385655555555557,105.12407111111112,294.7735777777778,66.5799711111111,30.730824444444448,73.91275111111112,46.19024666666667,53.48124444444444,0,99.98485777777778,0,80.59790666666667,197.27476222222225,0,475.0638666666667,38.39786222222222,99.71327333333333,101.84416666666668,34.99261111111112,79.82493555555557,389.4103111111111,65.86967333333334,113.31338666666667,21.016457777777777,14.64466888888889,77.58958666666668
