timestamp,accept,address,bind,brk,clone,close,connect,dup,exit,fcntl,futex,getpid,getsockopt,ioctl,lseek,madvise,mmap,mprotect,munmap,newfstat,newlstat,newstat,open,poll,read,readv,recvfrom,select,sendto,setsockopt,shutdown,sigprocmask,socket,writev
2019-05-06 22:58:02,638.8545454545455,228.6181818181818,330.0545454545454,0,270.3636363636363,348.6545454545454,311.16363636363633,326.4545454545454,308.2181818181818,344.12727272727267,1362.1272727272726,321.3272727272727,380.8363636363636,362.8181818181818,0,0,472.78181818181815,399.1454545454545,265.5090909090909,458.94545454545454,0,1137.6,312.8909090909091,375.8909090909091,285,0,400.8,162,438.8727272727273,246.67272727272726,346.58181818181816,754.8727272727272,303.8,471.16363636363633
2019-05-06 22:57:59,638.261122525045,246.52279049471827,358.32075780440357,0,290.5401719968728,360.99343648297304,291.3219759640734,338.1029435828439,313.55793531026706,347.23005036272065,1412.447046417338,317.33968473300484,364.6479154924456,405.4471736877511,0,0,501.6090616534245,395.3019036017527,284.63118852384497,458.50075453173577,0,1152.0699623643206,316.97605498081856,386.66569698732746,302.5581353066308,0,372.4295921892329,181.97850948164577,420.64689732913945,272.667769676915,346.9573280485809,756.3498845475536,322.15777894947365,463.17339684733
2019-05-06 22:57:56,638.261122525045,246.52279049471827,358.32075780440357,0,290.5401719968728,360.99343648297304,291.3219759640734,338.1029435828439,313.55793531026706,347.23005036272065,1412.447046417338,317.33968473300484,364.6479154924456,405.4471736877511,0,0,501.6090616534245,395.3019036017527,284.63118852384497,458.50075453173577,0,1152.0699623643206,316.97605498081856,386.66569698732746,302.5581353066308,0,372.4295921892329,181.97850948164577,420.64689732913945,272.667769676915,346.9573280485809,756.3498845475536,322.15777894947365,463.17339684733
2019-05-06 22:57:53,668.812160221095,252.55004636447936,346.7517591228932,0,304.78735977017766,360.91565301187296,284.9142711685667,356.37011582028765,325.24227713231153,364.69753995527196,1469.517627593229,303.423698612702,353.6064292078038,347.8245059001073,0,0,538.7734322442226,424.40771650393646,259.18653066419387,450.48091783486973,0,1165.7484681539665,303.33278786887035,379.75235913380243,296.4599356351934,0,374.1704394625357,192.1307660139275,449.8445426280478,300.6781941489845,373.15223913162055,771.1594756268296,325.91501663666617,438.44433535155184
2019-05-06 22:57:50,668.812160221095,252.55004636447936,346.7517591228932,0,304.78735977017766,360.91565301187296,284.9142711685667,356.37011582028765,325.24227713231153,364.69753995527196,1469.517627593229,303.423698612702,353.6064292078038,347.8245059001073,0,0,538.7734322442226,424.40771650393646,259.18653066419387,450.48091783486973,0,1165.7484681539665,303.33278786887035,379.75235913380243,296.4599356351934,0,374.1704394625357,192.1307660139275,449.8445426280478,300.6781941489845,373.15223913162055,771.1594756268296,325.91501663666617,438.44433535155184
2019-05-06 22:57:47,703.6727272727272,252.07272727272726,331.4363636363636,0,338.16363636363633,393.56363636363636,361.8363636363636,315.47272727272724,341.09090909090907,367.3636363636363,1445.3454545454545,327.9090909090909,334.8,385.94545454545454,0,0,563.2181818181817,381.10909090909087,281.98181818181814,458.29090909090905,0,1169.3636363636363,310.9090909090909,401.29090909090905,288.49090909090904,0,368.10909090909087,199.98181818181817,451.74545454545455,296.4545454545454,382.4363636363636,775.8363636363636,378.30909090909086,463.74545454545455
2019-05-06 22:57:44,737.9090909090908,265.6909090909091,309,0,297.7090909090909,419.3454545454545,389.8181818181818,341.9090909090909,355.09090909090907,380.2181818181818,1516.9818181818182,314,271.9272727272727,423.29090909090905,0,0,554.4181818181818,374.0181818181818,277.3454545454545,446.52727272727265,0,1193.6363636363635,337.58181818181816,403.58181818181816,323.56363636363636,0,382.6,224.36363636363635,456.2363636363636,289.6,389.32727272727266,814.0181818181817,436.59999999999997,470.3999999999999
2019-05-06 22:57:41,737.9090909090908,265.6909090909091,309,0,297.7090909090909,419.3454545454545,389.8181818181818,341.9090909090909,355.09090909090907,380.2181818181818,1516.9818181818182,314,271.9272727272727,423.29090909090905,0,0,554.4181818181818,374.0181818181818,277.3454545454545,446.52727272727265,0,1193.6363636363635,337.58181818181816,403.58181818181816,323.56363636363636,0,382.6,224.36363636363635,456.2363636363636,289.6,389.32727272727266,814.0181818181817,436.59999999999997,470.3999999999999
2019-05-06 22:57:38,682.2851324569539,276.405025545919,509.3728976890489,0,332.6060473826797,435.2260950199095,386.2252040946199,336.69703085510645,364.53390061637486,393.4980636011564,1559.2465317551228,323.1331478754159,282.1505845560829,597.0108547428135,0,0,573.7013400243642,393.1707849233623,286.33247877234135,443.89897998145426,0,1192.7671412207494,348.02450953653704,417.17122129493265,323.987708867434,0,348.44269895816285,252.49549991818034,451.66275750468196,307.7510500190913,404.71644938998895,801.2509318351243,444.0080728740523,485.91792578046875
2019-05-06 22:57:35,682.2851324569539,276.405025545919,509.3728976890489,0,332.6060473826797,435.2260950199095,386.2252040946199,336.69703085510645,364.53390061637486,393.4980636011564,1559.2465317551228,323.1331478754159,282.1505845560829,597.0108547428135,0,0,573.7013400243642,393.1707849233623,286.33247877234135,443.89897998145426,0,1192.7671412207494,348.02450953653704,417.17122129493265,323.987708867434,0,348.44269895816285,252.49549991818034,451.66275750468196,307.7510500190913,404.71644938998895,801.2509318351243,444.0080728740523,485.91792578046875
2019-05-06 22:57:32,679.4305351006383,281.20511282023307,488.5179730540556,0,322.62404770995835,421.49857270132185,418.3530609647448,348.7517954871907,384.5342642593502,418.843978981436,1577.9377806869218,388.4252440953472,296.7144857179221,629.4478081419662,0,0,473.13587519773085,321.8240331642393,368.8430698739977,404.6073564973909,0,1139.0025273186786,372.6976854124621,403.8800705467373,368.006691030746,0,376.5341188021601,259.29562355679195,445.37173403152786,358.35197003581885,419.98945435371553,701.1582028764159,464.08116511209295,487.2997690867107
2019-05-06 22:57:29,652.3154124470464,299.9945455537172,480.22763222486867,0,325.3759022563226,416.3015217905129,394.35646624606824,377.0476900419992,361.61160706168977,426.1558880747623,1964.0006545335539,395.6837148415483,295.1946328248577,643.6246613697932,0,0,481.6094252831766,337.2665951528154,658.5880256722605,375.3204487191142,0,1123.1977600407265,401.356338975655,395.6109888911111,382.08396210977986,0,341.3756113525208,267.6496790967437,380.75671351429975,366.73878656751697,393.1201250886348,671.2241595607353,471.0823439573826,511.4997909128925
2019-05-06 22:57:26,652.3154124470464,299.9945455537172,480.22763222486867,0,325.3759022563226,416.3015217905129,394.35646624606824,377.0476900419992,361.61160706168977,426.1558880747623,1964.0006545335539,395.6837148415483,295.1946328248577,643.6246613697932,0,0,481.6094252831766,337.2665951528154,658.5880256722605,375.3204487191142,0,1123.1977600407265,401.356338975655,395.6109888911111,382.08396210977986,0,341.3756113525208,267.6496790967437,380.75671351429975,366.73878656751697,393.1201250886348,671.2241595607353,471.0823439573826,511.4997909128925
2019-05-06 22:57:23,618.5090909090908,292.2545454545454,520.7090909090908,0,306.30909090909086,410.6727272727273,381.3636363636363,885.4545454545454,396.7090909090909,422.32727272727266,1944.0909090909088,397.32727272727266,316.6181818181818,639.5636363636363,0,0,469.19999999999993,326.7090909090909,674.5454545454545,352.2181818181818,0,1150.4727272727273,378.2181818181818,391.2181818181818,383.49090909090904,0,323.54545454545456,286.4363636363636,363.96363636363634,373.4181818181818,397.96363636363634,610.0909090909091,520.8,505.0181818181818
2019-05-06 22:57:20,618.5090909090908,292.2545454545454,520.7090909090908,0,306.30909090909086,410.6727272727273,381.3636363636363,885.4545454545454,396.7090909090909,422.32727272727266,1944.0909090909088,397.32727272727266,316.6181818181818,639.5636363636363,0,0,469.19999999999993,326.7090909090909,674.5454545454545,352.2181818181818,0,1150.4727272727273,378.2181818181818,391.2181818181818,383.49090909090904,0,323.54545454545456,286.4363636363636,363.96363636363634,373.4181818181818,397.96363636363634,610.0909090909091,520.8,505.0181818181818
2019-05-06 22:57:17,625.3159033472118,539.3538299303649,524.9540917437864,0,294.86736604789,905.3289940182906,411.75614988818387,931.292158324394,885.9838912019782,410.6107161687969,2277.7222232323047,435.8466209705278,294.0491991054708,646.1700696350975,0,0,521.1177978582207,941.1283431210342,718.4414828821294,399.0291085616625,0,1192.2510499809096,397.70185996618244,410.156178978564,377.9749459100743,0,342.35741168342395,320.33963018854206,830.5485354811731,551.6263340666534,440.7919856002618,674.2786494791003,554.0626534063017,553.4626643151943
2019-05-06 22:57:14,1402.7272727272725,829.4909090909091,627,0,738.1818181818181,1245.2363636363634,1575.6181818181817,1133.9636363636362,1133.7454545454543,549.5454545454545,5146.290909090909,1771.7272727272725,750.6,724.0545454545453,0,0,1045.6181818181817,1023.5272727272727,1673.4363636363635,647.2,0,1767.6181818181817,434.58181818181816,536.3636363636364,760.3818181818182,0,1409.2545454545455,381.8363636363636,898.9454545454545,1607.2181818181816,1752.1999999999998,733.3090909090909,1258.9272727272726,844.290909090909
2019-05-06 22:57:11,1402.7272727272725,829.4909090909091,627,0,738.1818181818181,1245.2363636363634,1575.6181818181817,1133.9636363636362,1133.7454545454543,549.5454545454545,5146.290909090909,1771.7272727272725,750.6,724.0545454545453,0,0,1045.6181818181817,1023.5272727272727,1673.4363636363635,647.2,0,1767.6181818181817,434.58181818181816,536.3636363636364,760.3818181818182,0,1409.2545454545455,381.8363636363636,898.9454545454545,1607.2181818181816,1752.1999999999998,733.3090909090909,1258.9272727272726,844.290909090909
2019-05-06 22:57:08,2850.9636363636364,932.0909090909091,686.0363636363636,0,1332.6727272727271,1661.0363636363634,1665.3454545454545,1227.4363636363635,1186.709090909091,714.0363636363636,10299.90909090909,1929.1999999999998,850.1999999999999,839.6545454545453,0,0,1523.4727272727273,1094.0181818181816,1746.0545454545454,1017.5090909090908,0,1855.7818181818182,780.1818181818181,1071.9999999999998,1136.509090909091,0,1955.5272727272725,1058.4545454545453,1273.6909090909091,2279.8,1868.6545454545453,1663.1454545454544,1714.4181818181817,2216.1454545454544
2019-05-06 22:57:05,2850.9636363636364,932.0909090909091,686.0363636363636,0,1332.6727272727271,1661.0363636363634,1665.3454545454545,1227.4363636363635,1186.709090909091,714.0363636363636,10299.90909090909,1929.1999999999998,850.1999999999999,839.6545454545453,0,0,1523.4727272727273,1094.0181818181816,1746.0545454545454,1017.5090909090908,0,1855.7818181818182,780.1818181818181,1071.9999999999998,1136.509090909091,0,1955.5272727272725,1058.4545454545453,1273.6909090909091,2279.8,1868.6545454545453,1663.1454545454544,1714.4181818181817,2216.1454545454544
2019-05-06 22:57:02,2834.7606320114915,933.0533282423316,688.3579701449119,0,1320.624011345661,1741.704394625357,1692.6489572537682,1239.7134493354424,1510.7729231440571,1163.2029673266786,13092.601683666977,1959.5810832924237,1210.9856542846235,846.6517573046783,0,147.18449426353206,1554.8646339024347,1092.601683666976,1802.778232331497,1101.8927616865763,0,2352.7700503645524,891.6707576501392,1500.754559173803,1167.7848688157967,0,1998.9090710740197,1064.1284386988855,1286.3688430698742,2257.841051655485,2142.3662248404517,1692.3034964272078,1935.6170112183859,2308.587428862343
2019-05-06 22:56:59,2746.440973800476,922.0923255940801,675.060453446301,0,1280.8312576134979,1715.8778931292156,1698.8418392392864,1184.7966400610896,1487.3911383429393,1122.7977673133214,12963.291576516789,1919.383283940292,1176.5058817112415,829.6576425883165,0,148.1973055035363,1495.5546262795222,1048.6354793549208,1778.1494881911237,1090.4165378811294,0,2309.8307303503575,904.5653715386993,1462.7552226323157,1151.7790585625714,0,1985.4911728877657,1077.6531335793893,1244.7046417337867,2204.487191141979,2109.707096234614,1603.6435701169069,1912.5470445991891,2277.8131306703513
2019-05-06 22:56:56,2746.440973800476,922.0923255940801,675.060453446301,0,1280.8312576134979,1715.8778931292156,1698.8418392392864,1184.7966400610896,1487.3911383429393,1122.7977673133214,12963.291576516789,1919.383283940292,1176.5058817112415,829.6576425883165,0,148.1973055035363,1495.5546262795222,1048.6354793549208,1778.1494881911237,1090.4165378811294,0,2309.8307303503575,904.5653715386993,1462.7552226323157,1151.7790585625714,0,1985.4911728877657,1077.6531335793893,1244.7046417337867,2204.487191141979,2109.707096234614,1603.6435701169069,1912.5470445991891,2277.8131306703513
2019-05-06 22:56:53,2707.981818181818,888.5818181818181,631.8363636363636,0,1231.3636363636363,1680.381818181818,1609.290909090909,1160.7636363636364,1440.9090909090908,1115.8181818181815,12881.272727272726,1902.6727272727271,1166.909090909091,775.2545454545453,0,155.23636363636362,1473.5454545454545,1032.2545454545455,1740.4363636363635,1055.0727272727272,0,2304,892.6181818181817,1412.8727272727272,1135.9818181818182,0,1956.1454545454544,1091.9454545454544,1233.3454545454545,2177.7454545454543,2080.2181818181816,1539.090909090909,1845.2727272727273,2225.636363636363
2019-05-06 22:56:50,2707.981818181818,888.5818181818181,631.8363636363636,0,1231.3636363636363,1680.381818181818,1609.290909090909,1160.7636363636364,1440.9090909090908,1115.8181818181815,12881.272727272726,1902.6727272727271,1166.909090909091,775.2545454545453,0,155.23636363636362,1473.5454545454545,1032.2545454545455,1740.4363636363635,1055.0727272727272,0,2304,892.6181818181817,1412.8727272727272,1135.9818181818182,0,1956.1454545454544,1091.9454545454544,1233.3454545454545,2177.7454545454543,2080.2181818181816,1539.090909090909,1845.2727272727273,2225.636363636363
2019-05-06 22:56:47,2638.454545454545,861.1636363636363,607.5818181818181,0,1217.5272727272725,1649.0181818181816,1552.6545454545453,1121.3090909090909,1411.7636363636364,1077.290909090909,12741.381818181817,1898.5454545454545,1167.2545454545455,748.9272727272727,0,158.54545454545453,1466.6,1025.7272727272727,1715.1818181818182,1033.8363636363636,0,2274.7454545454543,884.2363636363636,1389.5636363636363,1094.1272727272726,0,1926.8727272727272,1084.9636363636362,1167.7636363636364,2190.181818181818,2046.1999999999998,1455.1090909090906,1746.9454545454544,2187.6
2019-05-06 22:56:44,2595.2800858166215,829.56673515027,411.68342393774657,0,1163.8697478227668,1609.5343721023253,1525.2449955455354,1089.87109325285,1378.7203869020564,1060.8716205159906,12626.13407028963,1870.3114488827475,1118.6160251631786,530.8812567044235,0,159.45164633370302,1457.646224614098,999.254559008018,1675.1513608843477,1014.1997418228759,0,2250.7408956200798,870.7296230977619,1370.0659988000218,1075.8349848184578,0,1922.8195850984528,1074.7077325866803,1158.3425755895346,2148.9609279831275,1979.3821930510353,1428.5376629515827,1715.950619079653,2133.3612116143345
2019-05-06 22:56:41,2595.2800858166215,829.56673515027,411.68342393774657,0,1163.8697478227668,1609.5343721023253,1525.2449955455354,1089.87109325285,1378.7203869020564,1060.8716205159906,12626.13407028963,1870.3114488827475,1118.6160251631786,530.8812567044235,0,159.45164633370302,1457.646224614098,999.254559008018,1675.1513608843477,1014.1997418228759,0,2250.7408956200798,870.7296230977619,1370.0659988000218,1075.8349848184578,0,1922.8195850984528,1074.7077325866803,1158.3425755895346,2148.9609279831275,1979.3821930510353,1428.5376629515827,1715.950619079653,2133.3612116143345
2019-05-06 22:56:38,2541.899238195669,795.8764386102071,406.01079980363994,40.83710612920235,1155.3426301339975,1600.9890729259466,1481.3003399938182,1085.7802585407537,1333.1393974655005,1013.5088452937218,12518.372393229214,1782.531226704969,1091.9256013527026,453.6099343648297,0,166.45151906328974,1459.2280140361083,986.0002545408265,1595.3528117670587,1011.4543371938692,0,2244.6864602461774,822.0759622552317,1372.7023145033725,1013.4361193432846,0,1857.6753149942729,1092.398320030545,1125.9795276449518,2081.507608952564,1946.055526263159,1395.720077816767,1676.0240722895946,2091.889238377484
2019-05-06 22:56:35,2541.899238195669,795.8764386102071,406.01079980363994,57.344411919783276,1155.3426301339975,1600.9890729259466,1481.3003399938182,1085.7802585407537,1333.1393974655005,1013.5088452937218,12518.372393229214,1782.531226704969,1091.9256013527026,453.6099343648297,0,166.45151906328974,1459.2280140361083,986.0002545408265,1595.3528117670587,1011.4543371938692,0,2244.6864602461774,822.0759622552317,1372.7023145033725,1013.4361193432846,0,1857.6753149942729,1092.398320030545,1125.9795276449518,2081.507608952564,1946.055526263159,1395.720077816767,1676.0240722895946,2091.889238377484
2019-05-06 22:56:32,2515.7911962035673,754.7046309932908,402.78914162075677,57.344411919783276,1140.838924344079,1587.5197730867835,1446.717213040237,1041.5825742286224,1302.0964017527592,999.2908961981127,12000.272732231497,1754.7228131420572,1075.765013909344,440.4989181621484,0,170.42128038691615,1414.5711740213458,942.1625847742687,1296.1326569573991,983.526973217695,0,2241.077110492918,778.6141566210296,1333.4969726722304,1014.5275368643067,0,1850.5609192894417,1097.3290423462245,1113.1111474754086,2065.783014236623,1924.3077146857215,1366.7339406171022,1646.266295750832,2025.0731831487844
2019-05-06 22:56:29,2511.8909090909087,744.9090909090908,331.30909090909086,88.52727272727272,1135.581818181818,1571.8181818181815,1408.6909090909091,518.3636363636364,1235.7454545454543,968.3999999999999,11881.81818181818,1745.4181818181817,1057.3272727272727,397.50909090909084,0,174.3090909090909,1402.581818181818,950.5090909090908,1266.6363636363635,959.9454545454545,0,2197.5636363636363,751.3272727272727,1290.509090909091,1001.0545454545453,0,1846.0181818181816,1117.7454545454543,1080.6181818181817,2054.3454545454542,1911.6545454545453,1331.0727272727272,1588.3636363636363,1961.5272727272725
2019-05-06 22:56:26,2511.8909090909087,744.9090909090908,331.30909090909086,88.52727272727272,1135.581818181818,1571.8181818181815,1408.6909090909091,518.3636363636364,1235.7454545454543,968.3999999999999,11881.81818181818,1745.4181818181817,1057.3272727272727,397.50909090909084,0,174.3090909090909,1402.581818181818,950.5090909090908,1266.6363636363635,959.9454545454545,0,2197.5636363636363,751.3272727272727,1290.509090909091,1001.0545454545453,0,1846.0181818181816,1117.7454545454543,1080.6181818181817,2054.3454545454542,1911.6545454545453,1331.0727272727272,1588.3636363636363,1961.5272727272725
2019-05-06 22:56:23,2505.9272727272723,462.18181818181813,318.09090909090907,122.7090909090909,1142.8181818181815,1076.4181818181817,1366.5454545454545,451.6545454545454,716.4181818181818,953.5999999999999,11401.145454545453,1692.1090909090906,1033.9636363636362,370.2363636363636,0,175.2181818181818,1297.2,309.96363636363634,1199.6545454545453,911.7272727272726,0,2168.072727272727,708.1090909090908,1250.3636363636363,970.5818181818181,0,1802.9272727272726,1113.090909090909,596.9818181818181,1861.6363636363635,1874.7454545454543,1195.4363636363635,1562.0727272727272,1875.1999999999998
2019-05-06 22:56:20,2505.9272727272723,462.18181818181813,318.09090909090907,123.70684169378738,1142.8181818181815,1076.4181818181817,1366.5454545454545,451.6545454545454,716.4181818181818,953.5999999999999,11401.145454545453,1692.1090909090906,1033.9636363636362,370.2363636363636,0,175.2181818181818,1297.2,309.96363636363634,1199.6545454545453,911.7272727272726,0,2168.072727272727,708.1090909090908,1250.3636363636363,970.5818181818181,0,1802.9272727272726,1113.090909090909,596.9818181818181,1861.6363636363635,1874.7454545454543,1195.4363636363635,1562.0727272727272,1875.1999999999998
2019-05-06 22:56:17,1672.5454545454545,153.43636363636364,190.14545454545453,123.70684169378738,663.2545454545455,711.9818181818181,189.47272727272727,216.39999999999998,453.6363636363636,807.0363636363636,8450.636363636362,346.7272727272727,563.3636363636363,289.18181818181813,0,175.56363636363633,759.7636363636362,195.54545454545453,187.76363636363632,607.9454545454545,0,1554.2363636363634,603.3818181818182,1108.381818181818,575.4909090909091,0,720.0181818181817,1092.8727272727272,488.19999999999993,781.690909090909,557.1272727272727,1094.8,803.5636363636363,1535.7818181818182
2019-05-06 22:56:14,188.16705758286517,41.600756377388684,104.49280896016292,126.3067944219196,78.00141820760378,250.73183148784526,91.76530482372408,113.43842615320278,357.87923416789397,614.1566210294733,3185.0215458462885,166.40302550955474,454.5173548609975,158.8028873252241,0,176.1486572483136,234.98609065619377,99.65635738831615,103.89279805087365,228.4768813978436,0,1452.9173257695595,247.24085892470774,565.0830015091184,176.8032146039019,0,163.36660666557574,410.62564773904984,88.87434316987581,108.71106747395407,404.825542282587,85.87428862342952,330.40600738195246,130.0387279768723
2019-05-06 22:56:11,188.16705758286517,41.600756377388684,104.49280896016292,126.3067944219196,78.00141820760378,250.73183148784526,91.76530482372408,113.43842615320278,357.87923416789397,614.1566210294733,3185.0215458462885,166.40302550955474,454.5173548609975,158.8028873252241,0,176.1486572483136,234.98609065619377,99.65635738831615,103.89279805087365,228.4768813978436,0,1452.9173257695595,247.24085892470774,565.0830015091184,176.8032146039019,0,163.36660666557574,410.62564773904984,88.87434316987581,108.71106747395407,404.825542282587,85.87428862342952,330.40600738195246,130.0387279768723
2019-05-06 22:56:08,176.90587443864658,10.999800003636297,64.76245886438429,153.56642848051786,61.144342830130356,142.94285558444392,51.544517372411406,75.59862547953672,4.472645951891783,131.90669260558897,281.3039762913402,144.99736368429663,103.1799421828694,99.05274449555462,0,36.617516045162816,142.3792294685551,110.61617061507972,27.85403901747241,112.99794549190014,0,930.7830766713331,114.47064598825476,108.43439210196178,110.32526681333067,0,108.28894020108724,382.7748586389338,55.94443737386593,94.28919474191379,109.56164433373938,1.1817966946055525,84.83482118506936,4.018108761658879
2019-05-06 22:56:05,176.90587443864658,10.999800003636297,64.76245886438429,159.5090909090909,61.144342830130356,142.94285558444392,51.544517372411406,75.59862547953672,4.472645951891783,131.90669260558897,281.3039762913402,144.99736368429663,103.1799421828694,99.05274449555462,0,36.617516045162816,142.3792294685551,110.61617061507972,27.85403901747241,112.99794549190014,0,930.7830766713331,114.47064598825476,108.43439210196178,110.32526681333067,0,108.28894020108724,382.7748586389338,55.94443737386593,94.28919474191379,109.56164433373938,1.1817966946055525,84.83482118506936,4.018108761658879
2019-05-06 22:56:02,204,0,62.99999999999999,159.5090909090909,61.03636363636363,136.54545454545453,37.345454545454544,76.87272727272726,0,154.65454545454543,264.6909090909091,135.96363636363634,99.76363636363635,91.98181818181817,0,36.90909090909091,144.27272727272728,111.83636363636363,26.96363636363636,107.81818181818181,0,969.9454545454544,87.85454545454544,101.54545454545453,112.18181818181817,0,117.01818181818182,364.8545454545454,70.2,83.81818181818181,99.38181818181816,0,99.14545454545454,0
2019-05-06 22:55:59,201.89090909090908,0,58.563636363636355,164.76363636363638,61.36363636363636,131.49090909090907,36.74545454545454,73.78181818181818,0,142.07272727272726,285.94545454545454,113.21818181818182,101.83636363636363,106.94545454545454,0,38.65454545454545,158.23636363636362,110.96363636363635,27.472727272727273,92.34545454545453,0,975.5636363636363,96.01818181818182,101.92727272727272,113.87272727272726,0,116.52727272727272,377.9090909090909,70.12727272727271,98.89090909090909,107.18181818181817,0,100.63636363636364,0
2019-05-06 22:55:56,201.89090909090908,0,58.563636363636355,164.76363636363638,61.36363636363636,131.49090909090907,36.74545454545454,73.78181818181818,0,142.07272727272726,285.94545454545454,113.21818181818182,101.83636363636363,106.94545454545454,0,38.65454545454545,158.23636363636362,110.96363636363635,27.472727272727273,92.34545454545453,0,975.5636363636363,96.01818181818182,101.92727272727272,113.87272727272726,0,116.52727272727272,377.9090909090909,70.12727272727271,98.89090909090909,107.18181818181817,0,100.63636363636364,0
2019-05-06 22:55:53,175.1272727272727,0,64.5090909090909,167.98181818181817,76.16363636363636,134.27272727272728,45.836363636363636,73.85454545454544,0,133.3272727272727,297.96363636363634,109.3090909090909,90.3090909090909,76.18181818181819,0,35.781818181818174,185.47272727272727,110.39999999999999,28.799999999999997,76.52727272727272,0,927.5818181818181,76.18181818181819,100.94545454545454,100.49090909090908,0,111.21818181818182,338.8909090909091,70.07272727272726,77.63636363636364,107.92727272727272,0,108.94545454545454,0
2019-05-06 22:55:50,175.1272727272727,0,64.5090909090909,168.76670484917906,76.16363636363636,134.27272727272728,45.836363636363636,73.85454545454544,0,133.3272727272727,297.96363636363634,109.3090909090909,90.3090909090909,76.18181818181819,0,35.781818181818174,185.47272727272727,110.39999999999999,28.799999999999997,76.52727272727272,0,927.5818181818181,76.18181818181819,100.94545454545454,100.49090909090908,0,111.21818181818182,338.8909090909091,70.07272727272726,77.63636363636364,107.92727272727272,0,108.94545454545454,0
2019-05-06 22:55:47,177.80323278605064,0,52.7282314223895,168.76670484917906,77.61959308351061,121.5113002054583,59.45562646593575,75.63773886797942,0,121.36584301532756,310.82383316060293,110.09291078019601,106.80194185348824,77.01958217422136,0,35.8733795159912,197.2763141148021,124.11134747904508,35.546100838197056,94.0744377170494,0,954.6900852742777,82.52877325042274,114.31116929398716,102.00185457917418,0,95.94719903998255,378.5341551664576,62.27385952471864,77.23776795941744,119.63853888252514,0,134.58426516845762,0
2019-05-06 22:55:44,198.85454545454544,0,53.36363636363636,131.54306285340266,79.16363636363636,104.83636363636363,85.25454545454545,60.18181818181817,0,137.36363636363637,304.2545454545454,110.38181818181816,115.79999999999998,99.49090909090908,0,32.70909090909091,196.27272727272728,134.8181818181818,22.509090909090908,86.05454545454545,0,967.690909090909,92.4,81.07272727272726,102.74545454545454,0,112.92727272727272,396.94545454545454,59.018181818181816,76.56363636363635,128.8181818181818,0,149.47272727272727,0
2019-05-06 22:55:41,198.85454545454544,0,53.36363636363636,131.54306285340266,79.16363636363636,104.83636363636363,85.25454545454545,60.18181818181817,0,137.36363636363637,304.2545454545454,110.38181818181816,115.79999999999998,99.49090909090908,0,32.70909090909091,196.27272727272728,134.8181818181818,22.509090909090908,86.05454545454545,0,967.690909090909,92.4,81.07272727272726,102.74545454545454,0,112.92727272727272,396.94545454545454,59.018181818181816,76.56363636363635,128.8181818181818,0,149.47272727272727,0
2019-05-06 22:55:38,181.63306121706876,0,36.162978854929904,130.96363636363634,79.76218614207014,90.58017126961327,95.16190614716096,89.4892820130543,0,145.37917492409227,307.66713332484863,125.27044962818857,113.05248995472809,101.72542317412412,0,32.363047944582824,194.76009527099507,156.08807112597952,21.435973891383792,99.72545953709933,0,1008.6543881020345,90.28926746786422,87.689314739732,84.34392101961781,0,101.57997127324958,426.71951419065107,68.01694514645187,77.63495209178015,129.63400665442447,0,160.94252831766696,0
2019-05-06 22:55:35,181.63306121706876,0,36.162978854929904,101.83636363636363,79.76218614207014,90.58017126961327,95.16190614716096,89.4892820130543,0,145.37917492409227,307.66713332484863,125.27044962818857,113.05248995472809,101.72542317412412,0,32.363047944582824,194.76009527099507,156.08807112597952,21.435973891383792,99.72545953709933,0,1008.6543881020345,90.28926746786422,87.689314739732,84.34392101961781,0,101.57997127324958,426.71951419065107,68.01694514645187,77.63495209178015,129.63400665442447,0,160.94252831766696,0
2019-05-06 22:55:32,185.11245659011985,0,37.30976926853216,101.83636363636363,93.38351606392844,100.3836433389698,94.72899507263769,85.00154548264514,0,145.40264368443064,311.22384043346244,108.00196367206676,125.51137293405334,101.18365788468881,0,40.455281005109185,171.62130220549463,147.7299587265223,20.764013891161657,97.05631011472936,0,1011.0547464499356,91.01983672430408,88.81979672357679,114.3657157402862,0,107.91105292823507,424.3895343551701,75.65592101674575,62.510227458681065,112.71114020254915,0,163.53024600447282,0
2019-05-06 22:55:29,177.69090909090906,0,39.87272727272727,78.43636363636364,76.49090909090908,84.89090909090909,96.52727272727272,83.96363636363635,0,167.69090909090906,372.3818181818181,110.85454545454544,153.1090909090909,117.96363636363635,0,39.54545454545454,191.6181818181818,159.8,30.527272727272724,82.1090909090909,0,1012.5636363636363,92.05454545454545,110.59999999999998,110.32727272727271,0,108.85454545454544,426.8181818181818,109.59999999999998,63.05454545454545,125.32727272727271,0,160.34545454545454,0
2019-05-06 22:55:26,177.69090909090906,0,39.87272727272727,78.43636363636364,76.49090909090908,84.89090909090909,96.52727272727272,83.96363636363635,0,167.69090909090906,372.3818181818181,110.85454545454544,153.1090909090909,117.96363636363635,0,39.54545454545454,191.6181818181818,159.8,30.527272727272724,82.1090909090909,0,1012.5636363636363,92.05454545454545,110.59999999999998,110.32727272727271,0,108.85454545454544,426.8181818181818,109.59999999999998,63.05454545454545,125.32727272727271,0,160.34545454545454,0
2019-05-06 22:55:23,216.0181818181818,0,50.2,82.27422316769396,76.87272727272726,98.34545454545453,89.14545454545454,80.58181818181818,0,154.69090909090906,404.2545454545454,108.67272727272727,205.74545454545452,131.25454545454545,0,40.8,180.1272727272727,148.58181818181816,31.599999999999998,84.16363636363636,0,1014.0727272727272,90.43636363636364,119.21818181818182,112.18181818181817,0,132.83636363636364,396.8363636363636,106.81818181818181,77.7090909090909,119.54545454545453,0,206.63636363636363,0
2019-05-06 22:55:20,216.0181818181818,0,50.2,107.61818181818181,76.87272727272726,98.34545454545453,89.14545454545454,80.58181818181818,0,154.69090909090906,404.2545454545454,108.67272727272727,205.74545454545452,131.25454545454545,0,40.8,180.1272727272727,148.58181818181816,31.599999999999998,84.16363636363636,0,1014.0727272727272,90.43636363636364,119.21818181818182,112.18181818181817,0,132.83636363636364,396.8363636363636,106.81818181818181,77.7090909090909,119.54545454545453,0,206.63636363636363,0
2019-05-06 22:55:17,248.63184305739892,0,67.45331903056308,107.61818181818181,60.05345357357138,99.2527408592571,92.25286812967036,84.79845820985072,0,158.77893129215832,417.4651369975091,111.87069326012255,209.74164106107162,140.08836202978128,0,40.21745059180742,225.61407974400467,146.70642351957238,30.67216959691642,92.41650151815422,0,1060.2716314248833,104.21628697660043,111.83433028490391,102.88903838112034,0,132.56122615952438,505.55444446464605,108.19803276304066,78.72584134833912,115.92516499700005,0,209.55982618497845,0
2019-05-06 22:55:14,262.45931744213533,0,87.98341788032509,82.99849093652843,59.45562646593575,105.38373424971363,115.09300169093984,84.56517391225296,0,158.8392516227568,450.4445535373371,118.9112529318715,201.36729758722885,159.27562319314896,0,35.07336497027219,228.05869197621774,134.1842578955981,54.41917125765924,108.27469590356189,0,1071.8922162221131,101.38366152111857,116.23847706321934,119.20216731213296,0,139.3843524427717,540.3734613356606,111.9838542518955,82.6924125893198,112.67477590501646,0,187.87614320260369,0
2019-05-06 22:55:11,262.45931744213533,0,87.98341788032509,82.99849093652843,59.45562646593575,105.38373424971363,115.09300169093984,84.56517391225296,0,158.8392516227568,450.4445535373371,118.9112529318715,201.36729758722885,159.27562319314896,0,35.07336497027219,228.05869197621774,134.1842578955981,54.41917125765924,108.27469590356189,0,1071.8922162221131,101.38366152111857,116.23847706321934,119.20216731213296,0,139.3843524427717,540.3734613356606,111.9838542518955,82.6924125893198,112.67477590501646,0,187.87614320260369,0
2019-05-06 22:55:08,236.05454545454543,0,98.87272727272726,82.56513754795542,60.98181818181818,110.65454545454546,131.1090909090909,83.87272727272726,0,165.3272727272727,465.07272727272726,118.94545454545454,203.63636363636363,159.03636363636363,0,34.45454545454545,244.3090909090909,160.4,54.418181818181814,105.78181818181817,0,1038.2727272727273,104.65454545454546,144.6181818181818,121.83636363636363,0,133.18181818181816,600.5818181818181,126.99999999999999,89.89090909090909,128.38181818181818,0,176.87272727272727,0
2019-05-06 22:55:05,236.05454545454543,0,98.87272727272726,80.25454545454545,60.98181818181818,110.65454545454546,131.1090909090909,83.87272727272726,0,165.3272727272727,465.07272727272726,118.94545454545454,203.63636363636363,159.03636363636363,0,34.45454545454545,244.3090909090909,160.4,54.418181818181814,105.78181818181817,0,1038.2727272727273,104.65454545454546,144.6181818181818,121.83636363636363,0,133.18181818181816,600.5818181818181,126.99999999999999,89.89090909090909,128.38181818181818,0,176.87272727272727,0
2019-05-06 22:55:02,225.49090909090907,0,102.56363636363635,80.25454545454545,77.29090909090908,126.74545454545454,136.14545454545453,99.9090909090909,0,166.6,450.76363636363635,118.23636363636363,202.03636363636363,158.78181818181818,0,30.218181818181815,217.79999999999998,166.4181818181818,53.90909090909091,103.74545454545454,0,1032.8727272727272,95.69090909090909,146.89090909090908,150.8,0,154.09090909090907,592.8181818181818,141.58181818181816,79.61818181818181,160.47272727272727,0,179.1090909090909,0
2019-05-06 22:54:59,303.52727272727276,35.47272727272727,106.83636363636363,84.03636363636363,81.16363636363636,131.54545454545453,162.47272727272727,128.05454545454546,62.72727272727273,198.7272727272727,528.9818181818181,132.07272727272726,204.38181818181818,176.7272727272727,0,49.25454545454545,263.3818181818182,162.9272727272727,71.54545454545453,152.23636363636362,0,1062.2363636363636,109.12727272727271,180.65454545454543,169.7090909090909,0,160.54545454545453,604.8545454545455,160.65454545454543,92.49090909090908,213.63636363636363,102.25454545454545,189.76363636363632,53.18181818181817
2019-05-06 22:54:56,303.52727272727276,35.47272727272727,106.83636363636363,84.03636363636363,81.16363636363636,131.54545454545453,162.47272727272727,128.05454545454546,62.72727272727273,198.7272727272727,528.9818181818181,132.07272727272726,204.38181818181818,176.7272727272727,0,49.25454545454545,263.3818181818182,162.9272727272727,71.54545454545453,152.23636363636362,0,1062.2363636363636,109.12727272727271,180.65454545454543,169.7090909090909,0,160.54545454545453,604.8545454545455,160.65454545454543,92.49090909090908,213.63636363636363,102.25454545454545,189.76363636363632,53.18181818181817
2019-05-06 22:54:53,349.43001036344793,54.18083307576226,182.70576898601843,101.21634152106324,108.907110779804,151.76087707496225,207.5053180851257,150.9063471573244,76.52588134761186,228.8322030508536,657.2062326139525,166.65151542699223,201.3054308103489,190.0692714677915,0,84.34392101961781,248.1227614043381,188.5238450209996,75.54408101670879,196.05098089125653,0,1039.0720168724206,104.81627606770785,178.65129724914092,232.41395610988891,0,208.55984436646608,571.680514899729,164.59700732713952,106.39806548971836,231.77760404356283,114.197923674115,222.3959564371557,119.74327739495645
2019-05-06 22:54:50,349.43001036344793,54.18083307576226,182.70576898601843,113.49297259950181,108.907110779804,151.76087707496225,207.5053180851257,150.9063471573244,76.52588134761186,228.8322030508536,657.2062326139525,166.65151542699223,201.3054308103489,190.0692714677915,0,84.34392101961781,248.1227614043381,188.5238450209996,75.54408101670879,196.05098089125653,0,1039.0720168724206,104.81627606770785,178.65129724914092,232.41395610988891,0,208.55984436646608,571.680514899729,164.59700732713952,106.39806548971836,231.77760404356283,114.197923674115,222.3959564371557,119.74327739495645
2019-05-06 22:54:47,386.7272727272727,74.2,189.34545454545454,113.49297259950181,128.12727272727273,225.6181818181818,213.58181818181816,175.9090909090909,96.96363636363635,288.29090909090905,801.3818181818182,186.18181818181816,214.8181818181818,207.74545454545452,136.45702649139076,92.81818181818181,308,232.54545454545453,84.7090909090909,220.54545454545453,244.3498972708595,1037.2181818181818,145,221.36363636363635,268.78181818181815,73.16496663575703,204.7090909090909,533.6181818181818,189.29090909090908,116.41818181818182,236.0181818181818,178.76363636363632,242.76363636363632,159.8181818181818
2019-05-06 22:54:44,456.4545454545454,95.3090909090909,222.76363636363632,112.89090909090909,148.3090909090909,271.5272727272727,231.03636363636363,185.25454545454542,137.47272727272727,294.8727272727273,962.8363636363636,190.9272727272727,229.7272727272727,216.58181818181816,137.4520463264304,131.18181818181816,401.2545454545454,272.2,113.72727272727272,248.96363636363634,246.17734223014125,1019.2727272727273,165.85454545454544,242.7272727272727,284.8545454545454,73.76229523099579,225.27272727272728,499.79999999999995,199.16363636363633,139.05454545454543,257.1818181818182,266.3818181818182,248.59999999999997,190.94545454545454
2019-05-06 22:54:41,456.4545454545454,95.3090909090909,222.76363636363632,112.89090909090909,148.3090909090909,271.5272727272727,231.03636363636363,185.25454545454542,137.47272727272727,294.8727272727273,962.8363636363636,190.9272727272727,229.7272727272727,216.58181818181816,137.4520463264304,131.18181818181816,401.2545454545454,272.2,113.72727272727272,248.96363636363634,246.17734223014125,1019.2727272727273,165.85454545454544,242.7272727272727,284.8545454545454,73.76229523099579,225.27272727272728,499.79999999999995,199.16363636363633,139.05454545454543,257.1818181818182,266.3818181818182,248.59999999999997,190.94545454545454
2019-05-06 22:54:38,505.71807785312996,108.47075507718041,240.8501663606116,110.83636363636363,183.3057580771259,270.41326521335975,249.52273595025545,237.7956764422465,149.906365338812,313.53975382265776,1019.6541881056708,232.66849693641933,249.75909528917654,235.2320866893329,138.5272727272727,141.37924765004271,474.62773404119923,283.12212505227177,125.79771276885874,308.19439646551876,250.4363636363636,1013.8906565335176,192.65104270831438,296.68551480882167,266.6860602534499,89.03636363636363,220.9414374284104,466.31879420374173,211.48706387156597,177.01496336430245,267.3405938073853,344.17556044435554,250.30453991745605,227.26859511645245
2019-05-06 22:54:35,505.71807785312996,108.47075507718041,240.8501663606116,100.05454545454545,183.3057580771259,270.41326521335975,249.52273595025545,237.7956764422465,149.906365338812,313.53975382265776,1019.6541881056708,232.66849693641933,249.75909528917654,235.2320866893329,138.5272727272727,141.37924765004271,474.62773404119923,283.12212505227177,125.79771276885874,308.19439646551876,250.4363636363636,1013.8906565335176,192.65104270831438,296.68551480882167,266.6860602534499,89.03636363636363,220.9414374284104,466.31879420374173,211.48706387156597,177.01496336430245,267.3405938073853,344.17556044435554,250.30453991745605,227.26859511645245
2019-05-06 22:54:32,516.4545454545454,135.27272727272728,251.9090909090909,100.05454545454545,219.03636363636363,299.8545454545454,279.4363636363636,247.98181818181817,159.4181818181818,332.3636363636363,1063.1818181818182,336.2363636363636,243.99999999999997,229.5090909090909,138.5272727272727,158.23636363636362,457.96363636363634,307.9090909090909,124.92727272727272,332.3272727272727,250.4363636363636,996.6727272727272,202.03636363636363,301.47272727272724,297.7090909090909,89.03636363636363,247.5090909090909,447.99999999999994,210.99999999999997,265.3090909090909,295.27272727272725,391.94545454545454,263.79999999999995,272.0363636363636
2019-05-06 22:54:29,528.8727272727272,175.56363636363633,283.6727272727273,95.21645060998891,235.89090909090908,365.09090909090907,317.76363636363635,284.72727272727275,193.7090909090909,370.3636363636363,1167.890909090909,359.27272727272725,196.6181818181818,239.6181818181818,139.97927310412535,196.43636363636364,530.5272727272727,319.0363636363636,171.58181818181816,363.4363636363636,252.08632570316902,1039.6363636363635,245.09090909090907,334.10909090909087,309.6727272727273,90.14381556698969,251.45454545454544,432.6727272727273,275.58181818181816,287.58181818181816,325.1272727272727,438.98181818181814,239.9272727272727,306.1272727272727
2019-05-06 22:54:26,528.8727272727272,175.56363636363633,283.6727272727273,95.21645060998891,235.89090909090908,365.09090909090907,317.76363636363635,284.72727272727275,193.7090909090909,370.3636363636363,1167.890909090909,359.27272727272725,196.6181818181818,239.6181818181818,139.97927310412535,196.43636363636364,530.5272727272727,319.0363636363636,171.58181818181816,363.4363636363636,252.08632570316902,1039.6363636363635,245.09090909090907,334.10909090909087,309.6727272727273,90.14381556698969,251.45454545454544,432.6727272727273,275.58181818181816,287.58181818181816,325.1272727272727,438.98181818181814,239.9272727272727,306.1272727272727
2019-05-06 22:54:23,524.7672388711085,187.24541751527494,304.62612743671804,67.27272727272727,266.0386965376782,387.32906604597036,342.540733197556,334.55775385510617,205.6844631946465,403.8223741635147,1302.1894093686353,380.6917369799243,220.4320628455048,277.8404131510038,139.97927310412535,212.97643293569976,518.9482106488216,342.9953447774222,184.7177771312191,389.05659004946176,252.08632570316902,1027.8040442246145,244.03549607215595,380.7462903695083,329.70250218213556,90.14381556698969,270.63936572592377,329.2297061390748,316.97337794588304,337.03084084957817,358.63398312481814,458.03025894675585,247.70875763747455,368.98094268257205
2019-05-06 22:54:20,524.7672388711085,187.24541751527494,304.62612743671804,64.63636363636364,266.0386965376782,387.32906604597036,342.540733197556,334.55775385510617,205.6844631946465,403.8223741635147,1302.1894093686353,380.6917369799243,220.4320628455048,277.8404131510038,139.97927310412535,212.97643293569976,518.9482106488216,342.9953447774222,184.7177771312191,389.05659004946176,252.08632570316902,1027.8040442246145,244.03549607215595,380.7462903695083,329.70250218213556,90.14381556698969,270.63936572592377,329.2297061390748,316.97337794588304,337.03084084957817,358.63398312481814,458.03025894675585,247.70875763747455,368.98094268257205
2019-05-06 22:54:17,618.7342048326394,236.50479082198504,316.3942473773204,64.63636363636364,286.66751513608847,416.7015145179178,330.4667187869311,368.1023981382157,242.30468536935692,458.59166196978236,1372.8114034290286,360.3752659042563,234.83209396192797,288.6856602607225,141.18438517063947,232.83213032490318,551.1172524135925,341.0483445755532,183.74211377974947,419.3378302212687,253.15005727376862,1103.4708459846183,272.667769676915,427.15586989327466,336.9211468882384,90.69255804650994,299.2672860493446,324.594098289122,327.8849475464082,343.8119306921692,371.8841475609534,561.9897820039636,258.3771204159924,433.1739422919583
2019-05-06 22:54:14,689.4363636363636,267.3818181818182,319.4545454545454,59.12619770549626,310.96363636363634,427.52727272727265,336.1454545454545,379.74545454545455,250.69090909090906,462.27272727272725,1481.9090909090908,390.6545454545454,248.4181818181818,308.96363636363634,141.18181818181816,240.1090909090909,603.6181818181817,338.18181818181813,211.89090909090908,458.2363636363636,253.14545454545453,1142.6181818181817,298.6727272727273,430.76363636363635,347.8181818181818,90.69090909090909,312.2,259.45454545454544,321.7090909090909,363.6181818181818,368.98181818181814,667.2,271.78181818181815,469.0545454545454
2019-05-06 22:54:11,689.4363636363636,267.3818181818182,319.4545454545454,59.12619770549626,310.96363636363634,427.52727272727265,336.1454545454545,379.74545454545455,250.69090909090906,462.27272727272725,1481.9090909090908,390.6545454545454,248.4181818181818,308.96363636363634,141.18181818181816,240.1090909090909,603.6181818181817,338.18181818181813,211.89090909090908,458.2363636363636,253.14545454545453,1142.6181818181817,298.6727272727273,430.76363636363635,347.8181818181818,90.69090909090909,312.2,259.45454545454544,321.7090909090909,363.6181818181818,368.98181818181814,667.2,271.78181818181815,469.0545454545454
2019-05-06 22:54:08,728.2181818181817,277.78181818181815,345.7272727272727,56.18181818181817,325.52727272727276,421.7272727272727,353.76363636363635,398.54545454545456,277,491.1454545454545,1612.1636363636362,432.7090909090909,294.47272727272724,344.6545454545454,141.67272727272726,278.4545454545454,623.3090909090909,351.9090909090909,230.58181818181816,481.7090909090909,254.5272727272727,1161.3272727272727,313.58181818181816,455.7272727272727,350.3454545454545,91.81818181818181,310.54545454545456,228.07272727272726,355.78181818181815,375.10909090909087,373.18181818181813,707.9272727272727,290.2545454545454,507.3636363636363
2019-05-06 22:54:05,728.2181818181817,277.78181818181815,345.7272727272727,49.18181818181817,325.52727272727276,421.7272727272727,353.76363636363635,398.54545454545456,277,491.1454545454545,1612.1636363636362,432.7090909090909,294.47272727272724,344.6545454545454,141.67272727272726,278.4545454545454,623.3090909090909,351.9090909090909,230.58181818181816,481.7090909090909,254.5272727272727,1161.3272727272727,313.58181818181816,455.7272727272727,350.3454545454545,91.81818181818181,310.54545454545456,228.07272727272726,355.78181818181815,375.10909090909087,373.18181818181813,707.9272727272727,290.2545454545454,507.3636363636363
2019-05-06 22:54:02,701.4491172566775,330.4605538282514,375.1522754959181,49.18181818181817,329.09689267077584,436.1715667557592,345.1153657339225,404.40735286096117,261.9138529791451,483.1360570192185,1661.1574755904653,438.8079783268787,339.42435317005766,333.4424262259314,141.67272727272726,312.46022654957363,572.62859324715,362.3156784668812,226.51320933107874,504.2455317369407,254.5272727272727,1203.9673448608157,313.4238804341897,476.51775486827034,347.969963090238,91.81818181818181,337.49704540082547,240.3498245422644,358.47924507718324,406.77103220058547,335.1333660612011,668.4121529482355,303.1509663812069,517.9548719067619
2019-05-06 22:53:59,737.3818181818182,326.2,300.7090909090909,31.22272330520803,317.8,428.79999999999995,306.0181818181818,405.2545454545454,255.1272727272727,479.8181818181818,1659.5999999999997,426.6545454545454,339.96363636363634,331.3454545454545,143.83897889052528,284.30909090909086,649.7636363636362,332.2363636363636,244.74545454545452,498.49090909090904,258.49560901107293,1214.9272727272726,324.8181818181818,507.3999999999999,306.6,92.94714449353624,300.98181818181814,217.23636363636362,357,442.79999999999995,308.3454545454545,761.5090909090908,295.7090909090909,490.58181818181816
2019-05-06 22:53:56,737.3818181818182,326.2,300.7090909090909,31.22272330520803,317.8,428.79999999999995,306.0181818181818,405.2545454545454,255.1272727272727,479.8181818181818,1659.5999999999997,426.6545454545454,339.96363636363634,331.3454545454545,143.83897889052528,284.30909090909086,649.7636363636362,332.2363636363636,244.74545454545452,498.49090909090904,258.49560901107293,1214.9272727272726,324.8181818181818,507.3999999999999,306.6,92.94714449353624,300.98181818181814,217.23636363636362,357,442.79999999999995,308.3454545454545,761.5090909090908,295.7090909090909,490.58181818181816
2019-05-06 22:53:53,711.1272727272727,333.8727272727273,299.54545454545456,15.32699405465355,348.4181818181818,385.09090909090907,300.6363636363636,422.12727272727267,251.0181818181818,444.3818181818181,1641.9999999999998,436.2181818181818,337.49090909090904,377.7272727272727,7.381683969382375,287.18181818181813,598.6727272727272,352.6727272727273,267.47272727272724,489.8181818181818,14.145197360047998,1213.090909090909,306.16363636363633,493.58181818181816,295.29090909090905,19.781458518936017,322.3818181818181,240.99999999999997,382.9272727272727,476.12727272727267,316.72727272727275,740.0181818181817,280.98181818181814,483.50909090909084
2019-05-06 22:53:50,711.1272727272727,333.8727272727273,299.54545454545456,0,348.4181818181818,385.09090909090907,300.6363636363636,422.12727272727267,251.0181818181818,444.3818181818181,1641.9999999999998,436.2181818181818,337.49090909090904,377.7272727272727,7.381683969382375,287.18181818181813,598.6727272727272,352.6727272727273,267.47272727272724,489.8181818181818,14.145197360047998,1213.090909090909,306.16363636363633,493.58181818181816,295.29090909090905,19.781458518936017,322.3818181818181,240.99999999999997,382.9272727272727,476.12727272727267,316.72727272727275,740.0181818181817,280.98181818181814,483.50909090909084
2019-05-06 22:53:47,697.5035909743814,342.15167548500887,273.150420916744,0,344.98809069255805,358.3701521845852,291.80530555101,404.6982672412226,241.47711776577756,473.4813360242914,1642.6662302950965,476.55411916580306,355.3337333406062,362.5520464008437,7.145454545454545,263.8229785996109,584.7379043255332,315.4602810960199,246.1681121474936,471.808578337788,13.181818181818182,1218.1676030473282,320.8240149820906,499.1363479335988,305.29645993563526,19.563636363636363,305.55101001836397,248.62270223094964,400.4800087274314,462.8993254422808,293.62352042764417,707.44922634957,281.0778377788687,494.80899652720956
2019-05-06 22:53:44,687.0727272727272,367.6363636363636,271.79999999999995,16.4,302.3272727272727,363.0363636363636,286.29090909090905,398.2,241.85454545454544,501.56363636363636,1673.3636363636363,463.3999999999999,311.3454545454545,381.2,6.072727272727272,260.76363636363635,531.5999999999999,346.8363636363636,272.58181818181816,428.9272727272727,8.927272727272728,1230.9818181818182,336.9272727272727,492.6545454545454,316.74545454545455,4.290909090909091,308.50909090909084,253.79999999999998,434.79999999999995,468.49090909090904,296.4545454545454,682.2,275.2363636363636,504.8727272727272
2019-05-06 22:53:41,687.0727272727272,367.6363636363636,271.79999999999995,16.4,302.3272727272727,363.0363636363636,286.29090909090905,398.2,241.85454545454544,501.56363636363636,1673.3636363636363,463.3999999999999,311.3454545454545,381.2,6.072727272727272,260.76363636363635,531.5999999999999,346.8363636363636,272.58181818181816,428.9272727272727,8.927272727272728,1230.9818181818182,336.9272727272727,492.6545454545454,316.74545454545455,4.290909090909091,308.50909090909084,253.79999999999998,434.79999999999995,468.49090909090904,296.4545454545454,682.2,275.2363636363636,504.8727272727272
2019-05-06 22:53:38,679.4181818181818,359.6181818181818,289.74545454545455,16.400298187239766,316.9090909090909,359.6909090909091,262.45454545454544,440.0545454545454,284.8727272727273,487.0545454545454,1723.8181818181815,381.09090909090907,315.74545454545455,406.8545454545454,6.672727272727272,291.6363636363636,567.8363636363636,340.6363636363636,276.52727272727276,414.9090909090909,15.727272727272725,1249.7454545454543,339.50909090909084,514.9454545454545,296.8363636363636,4.672727272727272,297.09090909090907,254.45454545454544,433.16363636363633,414.3636363636363,252.1272727272727,663.4,292.27272727272725,520.7090909090908
2019-05-06 22:53:35,679.4181818181818,359.6181818181818,289.74545454545455,16.4,316.9090909090909,359.6909090909091,262.45454545454544,440.0545454545454,284.8727272727273,487.0545454545454,1723.8181818181815,381.09090909090907,315.74545454545455,406.8545454545454,6.672727272727272,291.6363636363636,567.8363636363636,340.6363636363636,276.52727272727276,414.9090909090909,15.727272727272725,1249.7454545454543,339.50909090909084,514.9454545454545,296.8363636363636,4.672727272727272,297.09090909090907,254.45454545454544,433.16363636363633,414.3636363636363,252.1272727272727,663.4,292.27272727272725,520.7090909090908
2019-05-06 22:53:32,638.8,333.72727272727275,256.79999999999995,16.4,314.4181818181818,299.6545454545454,247.16363636363633,462.49090909090904,262.29090909090905,467.30909090909086,1704.5999999999997,368.8909090909091,315.4,384.27272727272725,5.218276695939926,264.7090909090909,510.12727272727267,334.6545454545454,260.58181818181816,399.0181818181818,14.072983145148095,1234.709090909091,309.78181818181815,509.49090909090904,295.8181818181818,3.5637011582028766,310.54545454545456,274.0181818181818,381.94545454545454,402.74545454545455,231.09090909090907,656,279.0545454545454,516.0909090909091
2019-05-06 22:53:29,647.1967713787086,357.4389179755672,236.2020069808028,16.4,290.5213787085515,300.97440372309484,248.87289121582316,418.81180919139035,283.5042175683537,446.80773705642815,1660.6675392670156,379.19938917975566,289.9578243164631,345.0225421756835,9.436363636363636,264.3433682373473,485.45666084933106,343.913612565445,255.52646887725422,373.21844095404305,16.363636363636363,1198.2802501454332,313.86343804537523,483.4933100639907,280.92277486910996,12.745454545454544,324.3346422338569,282.21349621873185,361.6019488074462,351.51250727166956,203.31588132635255,659.3041012216405,276.94153577661433,503.2904304828389
2019-05-06 22:53:26,647.1967713787086,357.4389179755672,236.2020069808028,16.4,290.5213787085515,300.97440372309484,248.87289121582316,418.81180919139035,283.5042175683537,446.80773705642815,1660.6675392670156,379.19938917975566,289.9578243164631,345.0225421756835,9.436363636363636,264.3433682373473,485.45666084933106,343.913612565445,255.52646887725422,373.21844095404305,16.363636363636363,1198.2802501454332,313.86343804537523,483.4933100639907,280.92277486910996,12.745454545454544,324.3346422338569,282.21349621873185,361.6019488074462,351.51250727166956,203.31588132635255,659.3041012216405,276.94153577661433,503.2904304828389
2019-05-06 22:53:23,583.3272727272727,332.4545454545454,225.05454545454543,16.400298187239766,278.8909090909091,303.56363636363636,250.0363636363636,409.4545454545454,272.8545454545454,418.7272727272727,1654.8363636363636,380.96363636363634,280.56363636363636,332.78181818181815,8.236213887020236,268.8909090909091,456.74545454545455,351.7272727272727,270.1090909090909,336.8,15.308812567044235,1134.4545454545453,300.8545454545454,464.0545454545454,275.74545454545455,12.199778185851166,303.6545454545454,285.49090909090904,389.6727272727273,365.50909090909084,220.83636363636364,568.6181818181817,276.96363636363634,466.8181818181818
2019-05-06 22:53:20,583.3272727272727,332.4545454545454,225.05454545454543,16.4,278.8909090909091,303.56363636363636,250.0363636363636,409.4545454545454,272.8545454545454,418.7272727272727,1654.8363636363636,380.96363636363634,280.56363636363636,332.78181818181815,8.236213887020236,268.5015842424242,456.74545454545455,351.7272727272727,270.1090909090909,336.8,15.308812567044235,1134.4545454545453,300.8545454545454,464.0545454545454,275.74545454545455,12.199778185851166,303.6545454545454,285.49090909090904,389.6727272727273,365.50909090909084,220.83636363636364,568.6181818181817,276.96363636363634,466.8181818181818
2019-05-06 22:53:17,559.0363636363636,313.58181818181816,222.38181818181818,16.4,272.4363636363636,311.16363636363633,236.9090909090909,408.3818181818181,273.74545454545455,406.8545454545454,1591.490909090909,382.50909090909084,269.54545454545456,337.6363636363636,16.56393752613684,260.9272727272727,398.3818181818181,334.30909090909086,266.1454545454545,308.2363636363636,36.60066546664485,1121.5636363636363,286.56363636363636,442.6545454545454,272.6727272727273,22.218585792468954,299.47272727272724,298.3272727272727,375.16363636363633,338.30909090909086,216.5090909090909,492.2363636363636,287.3818181818181,479.50909090909084
2019-05-06 22:53:14,576.2286587028855,331.7333042418953,216.6039382534228,16.4,321.69675812287494,322.5695012636594,242.1498572701322,410.952926416844,260.98656339206167,410.28018691248934,1509.8092692594412,357.0064910271096,249.31362388407064,317.98759977454137,16.07272727272727,218.04032800596374,380.8614702085493,323.7695230822379,276.2777505045546,316.09665630284184,35.21818181818182,1122.674957726504,296.40538918889433,450.0809105620102,251.16820305823742,21.090909090909086,310.932926053201,295.0053637338861,354.0064364806633,329.55144638993437,180.14872997690867,473.88134329715086,279.85963381152385,473.66315751195475
2019-05-06 22:53:11,576.2286587028855,331.7333042418953,216.6039382534228,16.4,321.69675812287494,322.5695012636594,242.1498572701322,410.952926416844,260.98656339206167,410.28018691248934,1509.8092692594412,357.0064910271096,249.31362388407064,317.98759977454137,16.07272727272727,218.04032800596374,378.1225907137705,323.7695230822379,276.2777505045546,316.09665630284184,35.21818181818182,1122.674957726504,296.40538918889433,450.0809105620102,251.16820305823742,21.090909090909086,310.932926053201,295.0053637338861,354.0064364806633,329.55144638993437,180.14872997690867,473.88134329715086,279.85963381152385,473.66315751195475
2019-05-06 22:53:08,558.5636363636363,282.0545454545454,200.56363636363633,16.4,303.6363636363636,299.3454545454545,237.87272727272727,403.50909090909084,220.14545454545453,396.8181818181818,1467.3272727272727,350.98181818181814,202.9090909090909,329.81233727272723,20.345454545454547,174.74545454545452,361.8727272727273,309.4545454545454,283.50909090909084,255.5090909090909,37.07272727272727,1062.7636363636364,293.54545454545456,409.99999999999994,245.36363636363635,36.381818181818176,280.76363636363635,271.1818181818182,346.10909090909087,310.10909090909087,187.65454545454543,442.4273818181818,270.5090909090909,436.56363636363636
2019-05-06 22:53:05,558.5636363636363,269.28380696969697,194.22799424242424,16.39761489237929,303.6363636363636,299.3454545454545,231.89049484848482,397.67310393939385,220.14545454545453,396.8181818181818,1467.3272727272727,346.67809212121216,195.79459393939393,313.30051909090906,20.345454545454547,171.52847303030305,348.0658948484849,306.97243030303036,277.58777060606064,245.62397060606062,35.926432727272726,1062.7636363636364,293.54545454545456,409.99999999999994,245.36363636363635,36.381818181818176,276.8488309090909,271.1818181818182,334.0756472727273,306.6150472727273,187.65454545454543,420.2819272727273,267.3867206060606,436.56363636363636
2019-05-06 22:53:02,493.5377624242423,264.98227757575756,195.12765454545453,16.39761489237929,291.52727272727276,294.7086315151515,218.44549212121214,382.12319393939396,236.18306909090907,390.7001054545454,1409.0363636363634,331.4231745454545,186.93269575757577,311.4200533333333,18.181487609316193,170.00376121212122,262.5088109090909,305.4147175757576,257.30780848484847,197.99605575757576,33.10848893656479,1060.5272727272727,278.8909090909091,375.2814339393939,227.65414666666666,35.2539044744641,271.87709818181816,287.37764484848486,333.1610872727273,267.5941309090909,204.96755393939392,333.99615515151515,224.92809333333332,425.03735272727266
2019-05-06 22:52:59,479.04948133333335,248.41930666666667,192.84726799999999,16.943168,255.957324,274.4319253333333,199.45102666666665,353.6646146666666,229.82834400000002,362.60913199999993,1365.134104,310.55132399999997,172.49668266666666,235.07598933333335,20,161.91433066666664,248.394772,240.68322666666668,235.5044146666667,178.7964386666667,34.711830666666664,1030.2291133333333,263.0333693333333,358.32355066666673,207.51753066666666,38.779999999999994,244.22146799999993,258.43260666666663,293.832348,232.18692399999998,180.89199866666667,304.88164133333333,211.32572933333333,409.573628
2019-05-06 22:52:56,453.8024813333333,234.95930666666666,182.420268,16.041168,242.89632399999996,259.9439253333333,188.66102666666666,334.4676146666667,217.362344,343.436132,1296.028104,293.99032400000004,163.17268266666665,222.29198933333333,18.11733333333333,153.21833066666665,235.01177199999998,227.84322666666665,222.8574146666666,169.16343866666665,32.890830666666666,976.9341133333331,249.5543693333333,339.1725506666667,196.52153066666668,35.12950933333333,231.24446799999998,244.39760666666663,278.035348,219.72592399999996,171.16899866666665,288.3946413333333,200.05672933333332,387.85662799999994
2019-05-06 22:52:53,415.4959141648704,216.60934460715686,180.88578920468436,16.82129777777778,234.10233883691473,248.39621193603108,174.91797441538338,323.4000592579424,196.63421923957245,296.3985078109375,1169.3724317237393,243.4285226994956,136.10338029525272,218.4846944141982,18.22045037037037,141.72563535625133,165.08894691229082,208.4851251453671,225.41656555780244,150.44972926527558,33.49614666666666,923.8640826500151,223.53028117893675,314.9323163188966,164.2370273253187,36.478939259259256,221.35123552809938,230.99982704088058,251.37144507899822,217.5571020643986,163.81808219076615,246.96418820322512,186.08599549639638,363.21337970267325
2019-05-06 22:52:50,391.0509018318111,203.44963704510266,169.91269971778405,0,220.7793015710762,233.72764901520708,164.30932127434204,303.703830285253,184.67559609786449,278.9366736294749,1103.80055554321,228.95551098864468,127.86911883439626,205.14943519773632,17.156005925925925,133.20138033969613,155.17805604319904,196.04540158366854,211.83575624245387,141.37437538425073,31.526146666666666,870.5552672903565,210.82167470352505,296.09384606268014,154.54835374028727,34.347828148148146,208.18486144752342,216.92569535491802,236.24178129374903,204.4640596875625,153.9494126056458,232.00896498596327,174.98290889832077,341.67608053154373
2019-05-06 22:52:47,352.7323783333333,175.83155666666664,159.627535,0,222.78603499999997,221.90070333333333,156.52314166666667,272.08076166666666,181.48559000000003,241.59387999999998,1028.66731,207.993825,124.62695166666664,177.3657783333333,18.103006666666666,121.11676666666668,131.8989,155.93437666666665,184.7092966666667,129.33003666666667,33.07358166666667,816.7991433333334,176.24274333333332,260.2257016666666,133.89780166666665,36.243806666666664,202.55152499999997,206.13143166666666,191.94185,170.062255,146.97440166666667,192.1428283333333,168.69229333333337,313.0353599999999
2019-05-06 22:52:44,338.16602476190474,167.1331523809524,132.9525142857143,0,179.61332,202.77757904761904,155.40709523809525,231.91055238095242,137.94713714285712,216.45280571428572,912.4743371428572,190.48090857142859,93.77115238095239,147.17267619047615,18.655047619047618,78.73035238095238,89.78032,127.38935809523808,182.0065866666667,123.11459238095237,27.965689523809527,758.089436190476,169.17853904761904,219.7997638095238,126.83868380952381,38.25797333333333,194.40621714285717,190.92389523809524,166.45753142857146,142.44666857142857,141.36515238095237,173.7721676190476,129.0332819047619,268.6724514285714
2019-05-06 22:52:41,314.02173904761906,154.7260095238095,123.10965714285713,0,167.38331999999997,188.23043619047618,143.87138095238095,214.65340952380953,127.70570857142856,201.06566285714285,851.4329085714286,176.72519428571428,86.86400952380951,136.19410476190475,17.333619047619045,73.02320952380951,83.30032,118.2450723809524,168.62658666666664,114.04744952380952,25.967118095238092,705.2208647619046,157.69139619047615,203.86833523809526,117.77725523809522,35.54797333333333,180.29478857142854,176.68818095238095,154.3032457142857,132.05095428571428,130.95800952380952,160.94931047619048,119.71756761904761,249.38816571428572
2019-05-06 22:52:38,321.91326666666663,150.75768666666667,120.09899333333333,0,159.34720666666666,177.10073333333335,127.06174,166.30347333333333,124.61349999999999,189.45328666666666,764.4221600000001,169.6754,78.86070666666664,125.73943333333332,20.178920147106208,64.73418,67.83073333333333,115.08936666666666,147.5358533333333,101.15717999999998,27.726316345010723,651.9170533333332,151.48355333333333,176.97530666666665,108.88777333333334,38.30977972030561,140.25165333333334,150.78427333333332,148.08112,111.19067333333334,127.89889999999997,131.24344,116.29908666666667,235.88558666666665
2019-05-06 22:52:35,294.9299333333333,137.60268666666667,109.65066000000002,0,146.74553999999998,162.25073333333333,115.99340666666667,151.80180666666666,113.73849999999999,173.73162,705.68216,155.32540000000003,72.05070666666666,114.71443333333333,18.637304867615523,59.25584666666667,62.14739999999999,105.41436666666665,134.83918666666665,92.42884666666666,25.394727397975622,599.0870533333333,139.52855333333335,162.01530666666667,99.81110666666665,35.148218439015,128.43832,137.58260666666666,135.40112,101.72233999999999,116.84056666666666,119.91677333333334,106.46075333333334,216.08891999999997
2019-05-06 22:52:32,278.29516533333333,112.70342666666667,98.84644,0,148.630008,147.41930133333335,93.55836266666667,150.85787466666667,89.151032,165.960152,623.212256,126.69660799999998,72.90929066666668,114.44958933333334,14.022624,47.42416266666667,52.422432,76.66074666666667,137.45493066666666,87.83808266666666,25.05373066666667,555.7824373333334,128.9197333333333,148.15081866666665,92.88213866666666,28.166656,100.10565600000001,124.47687466666666,119.34174400000002,94.25625599999998,118.44251466666668,106.76425333333333,103.47091733333333,181.91443199999998
2019-05-06 22:52:29,228.40610333333333,97.81047666666669,82.82403000000001,0,151.53718999999998,116.14841333333334,88.54807666666667,137.09527666666665,69.64241,149.08807,494.1594666666667,119.06625000000001,60.046086666666675,105.31824333333333,17.135363333333334,21.907736666666665,48.70282999999999,56.63545666666666,101.54153666666667,83.06288666666666,27.78049666666666,498.43887333333333,119.05641333333334,125.03319666666667,73.58777666666667,31.728319999999997,90.43201,94.36965666666667,80.94357,73.70779,93.59865666666666,103.58689333333334,99.72093333333332,169.89600000000002
2019-05-06 22:52:26,202.93860333333333,86.28297666666667,73.09152999999999,0,135.31469,103.27841333333335,78.12057666666666,120.86777666666667,61.464909999999996,132.54557,439.95946666666663,105.62875,53.041086666666665,92.76574333333335,15.402863333333334,19.615236666666664,43.270329999999994,50.512956666666675,89.79903666666668,73.35788666666667,24.597996666666667,445.00387333333333,106.68641333333333,110.92569666666667,65.48527666666668,28.24832,80.35450999999999,83.19715666666667,71.77607000000002,65.33529000000001,82.67615666666667,91.49689333333335,88.32093333333334,150.89600000000002
2019-05-06 22:52:23,174.34481333333332,85.07694666666666,67.44886666666666,0,127.49704,86.13529333333332,76.54827999999999,122.54444,59.73374666666666,120.93077333333333,458.3217333333333,77.41861333333334,52.58192,74.24868,5.574916301876171,22.12476,32.606399999999994,45.82006666666666,74.79409333333334,66.34453333333333,2.419750905495189,392.4800533333334,97.96113333333334,110.42829333333336,55.754173333333334,19.951083446288763,73.79081333333332,67.19121333333332,68.51029333333334,64.6764,81.22678666666667,71.53094666666667,66.90842666666667,115.74612
2019-05-06 22:52:20,149.37481333333332,71.90694666666667,57.06553333333333,0,109.93703999999998,73.94529333333334,64.71161333333333,103.46777333333334,50.53041333333333,103.60410666666667,401.5550666666667,66.33194666666667,44.53525333333334,62.64534666666667,4.791635187283811,19.06809333333333,28.006399999999996,39.47006666666667,63.57076,56.21119999999999,2.0797735706508456,338.9000533333334,85.01113333333335,94.15496000000002,47.91084,17.14793698938589,63.15414666666666,56.787879999999994,58.403626666666675,55.0764,68.79678666666668,60.694279999999985,57.101760000000006,99.31612
2019-05-06 22:52:17,105.39647701896477,53.31258707462587,38.931626837316266,0,18.881379362063793,48.963610305636095,42.603582975035835,78.44304902843051,45.07840215978401,76.73193180681933,369.6873312668733,54.52660233976602,20.67162117121621,37.72227443922274,6.0128666666666675,22.556842649068425,21.112718728127184,32.53906442689065,42.433290004332896,24.512882045128816,2.60984,262.67984368229844,61.86068559810687,67.36562677065626,38.250768256507676,21.518386666666668,35.328662133786615,56.1966086724661,33.357244275572434,53.61107389261073,70.17598073525981,46.71882478418825,48.054796187047955,79.83774622537747
2019-05-06 22:52:14,55.70807803494482,7.3453209941637425,8.21803239941092,0,26.090434719368737,25.581353066307884,11.417974218650569,24.072289594734638,31.926692241959238,47.817312412501586,216.74151379065833,21.7814221559608,7.545317357866221,6.436246613697932,0,9.672551408156215,12.2361411610698,20.63598843657388,14.927001327248595,8.490754713550663,0,153.34266649697278,29.272195050999073,41.381065798803654,18.836021163251576,0,16.90878347666406,40.726532244868274,12.981582153051763,19.58146215523354,34.98118216032436,8.727114052471773,16.99969091471064,44.1264704278104
2019-05-06 22:52:11,55.70807803494482,7.3453209941637425,8.21803239941092,0,26.090434719368737,25.581353066307884,11.417974218650569,24.072289594734638,31.926692241959238,47.817312412501586,216.74151379065833,21.7814221559608,7.545317357866221,6.436246613697932,0,9.672551408156215,12.2361411610698,20.63598843657388,14.927001327248595,8.490754713550663,0,153.34266649697278,29.272195050999073,41.381065798803654,18.836021163251576,0,16.90878347666406,40.726532244868274,12.981582153051763,19.58146215523354,34.98118216032436,8.727114052471773,16.99969091471064,44.1264704278104
2019-05-06 22:52:08,77.9286896125384,26.564119347624505,11.90930744195349,0,46.273568610338366,48.491790759832,31.600574555901016,49.819087619774905,56.910125638647976,49.219076710485645,193.93079874179531,36.964308441971674,25.673194058073783,16.09120165821197,0,3.1818760341097114,19.654902816414843,20.03672794050801,11.400207276495937,35.2551864579356,0,164.9848179057801,42.091674394079895,49.219076710485645,37.34613356606484,0,52.819142166221205,16.963944798996344,34.69153984617902,42.78259604720086,28.945980836015202,28.309605629193257,35.61882943326243,80.18327605956473
2019-05-06 22:52:05,77.9286896125384,26.564119347624505,11.90930744195349,0,46.273568610338366,48.491790759832,31.600574555901016,49.819087619774905,56.910125638647976,49.219076710485645,193.93079874179531,36.964308441971674,25.673194058073783,16.09120165821197,0,3.1818760341097114,19.654902816414843,20.03672794050801,11.400207276495937,35.2551864579356,0,164.9848179057801,42.091674394079895,49.219076710485645,37.34613356606484,0,52.819142166221205,16.963944798996344,34.69153984617902,42.78259604720086,28.945980836015202,28.309605629193257,35.61882943326243,80.18327605956473
2019-05-06 22:52:02,171.1862933333333,58.933786666666656,72.31229333333333,0,53.19665333333333,85.91051999999999,61.30188,88.54715999999999,99.55757333333332,82.07762666666666,260.6367466666667,87.39973333333333,48.28957333333333,74.48508,0,0,79.12361333333334,96.89652,45.213493333333325,65.98924,0,271.79364,56.37038666666667,83.98186666666666,67.30756,0,111.05625333333333,58.39669333333333,117.25723999999998,72.09257333333333,54.00229333333333,97.23830666666666,69.38269333333332,141.84146666666666
2019-05-06 22:51:59,230.4044444444444,89.78910222222221,82.72990222222221,0,90.88719999999998,101.00538666666665,95.1031111111111,91.86764444444444,93.88735999999999,110.04508444444443,304.44760888888885,112.45697777777777,96.53456,78.88655999999999,0,0,87.25955555555555,106.77039999999998,47.72803555555556,89.16161777777776,0,305.3104,79.08264888888887,103.37806222222221,69.3370311111111,0,121.59472,59.61102222222222,146.1058311111111,130.71285333333333,90.53423999999998,126.02632888888887,69.12133333333333,143.53706666666665
