timestamp,accept,address,bind,brk,clone,close,connect,dup,exit,fcntl,futex,getpid,getsockopt,ioctl,madvise,mmap,mprotect,munmap,newfstat,newstat,open,poll,read,recvfrom,select,sendto,setsockopt,shutdown,sigprocmask,socket,writev
2019-05-06 20:31:32,663.1029655084639,371.8249422716777,457.59013800250915,0,270.45946289932544,583.7378861433845,236.93158057419225,500.17273041328025,402.480045091729,525.7186494299897,1443.5717013036601,505.0273641338934,323.987708867434,420.1349115438463,0,412.9893270786742,397.62541137111583,330.3514609356534,271.7503954617357,1312.7147766323026,325.7331951490027,488.9361624756814,367.6430480554192,615.847560864743,345.6608301969127,530.5369188530701,343.8789796178113,550.6281932398772,637.1206749213621,472.06312842051676,511.33656975581374
2019-05-06 20:31:29,627.8363636363636,402.09090909090907,469.30909090909086,0,311.29090909090905,600.2,249.0363636363636,462.76363636363635,386.2545454545454,530.9454545454545,1460.8363636363636,505.74545454545455,357.6545454545454,450.76363636363635,0,365.2545454545454,394.2545454545454,334.6363636363636,242.0181818181818,1309.9272727272726,365.58181818181816,484.30909090909086,396.0181818181818,590.2363636363636,353.4545454545454,523.7090909090908,387.50909090909084,525.0909090909091,629.4909090909091,484.12727272727267,503.76363636363635
2019-05-06 20:31:26,627.8363636363636,402.09090909090907,469.30909090909086,0,311.29090909090905,600.2,249.0363636363636,462.76363636363635,386.2545454545454,530.9454545454545,1460.8363636363636,505.74545454545455,357.6545454545454,450.76363636363635,0,365.2545454545454,394.2545454545454,334.6363636363636,242.0181818181818,1309.9272727272726,365.58181818181816,484.30909090909086,396.0181818181818,590.2363636363636,353.4545454545454,523.7090909090908,387.50909090909084,525.0909090909091,629.4909090909091,484.12727272727267,503.76363636363635
2019-05-06 20:31:23,633.5569737631594,390.26164112074764,458.1537846142657,0,276.53230058728343,625.9568355788288,249.9136347933599,450.5354642811688,407.18922162221133,553.1009654720996,1531.3732976963217,502.3000418189422,383.297878143239,410.4801905489191,0,378.8796159930181,447.935417007582,315.07845597192676,278.80506918307606,1247.7681412389318,361.5338460699286,522.9731449662721,434.38971617665777,611.0111092928963,371.0249277259587,580.7923780432372,395.27991418025783,538.4643357151948,575.6286477935962,452.04458262877506,541.8462153857342
2019-05-06 20:31:20,633.5569737631594,390.26164112074764,458.1537846142657,0,276.53230058728343,625.9568355788288,249.9136347933599,450.5354642811688,407.18922162221133,553.1009654720996,1531.3732976963217,502.3000418189422,383.297878143239,410.4801905489191,0,378.8796159930181,447.935417007582,315.07845597192676,278.80506918307606,1247.7681412389318,361.5338460699286,522.9731449662721,434.38971617665777,611.0111092928963,371.0249277259587,580.7923780432372,395.27991418025783,538.4643357151948,575.6286477935962,452.04458262877506,541.8462153857342
2019-05-06 20:31:17,617.7818181818182,413.8727272727273,448.94545454545454,0,293.52727272727276,592.9272727272727,315.29090909090905,442.12727272727267,420.6909090909091,554.7090909090908,1554.9272727272726,525.6181818181818,396,399.10909090909087,0,403.0545454545454,447.32727272727266,317.76363636363635,299.76363636363635,1206.3454545454545,367.8,554.6,448.1454545454545,657.0545454545455,361.96363636363634,602.4545454545455,408.8545454545454,540.1272727272727,632.0909090909091,482.30909090909086,547.4
2019-05-06 20:31:14,605.2837324314988,409.6619938544337,441.2080219640357,0,308.3510609283805,620.3749159075619,375.8977435953381,388.3888797978145,384.1888034327897,540.9552900961836,1601.4654811905673,528.1005109183803,392.3162239313442,367.206676485027,0,381.0432916962127,407.35286096110843,291.7325769559447,264.67753959162894,1118.8567064855727,364.71572210403826,564.7011763850253,431.3896616302115,659.2847142675322,353.46097201767304,546.4099347260859,442.09894725358646,563.3375152275496,600.5200094547174,453.20824014982094,516.0639284350625
2019-05-06 20:31:11,605.2837324314988,409.6619938544337,441.2080219640357,4.872815869379443,308.3510609283805,620.3749159075619,375.8977435953381,388.3888797978145,384.1888034327897,540.9552900961836,1601.4654811905673,528.1005109183803,392.3162239313442,367.206676485027,35.98247240858925,381.0432916962127,407.35286096110843,291.7325769559447,264.67753959162894,1118.8567064855727,364.71572210403826,564.7011763850253,431.3896616302115,659.2847142675322,353.46097201767304,546.4099347260859,442.09894725358646,563.3375152275496,600.5200094547174,453.20824014982094,516.0639284350625
2019-05-06 20:31:08,630.1090909090908,421.7090909090909,417.3999999999999,4.872727272727272,311.09090909090907,609.0181818181817,402.9272727272727,389.4,400.49090909090904,522.1090909090909,1594.1090909090906,533.5999999999999,389.56363636363636,406.2363636363636,8.036363636363635,346.7272727272727,404.76363636363635,291.98181818181814,253.89090909090908,1130.8,340.18181818181813,555.2727272727273,433.3818181818181,666.5454545454545,343.6545454545454,524.8181818181818,426.0181818181818,529.8363636363636,555.7272727272726,485.7090909090909,523.0909090909091
2019-05-06 20:31:05,630.1090909090908,421.7090909090909,417.3999999999999,4.872727272727272,311.09090909090907,609.0181818181817,402.9272727272727,389.4,400.49090909090904,522.1090909090909,1594.1090909090906,533.5999999999999,389.56363636363636,406.2363636363636,8.036363636363635,346.7272727272727,404.76363636363635,291.98181818181814,253.89090909090908,1130.8,340.18181818181813,555.2727272727273,433.3818181818181,666.5454545454545,343.6545454545454,524.8181818181818,426.0181818181818,529.8363636363636,555.7272727272726,485.7090909090909,523.0909090909091
2019-05-06 20:31:02,621.9636363636363,420.50909090909084,403.6545454545454,4.872815869379443,352.74545454545455,586.4363636363636,392.6909090909091,423.18181818181813,366.74545454545455,532.1090909090909,1532.6727272727271,517.2727272727273,397.12727272727267,412.8363636363636,14.636629756904671,342.2363636363636,385.16363636363633,294.6,287.3454545454545,1110.8727272727272,356.56363636363636,549.7454545454545,456.49090909090904,641.4181818181818,332.8545454545454,517.9818181818181,403.52727272727265,498.6363636363636,516.3636363636364,448.8909090909091,479.27272727272725
2019-05-06 20:30:59,664.9636363636363,388.8727272727273,425.12727272727267,4.872815869379443,387.3636363636363,536.7090909090908,391.3636363636363,417.3999999999999,381.54545454545456,492.09090909090907,1530.8727272727272,460.6363636363636,407.4545454545454,454.94545454545454,14.636629756904671,332.27272727272725,416.8181818181818,256.54545454545456,271.8545454545454,1129.8363636363636,326.6363636363636,544.0363636363636,448.27272727272725,603.6181818181817,310.0181818181818,492.19999999999993,404.8363636363636,447.4181818181818,486.96363636363634,411.8181818181818,462.6363636363636
2019-05-06 20:30:56,664.9636363636363,388.8727272727273,425.12727272727267,4.872727272727272,387.3636363636363,536.7090909090908,391.3636363636363,417.3999999999999,381.54545454545456,492.09090909090907,1530.8727272727272,460.6363636363636,407.4545454545454,454.94545454545454,45.43636363636363,332.27272727272725,416.8181818181818,256.54545454545456,271.8545454545454,1129.8363636363636,326.6363636363636,544.0363636363636,448.27272727272725,603.6181818181817,310.0181818181818,492.19999999999993,404.8363636363636,447.4181818181818,486.96363636363634,411.8181818181818,462.6363636363636
2019-05-06 20:30:53,670.9758359242895,392.4434989727086,388.0979654175531,4.872815869379443,385.51610029273263,503.9182530591466,414.6802669139439,468.62670230367826,354.6973581337843,493.445335369734,1566.7375770468557,458.35378825069546,384.38880706921947,435.626102292769,53.364606629211444,316.18756704667356,403.9709812905689,258.3501518209422,278.8232513318424,1087.874324987727,296.84176075928656,526.9732176948672,432.1896761759305,553.2464226622303,310.64201167293953,469.97218131238753,382.8251422753141,428.18960344733546,481.35420644011714,361.9156711940217,468.5357915598466
2019-05-06 20:30:50,670.9758359242895,392.4434989727086,388.0979654175531,4.872815869379443,385.51610029273263,503.9182530591466,414.6802669139439,468.62670230367826,354.6973581337843,493.445335369734,1566.7375770468557,458.35378825069546,384.38880706921947,435.626102292769,53.364606629211444,316.18756704667356,403.9709812905689,258.3501518209422,278.8232513318424,1087.874324987727,296.84176075928656,526.9732176948672,432.1896761759305,553.2464226622303,310.64201167293953,469.97218131238753,382.8251422753141,428.18960344733546,481.35420644011714,361.9156711940217,468.5357915598466
2019-05-06 20:30:47,633.661206159888,344.95736441155617,387.92021963237033,4.872727272727272,399.3745568262395,459.8280031272159,425.79225832257595,447.99185469355103,346.15734259377103,436.93751022708676,1555.6626243159214,474.3731932146688,393.99283649388195,439.8465482445773,63.58181818181818,325.32135779349466,375.484082107598,271.06779876729513,296.0309812548863,1063.4715732441227,308.15803349030017,485.0275449537281,395.6473518663297,517.572407774404,301.53997200050907,407.4289558371666,394.7019145106452,383.1566698787295,489.8820021454155,322.7941310157997,460.40981073071396
2019-05-06 20:30:44,617.5818181818181,368.6545454545454,383.58181818181816,4.872727272727272,389.8545454545454,454.8181818181818,436.98181818181814,475.50909090909084,343.3636363636363,445.59999999999997,1556.7090909090907,458.9090909090909,370.4363636363636,371.1454545454545,63.58181818181818,337.8909090909091,404.2363636363636,276.6,301.3818181818181,1067.0545454545454,308.07272727272726,489.4545454545454,387.6181818181818,457.7272727272727,308.50909090909084,424.47272727272724,400.6,335.6909090909091,526.0181818181818,332.6909090909091,467.0545454545454
2019-05-06 20:30:41,617.5818181818181,368.6545454545454,383.58181818181816,4.872727272727272,389.8545454545454,454.8181818181818,436.98181818181814,475.50909090909084,343.3636363636363,445.59999999999997,1556.7090909090907,458.9090909090909,370.4363636363636,371.1454545454545,92.43636363636364,337.8909090909091,404.2363636363636,276.6,301.3818181818181,1067.0545454545454,308.07272727272726,489.4545454545454,387.6181818181818,457.7272727272727,308.50909090909084,424.47272727272724,400.6,335.6909090909091,526.0181818181818,332.6909090909091,467.0545454545454
2019-05-06 20:30:38,635.1090909090908,392.0363636363636,391.4,0,389.1454545454545,443.8545454545454,456.7272727272727,457.54545454545456,364.0181818181818,470.0545454545454,1549.6,440.4363636363636,333.50909090909084,373.98181818181814,127.07272727272726,366.98181818181814,441.2181818181818,272.2181818181818,312.47272727272724,1065.581818181818,315.8,530.4727272727272,390.16363636363633,472.3454545454545,319.4363636363636,454.49090909090904,389.0181818181818,334.94545454545454,478.07272727272726,333.74545454545455,469.3999999999999
2019-05-06 20:30:35,635.1090909090908,392.0363636363636,391.4,0,389.1454545454545,443.8545454545454,456.7272727272727,457.54545454545456,364.0181818181818,470.0545454545454,1549.6,440.4363636363636,333.50909090909084,373.98181818181814,127.07272727272726,366.98181818181814,441.2181818181818,272.2181818181818,312.47272727272724,1065.581818181818,315.8,530.4727272727272,390.16363636363633,472.3454545454545,319.4363636363636,454.49090909090904,389.0181818181818,334.94545454545454,478.07272727272726,333.74545454545455,469.3999999999999
2019-05-06 20:30:32,663.2181818181817,405.0545454545454,381.52727272727265,0,370.0363636363636,467.4181818181818,444.52727272727265,416.07272727272726,392.32727272727266,486.99999999999994,1534.0545454545454,456.09090909090907,345.4181818181818,345.27272727272725,143.42078946889944,367.3454545454545,432.3999999999999,258.54545454545456,337.8,1058.4363636363637,297.8727272727273,618.9272727272727,364.49090909090904,429.6545454545454,311.8727272727273,471.07272727272726,360.6909090909091,362.8727272727273,489.99999999999994,332.94545454545454,446.7090909090909
2019-05-06 20:30:29,649.4245559171651,402.4654097198233,405.21081434883,0,393.7564771549608,438.61020708714386,485.42753768113306,402.13814294285555,378.1022163233395,458.39166560607987,1521.7177869493282,442.7919492372866,321.75778622206866,391.82923946837326,143.42078946889944,361.3570662351594,387.41113797930944,247.9954909910729,319.1578334939365,1085.6166251522698,301.2672496863693,586.2620679624007,324.6122797767313,390.0656351702697,272.94049199105467,416.15606988963833,372.44777367684225,354.21174160469803,549.3172851402702,311.7943310121634,391.5383356666242
2019-05-06 20:30:26,649.4245559171651,402.4654097198233,405.21081434883,0,393.7564771549608,438.61020708714386,485.42753768113306,402.13814294285555,378.1022163233395,458.39166560607987,1521.7177869493282,442.7919492372866,321.75778622206866,391.82923946837326,176.68769658733478,361.3570662351594,387.41113797930944,247.9954909910729,319.1578334939365,1085.6166251522698,301.2672496863693,586.2620679624007,324.6122797767313,390.0656351702697,272.94049199105467,416.15606988963833,372.44777367684225,354.21174160469803,549.3172851402702,311.7943310121634,391.5383356666242
2019-05-06 20:30:23,648.9208894707176,408.8437971599484,421.4258441062565,0,416.2075674103165,442.3171330387825,434.46244477172314,390.51619120347647,382.18876706849215,471.2085674284987,1578.701430935108,433.09878361424757,294.5689921634939,425.5350097274496,208.47272727272727,343.333515154821,437.9352351860943,272.31404207349226,315.42391679848726,1089.147075401371,298.47815414825726,568.3921525845925,333.24242258950164,348.4063346606302,365.661193839888,371.15220276732305,350.60637466135745,334.80608738340703,521.79130529646,282.0051273659521,430.6987399770905
2019-05-06 20:30:20,648.9208894707176,408.8437971599484,421.4258441062565,0,416.2075674103165,442.3171330387825,434.46244477172314,390.51619120347647,382.18876706849215,471.2085674284987,1578.701430935108,433.09878361424757,294.5689921634939,425.5350097274496,208.47272727272727,343.333515154821,437.9352351860943,272.31404207349226,315.42391679848726,1089.147075401371,298.47815414825726,568.3921525845925,333.24242258950164,348.4063346606302,365.661193839888,371.15220276732305,350.60637466135745,334.80608738340703,521.79130529646,282.0051273659521,430.6987399770905
2019-05-06 20:30:17,641.1090909090908,441.47272727272724,441.6909090909091,0,405.76363636363635,428.54545454545456,360.32727272727266,471.32727272727266,391.3818181818181,484.50909090909084,1580.4,431.96363636363634,273.0363636363636,440.8363636363636,217.19999999999996,350.6727272727273,450.7272727272727,265.1090909090909,362.8909090909091,1082.4727272727273,326.30909090909086,565.9272727272727,387.47272727272724,329.29090909090905,345.4363636363636,423.4363636363636,285.72727272727275,305.6909090909091,522.9090909090909,296.6727272727273,441.8181818181818
2019-05-06 20:30:14,658.0363636363636,405.58181818181816,434.09090909090907,0,406.10909090909087,433.59999999999997,335.8,441.27272727272725,357.6727272727273,467.30909090909086,1620.2727272727273,444.12727272727267,285.8181818181818,411.6181818181818,217.19999999999996,420.59999999999997,488.2181818181818,269.8545454545454,391.32727272727266,1077.9818181818182,340.0545454545454,526.0363636363636,365.12727272727267,313.6909090909091,354.6545454545454,471.8363636363636,294.2363636363636,304.6181818181818,643.4,281.6727272727273,421.0181818181818
2019-05-06 20:30:11,658.0363636363636,405.58181818181816,434.09090909090907,0,406.10909090909087,433.59999999999997,335.8,441.27272727272725,357.6727272727273,467.30909090909086,1620.2727272727273,444.12727272727267,285.8181818181818,411.6181818181818,217.19999999999996,420.59999999999997,488.2181818181818,269.8545454545454,391.32727272727266,1077.9818181818182,340.0545454545454,526.0363636363636,365.12727272727267,313.6909090909091,354.6545454545454,471.8363636363636,294.2363636363636,304.6181818181818,643.4,281.6727272727273,421.0181818181818
2019-05-06 20:30:08,692.1762213858434,400.1527300496373,416.38938889798,0,365.18845797196315,434.98972708594704,329.1878034146076,412.6438662521137,354.04280077819595,485.4997363588429,1664.1938944344442,419.09852906416484,265.6775577737777,400.3345515373007,210.59617097870947,458.09923816796675,537.1006745577192,269.16853033691524,393.8798887252496,1093.9835269732177,341.18802160039274,509.73654066437575,332.9878725067729,331.49693630793286,349.3154420989473,500.04545537191586,304.86008836524303,313.78752340951655,716.3402970963109,280.4960090183458,454.5719013072965
2019-05-06 20:30:05,692.1762213858434,400.1527300496373,416.38938889798,0,365.18845797196315,434.98972708594704,329.1878034146076,412.6438662521137,354.04280077819595,485.4997363588429,1664.1938944344442,419.09852906416484,265.6775577737777,400.3345515373007,210.59617097870947,458.09923816796675,537.1006745577192,269.16853033691524,393.8798887252496,1093.9835269732177,341.18802160039274,509.73654066437575,332.9878725067729,331.49693630793286,349.3154420989473,500.04545537191586,304.86008836524303,313.78752340951655,716.3402970963109,280.4960090183458,454.5719013072965
2019-05-06 20:30:02,633.9334424440807,408.9470812875068,396.2538643389707,0,352.39134388070556,425.5864702673213,339.4253500636479,381.37843244226224,347.17221312965995,492.434988179669,1671.2493180578285,421.16748499727225,279.1234769958174,332.1876704855428,179.8032691503482,479.45080923804323,474.01345699218035,271.12202218585196,405.8919803600655,1080.63284233497,326.2593198763412,502.1822149481724,376.3957083106019,328.0778323331515,348.75431896708494,526.8230587379524,287.8887070376432,355.35551918530643,745.3355155482815,319.51263866157484,491.0347335879251
2019-05-06 20:29:59,601.9345102816312,400.95634624825004,391.01107252595403,0,368.9205650806349,406.31988509299833,327.19405101725425,354.0299267286049,335.13936110252536,514.7542771949601,1667.478773113216,380.21126888602026,304.5944619188742,338.5211177978582,179.8032691503482,464.2461046162797,457.7007690769259,291.0492536499336,431.06488972927764,1111.5070635079362,380.48399120015995,454.2281049435465,368.3205759895274,326.5031544881002,376.64769731459427,501.8999654551735,280.95852802676313,352.0663260667988,692.0783258486209,311.6670605988982,486.6638788385665
2019-05-06 20:29:56,601.9345102816312,400.95634624825004,391.01107252595403,0,368.9205650806349,406.31988509299833,327.19405101725425,354.0299267286049,335.13936110252536,514.7542771949601,1667.478773113216,380.21126888602026,304.5944619188742,338.5211177978582,171.87272727272727,464.2461046162797,457.7007690769259,291.0492536499336,431.06488972927764,1111.5070635079362,380.48399120015995,454.2281049435465,368.3205759895274,326.5031544881002,376.64769731459427,501.8999654551735,280.95852802676313,352.0663260667988,692.0783258486209,311.6670605988982,486.6638788385665
2019-05-06 20:29:53,567.690909090909,418.94545454545454,398.4545454545454,0,377.9090909090909,406.56363636363636,319.8363636363636,384.2363636363636,340.0363636363636,542.6181818181818,1689.0181818181816,420.10909090909087,306.18181818181813,325.3636363636363,153.6181818181818,467.94545454545454,462.32727272727266,315.8727272727273,403.9272727272727,1170.8545454545454,365.4545454545454,481.47272727272724,385.6363636363636,311.07272727272726,377.32727272727266,520.690909090909,277.18181818181813,349.50909090909084,625.7272727272726,320.6727272727273,485.19999999999993
2019-05-06 20:29:50,567.690909090909,418.94545454545454,398.4545454545454,0,377.9090909090909,406.56363636363636,319.8363636363636,384.2363636363636,340.0363636363636,542.6181818181818,1689.0181818181816,420.10909090909087,306.18181818181813,325.3636363636363,153.6181818181818,467.94545454545454,462.32727272727266,315.8727272727273,403.9272727272727,1170.8545454545454,365.4545454545454,481.47272727272724,385.6363636363636,311.07272727272726,377.32727272727266,520.690909090909,277.18181818181813,349.50909090909084,625.7272727272726,320.6727272727273,485.19999999999993
2019-05-06 20:29:47,548.0826924125893,399.95272641320753,388.1161475663194,0,431.1714758450154,418.77125038637064,318.4785177912326,372.73404970999474,429.02598229058714,539.7189039800725,1667.8666884852453,422.82586956126477,342.9153257331952,355.6064655721013,124.76590483463336,442.78986890670745,465.3720976745032,315.2239131620575,414.29844178985076,1140.8934707903782,364.71572210403826,468.08123784068806,380.8069237622502,326.89685267004853,380.6978308696522,492.79077801414576,271.5322096765396,351.87912507500135,567.4284986999763,322.49677266859396,511.37293405334646
2019-05-06 20:29:44,534.5272727272727,411.8181818181818,358.78181818181815,0,411.4181818181818,425.7090909090909,316.2363636363636,364.47272727272724,399.6181818181818,501.6545454545454,1623.3454545454545,436.19999999999993,340.98181818181814,354.4545454545454,124.76590483463336,445.6363636363636,444.3454545454545,324.78181818181815,430.0363636363636,1121.7636363636364,367.47272727272724,443.76363636363635,417.6909090909091,318.29090909090905,373.6363636363636,480.47272727272724,267.3454545454545,385.4,588.8727272727272,310.1272727272727,548.6
2019-05-06 20:29:41,534.5272727272727,411.8181818181818,358.78181818181815,0,411.4181818181818,425.7090909090909,316.2363636363636,364.47272727272724,399.6181818181818,501.6545454545454,1623.3454545454545,436.19999999999993,340.98181818181814,354.4545454545454,90.14366248408801,445.6363636363636,444.3454545454545,324.78181818181815,430.0363636363636,1121.7636363636364,367.47272727272724,443.76363636363635,417.6909090909091,318.29090909090905,373.6363636363636,480.47272727272724,267.3454545454545,385.4,588.8727272727272,310.1272727272727,548.6
2019-05-06 20:29:38,547.6,393.2363636363636,345.0181818181818,5.49080925801349,411.8545454545454,415.8909090909091,317.3818181818181,395,404.58181818181816,475.1454545454545,1570.1818181818182,433.6363636363636,329.2181818181818,376.10909090909087,107.50713623388665,470.3636363636363,426.7090909090909,331.07272727272726,419.9090909090909,1096.109090909091,360.3636363636363,369.1454545454545,447.10909090909087,320.50909090909084,415.16363636363633,453.59999999999997,271.56363636363636,351.0181818181818,603.4545454545455,329.4545454545454,584.7636363636362
2019-05-06 20:29:35,547.6,393.2363636363636,345.0181818181818,5.49080925801349,411.8545454545454,415.8909090909091,317.3818181818181,395,404.58181818181816,475.1454545454545,1570.1818181818182,433.6363636363636,329.2181818181818,376.10909090909087,107.50713623388665,470.3636363636363,426.7090909090909,331.07272727272726,419.9090909090909,1096.109090909091,360.3636363636363,369.1454545454545,447.10909090909087,320.50909090909084,415.16363636363633,453.59999999999997,271.56363636363636,351.0181818181818,603.4545454545455,329.4545454545454,584.7636363636362
2019-05-06 20:29:32,579.9559991999854,434.33516973035876,312.33295150820925,5.49090909090909,402.1345842651684,447.935417007582,276.60502918234874,425.5713740249823,423.26224113165694,521.0094728995073,1599.5018091238023,438.66252113674796,352.97005400098186,356.58830160548376,88.96363636363635,449.6627211403844,399.3163512063856,378.0977835960654,418.75306823760434,1091.0016545755377,354.33371515845744,407.6801396389026,462.9720540373462,305.5873743158966,436.68066692121675,471.3722067673958,266.8048509972909,354.6609938362516,581.1196567210313,347.75177730504197,633.1024200440008
2019-05-06 20:29:29,588.2727272727273,414.1454545454545,298.3454545454545,5.49090909090909,377.52727272727265,419.8181818181818,281.3818181818181,451.79999999999995,404.56363636363636,514.5818181818181,1500.0727272727272,480.47272727272724,371.58181818181816,341.2545454545454,88.96363636363635,484.8545454545454,344.7090909090909,413.3636363636363,406.7090909090909,1105.6909090909091,373.8545454545454,417.8909090909091,487.2363636363636,347.3818181818181,355.6181818181818,475.3818181818181,278.6727272727273,377.4181818181818,576.6181818181817,360.4181818181818,628.3272727272727
2019-05-06 20:29:26,588.2727272727273,414.1454545454545,298.3454545454545,5.491008927435045,377.52727272727265,419.8181818181818,281.3818181818181,451.79999999999995,404.56363636363636,514.5818181818181,1500.0727272727272,480.47272727272724,371.58181818181816,341.2545454545454,57.1828578701431,484.8545454545454,344.7090909090909,413.3636363636363,406.7090909090909,1105.6909090909091,373.8545454545454,417.8909090909091,487.2363636363636,347.3818181818181,355.6181818181818,475.3818181818181,278.6727272727273,377.4181818181818,576.6181818181817,360.4181818181818,628.3272727272727
2019-05-06 20:29:23,595.1272727272727,405.8363636363636,296.16363636363633,5.49090909090909,385.78181818181815,429.3636363636363,292.2181818181818,384.8,380.09090909090907,526.6545454545454,1482.1272727272726,473.6727272727273,382.9272727272727,340.27272727272725,60.96363636363636,506.7272727272727,359.6363636363636,418.12727272727267,379.58181818181816,1095.6363636363635,362.2363636363636,410.7090909090909,446.6909090909091,416.7272727272727,362.96363636363634,408.12727272727267,298.27272727272725,399.07272727272726,646.6545454545454,355.4363636363636,618.9090909090908
2019-05-06 20:29:20,595.1272727272727,405.8363636363636,296.16363636363633,5.49090909090909,385.78181818181815,429.3636363636363,292.2181818181818,384.8,380.09090909090907,526.6545454545454,1482.1272727272726,473.6727272727273,382.9272727272727,340.27272727272725,60.96363636363636,506.7272727272727,359.6363636363636,418.12727272727267,379.58181818181816,1095.6363636363635,362.2363636363636,410.7090909090909,446.6909090909091,416.7272727272727,362.96363636363634,408.12727272727267,298.27272727272725,399.07272727272726,646.6545454545454,355.4363636363636,618.9090909090908
2019-05-06 20:29:17,562.2102220040364,425.69864906634666,313.38751613665704,5.49090909090909,386.6433935162458,437.89887088856165,319.6421753122784,393.35260641102565,387.67977599592723,563.0284186985217,1422.9895089001618,478.2632411498391,402.2982236040655,348.9336169748541,69.54545454545453,467.22667684866997,332.7878688703431,405.11645666284846,350.3881888761614,1125.056819214895,358.624702267314,425.48046328115055,443.1716940308006,419.4439898907253,355.3337333406062,379.31598756341026,298.15087547046306,391.3707521954945,549.0099819996727,385.7161039291624,701.6491208931072
2019-05-06 20:29:14,519.4363636363636,467.47272727272724,324.56363636363636,5.49090909090909,390.3636363636363,464.3818181818181,323.09090909090907,411.4181818181818,396.98181818181814,581.4909090909091,1375.1636363636362,549.5454545454545,408.54545454545456,361.10909090909087,69.54545454545453,454.47272727272724,283.98181818181814,399.07272727272726,324.4,1122.4181818181817,388.78181818181815,442.12727272727267,490.2545454545454,413.4545454545454,401.78181818181815,342.3454545454545,297.10909090909087,402.56363636363636,498.79999999999995,417.0545454545454,700.8545454545454
2019-05-06 20:29:11,519.4363636363636,467.47272727272724,324.56363636363636,5.491008927435045,390.3636363636363,464.3818181818181,323.09090909090907,411.4181818181818,396.98181818181814,581.4909090909091,1375.1636363636362,549.5454545454545,408.54545454545456,361.10909090909087,69.54671903125512,454.47272727272724,283.98181818181814,399.07272727272726,324.4,1122.4181818181817,388.78181818181815,442.12727272727267,490.2545454545454,413.4545454545454,401.78181818181815,342.3454545454545,297.10909090909087,402.56363636363636,498.79999999999995,417.0545454545454,700.8545454545454
2019-05-06 20:29:08,513.8250104528349,449.0719700412659,313.89409005799047,5.49090909090909,386.59128506244434,478.43080223236194,332.6182988238288,427.2573578868912,418.36790343398354,574.0333399989092,1377.5745787053027,539.3299278299914,377.9381555745423,357.41424130596806,69.54545454545453,474.83139122689016,318.5660528277191,397.58948535694157,339.326292061299,1100.6198985620535,426.94831754803755,465.19660419204126,476.7583486338599,495.2280535912305,403.0613172389973,381.1012743369267,298.5511461760803,390.9905651802432,446.2542493046592,391.17235361486297,672.2172735370575
2019-05-06 20:29:05,513.8250104528349,449.0719700412659,313.89409005799047,5.49090909090909,386.59128506244434,478.43080223236194,332.6182988238288,427.2573578868912,418.36790343398354,574.0333399989092,1377.5745787053027,539.3299278299914,377.9381555745423,357.41424130596806,69.54545454545453,474.83139122689016,318.5660528277191,397.58948535694157,339.326292061299,1100.6198985620535,426.94831754803755,465.19660419204126,476.7583486338599,495.2280535912305,403.0613172389973,381.1012743369267,298.5511461760803,390.9905651802432,446.2542493046592,391.17235361486297,672.2172735370575
2019-05-06 20:29:02,518.7818181818182,450.16363636363633,304.50909090909084,5.49090909090909,412.56363636363636,491.8181818181818,395.54545454545456,428.59999999999997,413.76363636363635,567.1272727272727,1340.890909090909,558.7090909090908,431.7272727272727,352.10909090909087,76.94545454545454,511.0181818181818,357.49090909090904,381.6,317.2181818181818,1079.1999999999998,388.94545454545454,482.2363636363636,558.2545454545455,565.3454545454546,436.1454545454545,429.30909090909086,312.4181818181818,403.49090909090904,455.30909090909086,387.50909090909084,674.3636363636363
2019-05-06 20:28:59,580.5272727272727,428.96363636363634,272.5090909090909,5.49090909090909,440.07272727272726,489.74545454545455,436.99999999999994,415.47272727272724,387.07272727272726,544.6545454545454,1345.1636363636362,533.9636363636363,413.4181818181818,359.54545454545456,76.94545454545454,545.9090909090909,361.6545454545454,382.49090909090904,314.9090909090909,1016.8727272727272,389.8181818181818,436.47272727272724,538.8181818181818,614.9454545454545,474.12727272727267,425.0545454545454,288.8363636363636,417.18181818181813,473.18181818181813,373.3636363636363,689.4181818181818
2019-05-06 20:28:56,580.5272727272727,428.96363636363634,272.5090909090909,5.491008927435045,440.07272727272726,489.74545454545455,436.99999999999994,415.47272727272724,387.07272727272726,544.6545454545454,1345.1636363636362,533.9636363636363,413.4181818181818,359.54545454545456,79.85599738177058,545.9090909090909,361.6545454545454,382.49090909090904,314.9090909090909,1016.8727272727272,389.8181818181818,436.47272727272724,538.8181818181818,614.9454545454545,474.12727272727267,425.0545454545454,288.8363636363636,417.18181818181813,473.18181818181813,373.3636363636363,689.4181818181818
2019-05-06 20:28:53,594,416.8181818181818,262.3272727272727,5.49090909090909,384.2,477.3818181818181,430.78181818181815,398.12727272727267,278.47272727272724,546.6363636363636,1410.8181818181815,526.3272727272727,408.32727272727266,331.8727272727273,79.85454545454544,573.6,330.2545454545454,373.58181818181816,311.6181818181818,1008.6181818181817,420.19999999999993,432.8727272727273,548.3090909090909,639.2545454545455,486.8727272727272,436.58181818181816,289.54545454545456,440.98181818181814,591.6545454545454,388.9272727272727,723.5818181818181
2019-05-06 20:28:50,594,416.8181818181818,262.3272727272727,5.49090909090909,384.2,477.3818181818181,430.78181818181815,398.12727272727267,278.47272727272724,546.6363636363636,1410.8181818181815,526.3272727272727,408.32727272727266,331.8727272727273,79.85454545454544,573.6,330.2545454545454,373.58181818181816,311.6181818181818,1008.6181818181817,420.19999999999993,432.8727272727273,548.3090909090909,639.2545454545455,486.8727272727272,436.58181818181816,289.54545454545456,440.98181818181814,591.6545454545454,388.9272727272727,723.5818181818181
2019-05-06 20:28:47,587.9272727272727,408.94545454545454,270.8909090909091,5.490010725517641,372.94545454545454,474.09090909090907,420.6727272727273,389.94545454545454,270.3454545454545,545.2727272727273,1484.8727272727272,514.4181818181818,396.8363636363636,325.30909090909086,79.84148048501153,574.3090909090909,325.74545454545455,357.6727272727273,294.76363636363635,1007.6545454545453,389.8363636363636,440.9272727272727,527.2545454545455,610.8545454545455,474.12727272727267,425.07272727272726,271.78181818181815,393.18181818181813,596.1090909090908,383.4363636363636,720.4363636363636
2019-05-06 20:28:44,599.5927198676341,392.7889597992691,322.8240513463881,5.490010725517641,359.46108111056566,446.78994163530245,440.93528973254064,399.3890798014509,283.2596956308297,538.4825178639611,1530.155093728977,505.46373570428557,410.371097656321,325.7695594465354,79.84148048501153,573.537700685467,351.46093565337554,360.55201003654616,317.7330496918126,1056.9283077874143,399.3708976526846,449.2627138675249,505.3364606629212,657.1937671594029,438.08069237622504,457.26285932471507,287.04158257422864,402.93459881088745,617.447589956181,383.40697103583705,705.3582792414408
2019-05-06 20:28:41,599.5927198676341,392.7889597992691,322.8240513463881,0,359.46108111056566,446.78994163530245,440.93528973254064,399.3890798014509,283.2596956308297,538.4825178639611,1530.155093728977,505.46373570428557,410.371097656321,325.7695594465354,46.127272727272725,573.537700685467,351.46093565337554,360.55201003654616,317.7330496918126,1056.9283077874143,399.3708976526846,449.2627138675249,505.3364606629212,657.1937671594029,438.08069237622504,457.26285932471507,287.04158257422864,402.93459881088745,617.447589956181,383.40697103583705,705.3582792414408
2019-05-06 20:28:38,582.3818181818182,368.78181818181815,318.16363636363633,0,353.74545454545455,426.3999999999999,435.18181818181813,420.0181818181818,270.0181818181818,501.6909090909091,1507.490909090909,548.4363636363636,400.6909090909091,311.16363636363633,31.399999999999995,590.1272727272727,335.16363636363633,316.76363636363635,330.2545454545454,1053.8545454545454,396,419.19999999999993,496.6363636363636,649.6181818181817,424.30909090909086,456.3636363636363,290.4545454545454,402.58181818181816,612.2,360.2181818181818,661.2181818181817
2019-05-06 20:28:35,582.3818181818182,368.78181818181815,318.16363636363633,0,353.74545454545455,426.3999999999999,435.18181818181813,420.0181818181818,270.0181818181818,501.6909090909091,1507.490909090909,548.4363636363636,400.6909090909091,311.16363636363633,31.399999999999995,590.1272727272727,335.16363636363633,316.76363636363635,330.2545454545454,1053.8545454545454,396,419.19999999999993,496.6363636363636,649.6181818181817,424.30909090909086,456.3636363636363,290.4545454545454,402.58181818181816,612.2,360.2181818181818,661.2181818181817
2019-05-06 20:28:32,584.498463664297,362.66613334303014,320.0850893620116,0,338.5211177978582,427.5558626206796,420.84689369284195,381.70215086998417,272.3768658751659,494.8819112379775,1554.4081016708785,494.7000963618843,392.06559880729435,302.2490500172724,34.345454545454544,578.971291431065,375.53862657042595,269.04965364266104,332.59395283722114,1046.9991454700823,394.9382738495663,421.9196014617916,461.17343321030523,604.2253777204052,412.8470391447428,450.50089998363666,285.1766331521245,382.02941764695186,641.6428792203777,340.33926655878986,629.5158269849638
2019-05-06 20:28:29,564.9170015090635,375.50226359520735,335.50299085471175,0,347.44822821403244,451.8645115543353,420.95598261849784,385.37481136706606,296.41279249468187,479.7912765222451,1602.607225323176,510.0089089289286,396.82914856093527,352.9026744968273,34.345454545454544,570.9532553953565,377.32041235613895,268.4496645515536,339.0665624261377,1097.5618625115906,415.1742695587353,421.3196123706841,455.6280794894638,547.8264031563062,413.1561244341012,480.9185287540226,281.64942455591716,380.5385356629879,633.3703023581389,340.2847220959619,642.2065053362666
2019-05-06 20:28:26,564.9170015090635,375.50226359520735,335.50299085471175,0,347.44822821403244,451.8645115543353,420.95598261849784,385.37481136706606,296.41279249468187,479.7912765222451,1602.607225323176,510.0089089289286,396.82914856093527,352.9026744968273,21.836363636363632,570.9532553953565,377.32041235613895,268.4496645515536,339.0665624261377,1097.5618625115906,415.1742695587353,421.3196123706841,455.6280794894638,547.8264031563062,413.1561244341012,480.9185287540226,281.64942455591716,380.5385356629879,633.3703023581389,340.2847220959619,642.2065053362666
2019-05-06 20:28:23,575.6,376.30909090909086,341.30909090909086,0,339.6,435.12727272727267,422.3636363636363,414.8727272727273,274.94545454545454,453.16363636363633,1617.9272727272726,509.8181818181818,372.2,405.7090909090909,44.76445026273205,556.5818181818181,378.7090909090909,286.2,321.16363636363633,1074.6363636363635,410.10909090909087,434.2181818181818,448.78181818181815,542.9272727272727,418.3636363636363,474.4181818181818,297,401.76363636363635,661.0181818181817,343.8909090909091,550.8545454545455
2019-05-06 20:28:20,575.6,376.30909090909086,341.30909090909086,0,339.6,435.12727272727267,422.3636363636363,414.8727272727273,274.94545454545454,453.16363636363633,1617.9272727272726,509.8181818181818,372.2,405.7090909090909,44.76445026273205,556.5818181818181,378.7090909090909,286.2,321.16363636363633,1074.6363636363635,410.10909090909087,434.2181818181818,448.78181818181815,542.9272727272727,418.3636363636363,474.4181818181818,297,401.76363636363635,661.0181818181817,343.8909090909091,550.8545454545455
2019-05-06 20:28:17,633.1703059944364,352.3026854057199,337.9393101943601,0,346.6300612716132,418.0651260886165,415.48335484809365,423.0286722059599,280.5767167869675,417.11968873293216,1610.079816730605,475.9549826366793,368.5023908656206,395.1019072380502,59.81818181818182,547.4445919165106,382.90212905219903,293.86738422937765,336.90296540062906,1132.7248595480082,360.02981763967927,474.51864511554334,410.6107161687969,552.5717714223377,377.93858293485573,510.208905292631,361.79342193778297,396.3746113707023,650.8608934383011,322.83049399101833,552.4626824966819
2019-05-06 20:28:14,673.3150306358067,365.3388120215996,360.3752659042563,0,331.8848748204578,408.5925710441628,394.9200923619571,431.19216014254283,262.722495954619,417.08332575771345,1607.207141688333,497.86367520590534,382.02941764695186,401.97450955437176,59.81818181818182,507.40895620079635,386.24752277231323,290.61289794731,324.7577316776059,1150.8881656697151,337.1211432519409,487.7365866075162,401.5017908765295,474.8095489172924,448.4463918837839,447.1009618006945,387.01114525190445,367.9024017745132,711.6779694914637,310.3761749786367,548.9172924128652
2019-05-06 20:28:11,673.3150306358067,365.3388120215996,360.3752659042563,0,331.8848748204578,408.5925710441628,394.9200923619571,431.19216014254283,262.722495954619,417.08332575771345,1607.207141688333,497.86367520590534,382.02941764695186,401.97450955437176,78.78038581116706,507.40895620079635,386.24752277231323,290.61289794731,324.7577316776059,1150.8881656697151,337.1211432519409,487.7365866075162,401.5017908765295,474.8095489172924,448.4463918837839,447.1009618006945,387.01114525190445,367.9024017745132,711.6779694914637,310.3761749786367,548.9172924128652
2019-05-06 20:28:08,684.2545454545453,359.6363636363636,339.32727272727266,0,297.10909090909087,387.6909090909091,297.27272727272725,436.29090909090905,262.1272727272727,377.8181818181818,1611.2363636363634,493.99999999999994,297.4363636363636,392.32727272727266,107.37986582062145,517.0545454545454,352.4181818181818,313.92727272727274,357.0545454545454,1164.6909090909091,333.07272727272726,483.0363636363636,311.18181818181813,410.9090909090909,387.30909090909086,428.4363636363636,406.6363636363636,339.50909090909084,739.4727272727272,319.54545454545456,550.3454545454546
2019-05-06 20:28:05,684.2545454545453,359.6363636363636,339.32727272727266,0,297.10909090909087,387.6909090909091,297.27272727272725,436.29090909090905,262.1272727272727,377.8181818181818,1611.2363636363634,493.99999999999994,297.4363636363636,392.32727272727266,107.37986582062145,517.0545454545454,352.4181818181818,313.92727272727274,357.0545454545454,1164.6909090909091,333.07272727272726,483.0363636363636,311.18181818181813,410.9090909090909,387.30909090909086,428.4363636363636,406.6363636363636,339.50909090909084,739.4727272727272,319.54545454545456,550.3454545454546
2019-05-06 20:28:02,670.8363636363636,378.6727272727273,372.07272727272726,0,251.76363636363632,389.2181818181818,252.87272727272727,422.2363636363636,259.8909090909091,379.9090909090909,1631.3454545454545,487.12727272727267,297.8727272727273,415.9090909090909,133.18181818181816,452.2545454545454,359.8545454545454,282.0545454545454,393.2545454545454,1177.4545454545453,336.6909090909091,484.76363636363635,320.98181818181814,361.6545454545454,333.8545454545454,413.3454545454545,417.6181818181818,310.8181818181818,750.9272727272727,331.27272727272725,541.1636363636363
2019-05-06 20:27:59,696.3818181818182,392.4,354.0181818181818,0,241.5272727272727,396.8181818181818,252.59999999999997,418.8181818181818,251.7090909090909,379.8909090909091,1560.3454545454545,472.2181818181818,264.3454545454545,427.78181818181815,133.18181818181816,458.29090909090905,377.76363636363635,273.18181818181813,416.3818181818181,1191.1272727272726,314.6545454545454,468.8909090909091,315.8545454545454,315.8545454545454,311.3272727272727,392.54545454545456,405.4181818181818,290.47272727272724,656.4545454545455,303.0545454545454,482.9090909090909
2019-05-06 20:27:56,696.3818181818182,392.4,354.0181818181818,0,241.5272727272727,396.8181818181818,252.59999999999997,418.8181818181818,251.7090909090909,379.8909090909091,1560.3454545454545,472.2181818181818,264.3454545454545,427.78181818181815,150.52453591752877,458.29090909090905,377.76363636363635,273.18181818181813,416.3818181818181,1191.1272727272726,314.6545454545454,468.8909090909091,315.8545454545454,315.8545454545454,311.3272727272727,392.54545454545456,405.4181818181818,290.47272727272724,656.4545454545455,303.0545454545454,482.9090909090909
2019-05-06 20:27:53,715.5142633770296,393.81102161778875,330.8667115143361,0,260.55889892911034,402.11996145524625,246.86823875929528,420.1559971636879,262.19523281394885,388.12021599607283,1509.6452791767422,517.6087707496227,260.83162124325014,408.42893765567896,164.7060962527954,437.68295121906874,405.9926183160306,316.3578844021018,406.17443319212373,1187.0875074998635,343.5028454028108,437.8465846075526,310.6670787803858,317.5942255595353,314.0670169633279,418.9014745186451,408.22894129197647,280.6858057126234,668.2060326175888,300.8854384465737,447.646406428974
2019-05-06 20:27:50,715.5142633770296,393.81102161778875,330.8667115143361,0,260.55889892911034,402.11996145524625,246.86823875929528,420.1559971636879,262.19523281394885,388.12021599607283,1509.6452791767422,517.6087707496227,260.83162124325014,408.42893765567896,164.7060962527954,437.68295121906874,405.9926183160306,316.3578844021018,406.17443319212373,1187.0875074998635,343.5028454028108,437.8465846075526,310.6670787803858,317.5942255595353,314.0670169633279,418.9014745186451,408.22894129197647,280.6858057126234,668.2060326175888,300.8854384465737,447.646406428974
2019-05-06 20:27:47,683.0784894820094,397.3745931892147,280.54035381174884,0,252.01359975273175,392.12014327012236,229.0140179269468,457.57349866366064,213.72338684751185,388.3747568226032,1517.3724114107017,500.6090798349121,253.24994091016526,401.7381502154506,179.3272727272727,429.8103670842348,402.21086889329285,308.3398483663933,396.7382411228886,1176.3786112979762,317.33968473300484,395.1200887256595,305.5944437373866,272.61322521408704,303.4853911747059,403.84720277813125,428.0831257613498,278.0313085216632,651.3517936037526,266.3406119888729,430.2649042744677
2019-05-06 20:27:44,667.187869311467,413.75611352520866,270.9223468664206,0,247.66822421410518,395.665533353939,266.83151215432446,403.3199396374611,220.57780767622407,385.8657115325176,1495.2455409901638,495.5546262795222,241.81378520390538,384.6111888874748,179.3272727272727,432.15577898583666,415.81062162506134,301.303612661588,390.90198360029814,1181.9239650188179,323.19412374320467,403.46539153833567,293.48557298958195,272.21323248668205,300.158178942201,400.99270922346864,422.30141270158725,289.23110488900204,669.4060107998035,276.88587480227636,424.93772840493807
2019-05-06 20:27:41,667.187869311467,413.75611352520866,270.9223468664206,3.854545454545454,247.66822421410518,395.665533353939,266.83151215432446,403.3199396374611,220.57780767622407,385.8657115325176,1495.2455409901638,495.5546262795222,241.81378520390538,384.6111888874748,185.3272727272727,432.15577898583666,415.81062162506134,301.303612661588,390.90198360029814,1181.9239650188179,323.19412374320467,403.46539153833567,293.48557298958195,272.21323248668205,300.158178942201,400.99270922346864,422.30141270158725,289.23110488900204,669.4060107998035,276.88587480227636,424.93772840493807
2019-05-06 20:27:38,657.3636363636363,426.29090909090905,289.0363636363636,3.854545454545454,237.9090909090909,385.27272727272725,257.94545454545454,434.18181818181813,228.8181818181818,378.4363636363636,1486.8727272727272,505.3818181818181,228.39999999999998,369.8909090909091,182.38181818181818,439.2545454545454,374.58181818181816,301.94545454545454,419.54545454545456,1169.7272727272725,307.8909090909091,376.30909090909086,282.4,302.3818181818181,294.7090909090909,397.2545454545454,440.98181818181814,294.8545454545454,671.8909090909091,260.94545454545454,424.58181818181816
2019-05-06 20:27:35,657.3636363636363,426.29090909090905,289.0363636363636,3.854545454545454,237.9090909090909,385.27272727272725,257.94545454545454,434.18181818181813,228.8181818181818,378.4363636363636,1486.8727272727272,505.3818181818181,228.39999999999998,369.8909090909091,182.38181818181818,439.2545454545454,374.58181818181816,301.94545454545454,419.54545454545456,1169.7272727272725,307.8909090909091,376.30909090909086,282.4,302.3818181818181,294.7090909090909,397.2545454545454,440.98181818181814,294.8545454545454,671.8909090909091,260.94545454545454,424.58181818181816
2019-05-06 20:27:32,632.5569555810106,398.9708903798251,268.60488372515863,3.854475373175033,200.16727576865034,367.80668739431627,241.20438553428247,403.08005600101825,227.13140238913437,370.0794559901089,1461.0811105656467,471.89948908161966,218.11305660102911,305.13282059673816,182.37850220905074,426.93503518245785,344.27898689067075,286.5870288550701,396.02538227967784,1119.6385388825252,289.18707612865694,367.152130038728,280.8960162912053,345.02445499009076,282.8778705067365,356.35193367152135,441.93530791468936,308.6237931598756,612.2293132602412,260.0229095074456,418.40760741104384
2019-05-06 20:27:29,599.680005818076,417.9378556753514,255.55898983654842,3.854475373175033,188.99656369884184,357.77531317612403,221.68687842039236,372.3023217759677,234.48664569735095,345.79371284158464,1452.0281449428192,455.6644424646824,251.72269595098268,233.68666024254105,182.37850220905074,451.88269304194466,320.6668969655097,269.7223686842057,439.2283776658606,1124.4159197105507,280.4676278613116,339.95745531899416,277.5767713314303,353.7208414392465,288.92201959964365,342.19377829494005,410.5743531935783,290.8856202614498,645.2609952546317,199.46910056180795,432.97394592825583
2019-05-06 20:27:26,599.680005818076,417.9378556753514,255.55898983654842,3.854475373175033,188.99656369884184,357.77531317612403,221.68687842039236,372.3023217759677,234.48664569735095,345.79371284158464,1452.0281449428192,455.6644424646824,251.72269595098268,233.68666024254105,150.86998418210578,451.88269304194466,320.6668969655097,269.7223686842057,439.2283776658606,1124.4159197105507,280.4676278613116,339.95745531899416,277.5767713314303,353.7208414392465,288.92201959964365,342.19377829494005,410.5743531935783,290.8856202614498,645.2609952546317,199.46910056180795,432.97394592825583
2019-05-06 20:27:23,541.1636363636363,420.3999999999999,251.1272727272727,3.854475373175033,175.8181818181818,348.12727272727267,231.3090909090909,346.54545454545456,223.29090909090908,351.96363636363634,1474.4727272727273,430.6545454545454,244.45454545454544,233.89090909090908,135.81571244159196,433.3999999999999,317.29090909090905,258.94545454545454,412.16363636363633,1043.1090909090908,326.0545454545454,309.56363636363636,280.8181818181818,353.27272727272725,277.8545454545454,330.8,364.6545454545454,277.1454545454545,652.2,216.67272727272726,431.2363636363636
2019-05-06 20:27:20,541.1636363636363,420.3999999999999,251.1272727272727,3.854475373175033,175.8181818181818,348.12727272727267,231.3090909090909,346.54545454545456,223.29090909090908,351.96363636363634,1474.4727272727273,430.6545454545454,244.45454545454544,233.89090909090908,135.81571244159196,433.3999999999999,317.29090909090905,258.94545454545454,412.16363636363633,1043.1090909090908,326.0545454545454,309.56363636363636,280.8181818181818,353.27272727272725,277.8545454545454,330.8,364.6545454545454,277.1454545454545,652.2,216.67272727272726,431.2363636363636
2019-05-06 20:27:17,527.2545454545455,406.74545454545455,226.58181818181816,3.854545454545454,179.7272727272727,397.18181818181813,238.8181818181818,332.74545454545455,212.94545454545454,371.74545454545455,1465.8,411.10909090909087,236.0181818181818,231.43636363636364,116.85454545454544,433.6545454545454,290.1272727272727,270.47272727272724,403.98181818181814,1036.3272727272727,324.74545454545455,274.2363636363636,286.49090909090904,382.8727272727273,234.0181818181818,361.76363636363635,352.49090909090904,333.92727272727274,637.0545454545455,210.59999999999997,426.6727272727273
2019-05-06 20:27:14,534.6181818181818,395.8727272727273,245.38181818181818,3.854545454545454,190.45454545454544,413.6363636363636,284.8909090909091,356.2545454545454,221.1090909090909,381.0363636363636,1457.0727272727272,430.9272727272727,256.56363636363636,218.29090909090908,116.85454545454544,399.10909090909087,298.94545454545454,277.0545454545454,386.6545454545454,1026.1636363636362,309.6727272727273,264.0363636363636,305.18181818181813,395.0181818181818,259.0181818181818,338.7272727272727,312.8545454545454,321.0181818181818,611.4909090909091,199.03636363636363,406.74545454545455
2019-05-06 20:27:11,534.6181818181818,395.8727272727273,245.38181818181818,3.854615538464336,190.45454545454544,413.6363636363636,284.8909090909091,356.2545454545454,221.1090909090909,381.0363636363636,1457.0727272727272,430.9272727272727,256.56363636363636,218.29090909090908,80.85601556391934,399.10909090909087,298.94545454545454,277.0545454545454,386.6545454545454,1026.1636363636362,309.6727272727273,264.0363636363636,305.18181818181813,395.0181818181818,259.0181818181818,338.7272727272727,312.8545454545454,321.0181818181818,611.4909090909091,199.03636363636363,406.74545454545455
2019-05-06 20:27:08,543.0181818181818,391.98181818181814,217.7272727272727,3.854475373175033,203.3090909090909,413.8909090909091,278.4181818181818,374.16363636363633,243.65454545454543,393.54545454545456,1399.6727272727271,414.6363636363636,278.4545454545454,182.36363636363635,52.144506463518844,394.8,280.09090909090907,272.8727272727273,353.74545454545455,1025.3999999999999,309.0545454545454,278.4545454545454,304.2363636363636,407.4,286.30909090909086,330.52727272727276,310.27272727272725,312.8545454545454,591.2,204.8,397.54545454545456
2019-05-06 20:27:05,543.0181818181818,391.98181818181814,217.7272727272727,3.854475373175033,203.3090909090909,413.8909090909091,278.4181818181818,374.16363636363633,243.65454545454543,393.54545454545456,1399.6727272727271,414.6363636363636,278.4545454545454,182.36363636363635,52.144506463518844,394.8,280.09090909090907,272.8727272727273,353.74545454545455,1025.3999999999999,309.0545454545454,278.4545454545454,304.2363636363636,407.4,286.30909090909086,330.52727272727276,310.27272727272725,312.8545454545454,591.2,204.8,397.54545454545456
2019-05-06 20:27:02,493.4819366920601,376.75678624025016,225.85043908292576,3.854545454545454,233.8684751186342,385.73844111925234,258.95892801949054,384.2657406228978,248.231850329994,398.9382011236159,1390.2474500463627,416.5742441046526,288.95838257486224,181.0876165887893,46.03636363636363,355.2480863984291,258.0316721514154,270.9223468664206,347.1391429246741,1014.781549426374,301.64906092616496,274.049562735223,327.53949928183124,414.010654351739,284.5948255486264,340.70289631097614,297.7218596025526,289.2492863766113,572.9532190323812,228.45039181105798,398.42911947055507
2019-05-06 20:26:59,467.8181818181818,383.4181818181818,226.19999999999996,3.854545454545454,210.18181818181816,364.94545454545454,263.3454545454545,384.2545454545454,236.43636363636364,383.2181818181818,1386.4363636363635,395.4363636363636,313.0181818181818,181.94545454545454,46.03636363636363,349.4363636363636,238.56363636363633,214.07272727272726,348.2181818181818,1014.0545454545453,266.99999999999994,292.4,311.6,415.1454545454545,260.7090909090909,305.50909090909084,325.8363636363636,282.6363636363636,542.3454545454546,243.67272727272726,402.7272727272727
2019-05-06 20:26:56,467.8181818181818,383.4181818181818,226.19999999999996,3.854545454545454,210.18181818181816,364.94545454545454,263.3454545454545,384.2545454545454,236.43636363636364,383.2181818181818,1386.4363636363635,395.4363636363636,313.0181818181818,181.94545454545454,33.85454545454545,349.4363636363636,238.56363636363633,214.07272727272726,348.2181818181818,1014.0545454545453,266.99999999999994,292.4,311.6,415.1454545454545,260.7090909090909,305.50909090909084,325.8363636363636,282.6363636363636,542.3454545454546,243.67272727272726,402.7272727272727
2019-05-06 20:26:53,485.97247222676776,374.95227185948835,202.47640866197568,3.854545454545454,212.0220367643048,358.0610556555574,257.5683194239895,305.0600920016728,241.29529627811417,397.9890543464427,1352.7155039182533,405.2800960017455,272.78677794141714,171.62130220549463,19.236363636363635,364.27935053364604,219.56762850233642,215.65846651757303,323.2786050655467,983.6724304078256,278.0414189348897,310.69655811923855,326.87867052128223,416.2075674103165,270.1321842215313,292.93259877452317,292.6598665430281,288.3143329878725,551.0645648102693,231.67693958071965,401.29820542191675
2019-05-06 20:26:50,485.97247222676776,374.95227185948835,202.47640866197568,3.854545454545454,212.0220367643048,358.0610556555574,257.5683194239895,305.0600920016728,241.29529627811417,397.9890543464427,1352.7155039182533,405.2800960017455,272.78677794141714,171.62130220549463,19.236363636363635,364.27935053364604,219.56762850233642,215.65846651757303,323.2786050655467,983.6724304078256,278.0414189348897,310.69655811923855,326.87867052128223,416.2075674103165,270.1321842215313,292.93259877452317,292.6598665430281,288.3143329878725,551.0645648102693,231.67693958071965,401.29820542191675
2019-05-06 20:26:47,504.2273495881744,376.57048309969275,209.96745395370826,0,205.16736667939418,363.04296441753485,232.8405971017655,307.95105365552104,226.4041164384807,396.5890288914344,1322.2058582883326,354.97009036527936,267.3321333115148,186.34884270623104,13.236363636363636,349.4790814378443,217.44031709667448,210.09472899507264,319.6421753122784,1007.4546809942,277.53231876943215,288.9507081946944,327.2241313478427,462.75386825215,255.82283314242076,304.96918125784106,284.5142638957072,301.9691267113948,536.6643029873271,225.18591247113585,411.15293005327374
2019-05-06 20:26:44,562.446589937999,417.7712322042219,183.73061328387791,0,216.27665957562866,386.2979326896853,255.0046364479354,276.0232004218259,211.16747577228676,460.0083637884325,1297.3144966272116,367.93396243568066,292.387134311533,202.5855015545737,13.236363636363636,336.67884870634015,231.13147511772942,201.5127547773596,331.47875415916656,1023.073146784487,312.27840506191023,335.7879234167894,359.62472044946276,428.71688576155935,282.13240240731653,326.333206058292,292.55077365043,305.60555646466304,526.9913998436335,245.93174421353118,441.7716685757923
2019-05-06 20:26:41,562.446589937999,417.7712322042219,183.73061328387791,2.745404629006745,216.27665957562866,386.2979326896853,255.0046364479354,276.0232004218259,211.16747577228676,460.0083637884325,1297.3144966272116,367.93396243568066,292.387134311533,202.5855015545737,13.236122979582188,336.67884870634015,231.13147511772942,201.5127547773596,331.47875415916656,1023.073146784487,312.27840506191023,335.7879234167894,359.62472044946276,428.71688576155935,282.13240240731653,326.333206058292,292.55077365043,305.60555646466304,526.9913998436335,245.93174421353118,441.7716685757923
2019-05-06 20:26:38,569.1451639299546,442.8381794046515,168.09412106995435,2.745454545454545,213.09984907170005,358.99114432745984,247.17691342534502,306.98452530322044,187.20564435473605,449.42083537904824,1287.4002145727638,365.51924790427876,288.16394813885404,201.3710835924572,26.199999999999996,361.40963395341225,219.10061280526614,217.2094630225665,332.2604695143018,1041.1688760387685,327.2416489371374,355.2997654246904,372.19282454130524,396.5595621260888,270.03436801047405,318.38597639699594,294.29200080010185,295.6194424744968,536.8137762988016,251.1228701834779,439.7468768752387
2019-05-06 20:26:35,569.1451639299546,428.14758817788936,168.09412106995435,2.745454545454545,211.50579952600026,358.99114432745984,239.53912588874945,306.98452530322044,185.2552000557647,449.42083537904824,1287.4002145727638,365.51924790427876,279.4537919977694,201.3710835924572,26.199999999999996,361.40963395341225,219.10061280526614,211.71408755053673,332.2604695143018,1041.1688760387685,323.4747107207584,355.2997654246904,372.19282454130524,396.5595621260888,270.03436801047405,318.38597639699594,294.29200080010185,295.6194424744968,536.8137762988016,251.1228701834779,439.7468768752387
2019-05-06 20:26:32,605.8363636363636,389.16887878787867,157.1090909090909,2.7455044637175225,209.48632727272727,358.56363636363636,220.4253684848485,290.2363636363636,171.46894545454546,449.99999999999994,1294.7636363636364,365.16363636363633,237.67652121212117,182.94545454545454,29.982363315696652,327.52727272727276,248.45454545454544,199.0859309090909,300.8375418181818,1022.8363636363636,321.47561090909096,353.18181818181813,373.8,381.8,259.80262303030304,357.6,297.51469939393945,285.3014472727273,480.09090909090907,259.54608121212124,419.2545454545454
2019-05-06 20:26:29,613.8486896969697,353.14347636363635,147.45454545454544,2.7455044637175225,202.94545454545454,358.3454545454545,207.0181818181818,290.2181818181818,164.78181818181818,425.47272727272724,1272.909090909091,348.7272727272727,235.0181818181818,178.3090909090909,29.982363315696652,329.7119818181818,257.01900727272726,187.25454545454542,300.3636363636363,1028.4181818181817,271.8181818181818,326.74545454545455,356.27272727272725,369.50909090909084,258.4363636363636,342.4545454545454,271.5481903030303,284.4545454545454,467.3534448484849,232.9272727272727,389.76363636363635
2019-05-06 20:26:26,583.1095987878787,335.47438545454537,140.26809696969696,2.7455044637175225,192.88091636363635,343.494263030303,196.70662787878788,276.15806787878785,156.75293212121213,407.7162581818182,1239.773793939394,333.96404848484843,223.27089454545458,169.57047393939393,29.982363315696652,313.21652727272726,244.1671890909091,178.04659030303029,285.8378909090909,1002.1771745454546,258.7234545454545,312.9188763636364,340.53028484848477,352.27218060606066,245.5270690909091,326.2370969696969,257.96728121212124,270.763496969697,443.9588993939394,221.90635515151513,375.0140375757575
2019-05-06 20:26:23,547.414492,337.40579066666663,137.04686933333332,3.0200604012080237,180.86187866666663,282.7238533333333,181.67222666666663,261.48723466666667,151.22276,370.88592133333333,1160.8980146666665,321.1524293333333,220.01228266666666,164.16519066666666,32.980659613192266,291.90213466666665,224.15631866666666,164.23699333333334,271.4447186666667,957.2021866666666,246.21121733333334,303.48771466666665,306.6034773333333,317.50731199999996,214.37063733333332,290.019756,244.47775733333327,213.24865733333328,406.10427599999997,220.09042933333333,350.47845466666666
2019-05-06 20:26:20,516.9514919999999,318.6447906666666,129.44286933333333,2.7357191977172874,170.81887866666662,267.1938533333334,171.58222666666663,246.98523466666666,142.83275999999998,350.4789213333333,1098.1010146666665,303.45842933333336,207.78828266666667,155.05419066666667,29.8755030267272,275.6751346666667,211.70331866666666,155.1219933333333,256.39171866666663,905.4221866666666,232.56021733333333,286.76571466666667,289.6874773333333,299.93931200000003,202.46463733333334,273.96075600000006,230.8917573333333,201.4376573333333,383.515276,207.89642933333332,331.2714546666666
2019-05-06 20:26:17,492.8031837037036,320.44419999999997,104.0521037037037,2.8718522222222225,138.2021407407407,240.07303555555555,121.6687288888889,189.38453333333334,118.97061333333333,329.0741185185185,1028.599417777778,262.2531466666667,181.44617037037037,148.8338059259259,31.362147777777775,263.3064237037037,196.10094814814812,115.9754325925926,234.99921481481482,860.8199866666665,231.42340148148145,280.3443007407407,267.55383703703706,279.69159999999994,174.47682074074072,267.38176888888887,233.1075511111111,198.95070814814815,378.75380444444437,204.89001333333331,320.2648696296297
2019-05-06 20:26:14,445.08534166666675,309.92525,95.71099333333333,2.7040744444444447,117.66574166666669,213.78260666666665,112.43705166666668,160.6529033333333,90.43279666666666,294.2545216666667,958.0123433333334,245.47249666666664,147.38019166666663,142.62931166666664,29.529925555555558,260.5900716666667,184.88363333333336,110.57882,230.67000166666665,803.6002016666666,215.67135666666667,251.90887666666666,252.36449666666667,262.74012000000005,143.50361999999998,259.74244166666665,222.05675000000005,198.24574333333337,371.9164733333334,182.9440416666667,307.9277266666667
2019-05-06 20:26:11,415.35409166666665,289.23774999999995,89.34599333333333,2.8534011527371517,109.83449166666668,199.74760666666668,104.95330166666666,149.98540333333332,84.42529666666664,274.87827166666665,896.1848433333332,229.28999666666667,137.56144166666667,133.13056166666667,31.16065232359976,243.20132166666664,172.55863333333335,103.22381999999999,215.32375166666668,751.7039516666666,201.32385666666661,235.28137666666663,235.68199666666663,245.31012,133.94862,242.48619166666668,207.24425000000002,185.06824333333333,347.08147333333335,170.78779166666666,287.7127266666667
2019-05-06 20:26:08,414.96766476190476,283.5128952380952,74.25779428571427,3.0453204445297075,71.55298666666665,191.45715238095235,103.17478285714284,119.79477333333331,70.3467561904762,249.9077961904762,842.0121123809524,220.6050076190476,119.61846095238094,115.93310285714284,20.79288330006707,233.4696533333333,171.1214438095238,98.54220761904762,186.37236380952382,706.9606323809523,189.17334476190473,227.9367295238095,204.64738285714284,222.9773676190476,132.19177142857143,228.07215047619047,208.9577257142857,183.44921333333332,329.0825752380952,144.45287428571427,264.25080952380955
2019-05-06 20:26:05,382.9705219047619,261.67003809523806,68.5663657142857,2.8295999953740174,66.07298666666665,176.97858095238092,95.25049714285713,110.63477333333331,64.96247047619048,230.96351047619046,779.593540952381,203.84357904761902,110.42703238095235,107.02881714285712,19.319984074374915,215.48965333333328,157.95572952380954,90.98077904761904,172.0766495238095,654.5120609523808,174.6562019047619,210.59244380952381,189.07309714285714,205.92593904761904,122.03462857142857,210.59643619047614,192.86915428571427,169.3792133333333,303.7197180952381,133.3914457142857,244.28652380952377
2019-05-06 20:26:02,363.3241666666666,229.8125355555555,65.56045777777778,3.049539660581279,61.012762222222214,167.15143555555554,83.82981999999998,104.65046666666667,60.29779999999999,222.88645777777776,707.0064933333334,158.0837422222222,80.08517333333334,101.98333777777778,18.600172366856672,201.50664666666668,136.75170444444444,88.60527333333334,171.13292666666663,613.2488133333333,173.07388222222224,192.52593555555552,183.8185111111111,191.08550222222217,117.36585555555554,200.99738,148.74426888888885,165.7671,270.8426177777778,111.10819111111111,224.5125711111111
2019-05-06 20:25:59,333.3999193365599,214.90241856992387,62.898383397997414,2.797864604746084,54.573491060357576,157.9005566444009,76.64965468047944,101.00766236017225,50.48741317013985,194.11928456195085,645.1935115928696,139.37440102395902,75.28995040198393,91.34321627134914,17.065121198484395,172.5971101155954,132.47762689492419,70.70635907897017,164.31823660386917,569.7277008919643,154.52020719171233,171.11799728010877,155.12940882364703,171.22496500139994,103.0183639321094,194.0289915070064,130.6898124075037,148.5968121275149,233.31364945402183,108.70270255856433,209.4815020732504
2019-05-06 20:25:56,299.95325720304515,193.36927989547084,56.63263402797221,3.337112817846047,49.147708091676336,142.42917549964668,69.00196058824312,90.97406370411849,45.475613642120976,175.0700465314721,583.7359698945376,125.7229470821167,67.7822507099716,82.22558097676094,18.636198047921916,155.3138014479421,119.22615695372184,63.662640827700216,147.92889217764622,515.2578796848126,139.1088236470541,154.2546718131275,139.83602055917763,154.2336446542138,92.73077543564925,174.70576443608923,117.61633534658611,133.78740450381983,209.9285848566057,97.8991347012786,189.0023212404837
2019-05-06 20:25:53,267.0564796760162,159.7778461076946,42.70630218489075,3.6605738620264345,44.8663325167075,114.27986017365798,53.160906121360604,87.12895188573906,34.9022023898805,166.6527790277153,540.6386639001382,110.58370748129259,63.25132993350332,56.40768044931087,20.992846204810238,142.09170624802093,106.09686265686716,61.038712231055115,127.84136959818674,427.4760753628985,133.22063730146823,149.58174341282935,135.30210572804694,98.368132426712,90.2495333566655,149.22749279202708,113.53357332133393,100.85020582304217,175.82072313051012,90.70015499225039,168.5413879306035
2019-05-06 20:25:50,233.54065546722666,139.76134693265337,37.40406729663517,3.2830549860826377,39.29661100278319,100.40305401396598,46.54373697981767,76.31699248370914,30.589918004099793,146.26629835174904,476.87185224072124,97.11938069763178,55.36922403879806,49.390531306768,18.690231074053703,124.29759595353565,92.83002599870005,53.43909221205606,111.91716580837624,377.1960893621985,116.61146775994533,131.1851632418379,118.65543806143025,86.26623752145726,78.98009682849191,130.6784202456544,99.3292835358232,88.32083229171874,153.78432495041915,79.44321783910804,148.0599120043998
2019-05-06 20:25:47,157.9084716574451,82.2710374863898,30.202178743639315,0,24.582755594071504,66.60634291047263,23.16102593160456,73.12526498233451,26.10365642290514,74.54184165500078,421.9249505588516,64.58310334866563,28.52976801546564,28.582935582072306,21.850476142853967,101.1960635957603,74.40001444348154,44.82717263293558,63.492991578339215,310.29498811190365,72.51040375086106,80.1544863675755,83.49682132302291,83.92654378596983,45.1183509988223,111.03662533608872,60.77706375130546,74.73900184432149,113.92964135724286,60.62336288691865,100.07128191453903
2019-05-06 20:25:44,160.1889088729017,23.41292965627498,23.15646149746869,0,19.257160937916336,48.94032107647216,13.807180921929126,38.88532507327472,16.050399680255797,59.252537969624306,332.8764455102584,58.046069810818025,16.412803090860645,25.59754862776446,18.780271462541943,68.6091859845457,80.01135091926457,13.87384758859579,51.937103650413015,242.55225153210768,27.483160138555824,49.172661870503596,40.94072741806555,52.06229682920331,37.55245137223554,121.85610178523847,32.95147881694644,32.84280575539569,105.70950572875033,37.06364241939782,71.83750333066881
2019-05-06 20:25:41,127.94970023980815,18.811610711430852,18.590114575006663,0,15.485178523847589,39.85259126032508,11.129323208100185,31.26642019717559,12.93289368505196,48.206374900079936,272.4347988276046,47.03487876365575,13.215361044497737,20.551585398347985,5.322125545887923,54.87517319477751,63.97418065547562,11.195989874766854,41.695297095656805,199.15696775912602,22.167412736477488,39.91007194244604,33.266866506794564,41.98036237676526,30.09841460165201,97.5955102584599,26.41670663469225,26.457913669064748,84.48148814281907,29.819437783106846,58.47819078070877
2019-05-06 20:25:38,82.46433333333333,12.672053333333333,10.611773333333334,0,7.605919999999999,33.27962666666667,7.0414666666666665,32.915839999999996,7.9343200000000005,36.315839999999994,194.16626666666664,26.75508,8.786186666666667,16.225693333333332,0,45.87989333333333,36.73282666666667,7.137639999999999,11.97376,155.12645333333333,17.86744,34.82978666666667,22.867,36.02365333333333,11.655986666666667,45.478880000000004,8.596306666666667,15.691599999999998,55.58758666666667,9.815946666666667,49.57641333333334
2019-05-06 20:25:35,54.714333333333336,8.592053333333332,7.2017733333333345,0,5.22592,23.33962666666667,4.841466666666666,22.155840000000005,5.45432,25.55584,139.76626666666667,18.885080000000002,6.006186666666666,10.935693333333335,0,30.539893333333332,24.492826666666666,4.927639999999999,8.33376,111.94645333333332,12.20744,24.14978666666667,16.117000000000004,24.543653333333335,7.9259866666666685,30.658880000000003,5.886306666666667,10.791599999999999,36.95758666666667,6.895946666666668,34.70641333333334
