timestamp,accept,bind,brk,clone,close,connect,dup,exit,fcntl,futex,getpid,getsockname,getsockopt,ioctl,list,lseek,madvise,mmap,mprotect,munmap,newfstat,newlstat,newstat,newuname,open,poll,read,recvfrom,recvmsg,select,sendto,setsockopt,shutdown,socket,write
2019-05-07 11:35:30,402.29090909090905,184.14545454545453,0,232.3272727272727,162.96363636363637,124.5090909090909,175.07272727272726,232.85454545454544,275.27272727272725,819.5818181818181,220.5090909090909,102.45454545454545,256.0363636363636,206.3090909090909,357.6909090909091,0,189.43636363636364,0,33.418181818181814,0,310.16363636363633,0,1376.8363636363636,0,240.56363636363633,217.99999999999997,185.09090909090907,182.47272727272727,225.67272727272726,418.76363636363635,184.94545454545454,278.4181818181818,168.7090909090909,145.6,198.7272727272727
2019-05-07 11:35:27,442.27272727272725,205.29090909090908,0,247.7090909090909,167.45454545454544,126.45454545454545,164.27272727272728,237.05454545454543,277.8727272727273,848.6727272727272,221.58181818181816,121.87272727272726,306.54545454545456,192.8,377.1454545454545,0,198.96363636363634,0,33.92727272727272,0,324.49090909090904,0,1396.7818181818182,0,234.45454545454544,198.36363636363635,218.63636363636363,187.78181818181818,245.89090909090908,439.09090909090907,176.4,278.92727272727274,164.1090909090909,158.74545454545452,199.47272727272727
2019-05-07 11:35:24,442.27272727272725,205.29090909090908,0,247.7090909090909,167.45454545454544,126.45454545454545,164.27272727272728,237.05454545454543,277.8727272727273,848.6727272727272,221.58181818181816,121.87272727272726,306.54545454545456,192.8,377.1454545454545,0,198.96363636363634,0,33.92727272727272,0,324.49090909090904,0,1396.7818181818182,0,234.45454545454544,198.36363636363635,218.63636363636363,187.78181818181818,245.89090909090908,439.09090909090907,176.4,278.92727272727274,164.1090909090909,158.74545454545452,199.47272727272727
2019-05-07 11:35:21,357.02467317587593,242.56804669175804,0,289.0598010872925,205.476463208422,125.00227276859579,182.20331278750524,240.51346388116147,253.20460372006764,850.3609156530118,281.041473481336,146.20265823014964,316.5875743195331,228.49506354660994,419.9530900561829,0,196.83994254440992,0,43.54624629538719,0,318.66033927889595,0,1359.751995490827,0,234.94972635866105,209.20380370552192,240.04072801323662,206.93103510972927,255.1682757868325,431.58966526664125,187.71250386370664,284.9688176148657,170.85765195730832,179.4032618774887,244.87717958508338
2019-05-07 11:35:18,357.02467317587593,242.56804669175804,0,289.0598010872925,205.476463208422,125.00227276859579,182.20331278750524,240.51346388116147,253.20460372006764,850.3609156530118,281.041473481336,146.20265823014964,316.5875743195331,228.49506354660994,419.9530900561829,0,196.83994254440992,0,43.54624629538719,0,318.66033927889595,0,1359.751995490827,0,234.94972635866105,209.20380370552192,240.04072801323662,206.93103510972927,255.1682757868325,431.58966526664125,187.71250386370664,284.9688176148657,170.85765195730832,179.4032618774887,244.87717958508338
2019-05-07 11:35:15,330.6363636363636,254.39999999999998,0,299.2545454545454,200.3272727272727,95.9090909090909,186.09090909090907,221.36363636363635,252.79999999999998,859.9454545454545,279.2545454545454,173,290.27272727272725,252.18181818181816,522.290909090909,0,202.89090909090908,0,43.47272727272727,0,265.0181818181818,0,1407.7454545454543,0,238.14545454545453,166.36363636363637,223.6181818181818,235.38181818181818,280.50909090909084,387.7090909090909,187.3272727272727,242.6181818181818,178.4,202.9090909090909,238.3090909090909
2019-05-07 11:35:12,343.3818181818181,264.16363636363633,0,309.2545454545454,198.65454545454543,116.54545454545453,196,180.25454545454542,196.4,859.8181818181818,261.6545454545454,180.38181818181818,310.54545454545456,233.4181818181818,525.9272727272727,0,194.0181818181818,0.23636363636363633,44.18181818181817,0,228.7090909090909,0,1413.8363636363636,0,228.9090909090909,147.27272727272728,187.07272727272726,241.29090909090908,290,293.58181818181816,188.1090909090909,222.19999999999996,182.8,194.69090909090906,247.7272727272727
2019-05-07 11:35:09,343.3818181818181,264.16363636363633,0,309.2545454545454,198.65454545454543,116.54545454545453,196,180.25454545454542,196.4,859.8181818181818,261.6545454545454,180.38181818181818,310.54545454545456,233.4181818181818,525.9272727272727,0,194.0181818181818,0.23636363636363633,44.18181818181817,0,228.7090909090909,0,1413.8363636363636,0,228.9090909090909,147.27272727272728,187.07272727272726,241.29090909090908,290,293.58181818181816,188.1090909090909,222.19999999999996,182.8,194.69090909090906,247.7272727272727
2019-05-07 11:35:06,304.52727272727276,224.63636363636363,0,259.54545454545456,181.27272727272728,147.3272727272727,192.69090909090906,195.54545454545453,176.9272727272727,922.3090909090909,278.1272727272727,170.38181818181818,322.49090909090904,206.87272727272727,525.4727272727272,0,191.6181818181818,0.23636363636363633,40.16363636363636,0,211.3272727272727,0,1406.3636363636363,0,203.29090909090908,187.07272727272726,198.9272727272727,260.9090909090909,270.6181818181818,283.72727272727275,205.5090909090909,251.9272727272727,193.74545454545452,189.74545454545452,227.4181818181818
2019-05-07 11:35:03,304.52727272727276,224.63636363636363,0,259.54545454545456,181.27272727272728,147.3272727272727,192.69090909090906,195.54545454545453,176.9272727272727,922.3090909090909,278.1272727272727,170.38181818181818,322.49090909090904,206.87272727272727,525.4727272727272,0,191.6181818181818,0.23636363636363633,40.16363636363636,0,211.3272727272727,0,1406.3636363636363,0,203.29090909090908,187.07272727272726,198.9272727272727,260.9090909090909,270.6181818181818,283.72727272727275,205.5090909090909,251.9272727272727,193.74545454545452,189.74545454545452,227.4181818181818
2019-05-07 11:35:00,308.78181818181815,210.65454545454543,0,241.1090909090909,215.6181818181818,156.1272727272727,206.98181818181817,225.2181818181818,196.2,928.4909090909091,285.10909090909087,159.09090909090907,353.0181818181818,166.78181818181818,482.8363636363636,0,157.89090909090908,0.23636363636363633,40.16363636363636,0,255.25454545454542,0,1400.6,0,207.4181818181818,172.69090909090906,223.2181818181818,241.25454545454542,238.47272727272727,343.96363636363634,221.09090909090907,315.0181818181818,213.3272727272727,197.29090909090908,203.9090909090909
2019-05-07 11:34:57,257.0363636363636,195.43636363636364,0,251.99999999999997,197.58181818181816,168.27272727272728,222.39999999999998,195.8,166.07272727272726,944.3636363636363,250.85454545454544,178.43636363636364,329.2181818181818,183.87272727272727,407.6181818181818,0,159.7090909090909,0.23636363636363633,40.16363636363636,0,251.4181818181818,0,1342.9636363636362,0,211.98181818181817,154.67272727272726,236.9090909090909,261.3272727272727,213.1090909090909,361.8363636363636,202.2,360.6,208.7090909090909,206.76363636363632,188.7272727272727
2019-05-07 11:34:54,257.0363636363636,195.43636363636364,0,251.99999999999997,197.58181818181816,168.27272727272728,222.39999999999998,195.8,166.07272727272726,944.3636363636363,250.85454545454544,178.43636363636364,329.2181818181818,183.87272727272727,407.6181818181818,0,159.7090909090909,0.23636363636363633,40.16363636363636,0,251.4181818181818,0,1342.9636363636362,0,211.98181818181817,154.67272727272726,236.9090909090909,261.3272727272727,213.1090909090909,361.8363636363636,202.2,360.6,208.7090909090909,206.76363636363632,188.7272727272727
2019-05-07 11:34:51,263.79999999999995,168.87272727272727,0,260.49090909090904,216.45454545454544,168.5272727272727,214.8181818181818,221.36363636363635,154.58181818181816,939.7272727272726,259.4181818181818,171.7272727272727,327.2,193.69090909090906,383.18181818181813,0,125.29090909090908,0.23636363636363633,40.47272727272727,0,261.2363636363636,0,1326.2,0,232.83636363636364,160.45454545454544,263.8545454545454,284.76363636363635,215.98181818181817,358.54545454545456,201.58181818181816,399.6181818181818,220.8181818181818,187.29090909090908,196.3090909090909
2019-05-07 11:34:48,263.79999999999995,168.87272727272727,0,260.49090909090904,216.45454545454544,168.5272727272727,214.8181818181818,221.36363636363635,154.58181818181816,939.7272727272726,259.4181818181818,171.7272727272727,327.2,193.69090909090906,383.18181818181813,0,125.29090909090908,0.23636363636363633,40.47272727272727,0,261.2363636363636,0,1326.2,0,232.83636363636364,160.45454545454544,263.8545454545454,284.76363636363635,215.98181818181817,358.54545454545456,201.58181818181816,399.6181818181818,220.8181818181818,187.29090909090908,196.3090909090909
2019-05-07 11:34:45,256.6181818181818,152.18181818181816,0,254.49090909090907,201.83636363636364,133.03636363636363,194.54545454545453,230.14545454545453,143.4181818181818,973.0909090909091,293,184.38181818181818,305.3818181818181,193.6181818181818,344.0181818181818,0,117.03636363636363,0.23636363636363633,32.89090909090909,0,292.1454545454545,0,1323.5454545454545,0,161.96363636363637,160.78181818181818,266.99999999999994,254.6181818181818,200.14545454545453,409.52727272727265,242.69090909090906,470.3818181818181,189.9090909090909,171.56363636363633,190.5090909090909
2019-05-07 11:34:42,240.5272727272727,137.54545454545453,0,229.4181818181818,207.94545454545454,149.8,166.63636363636363,245.79999999999998,143.1090909090909,978.4909090909091,263.8363636363636,184.0181818181818,277.74545454545455,173.5272727272727,348.9272727272727,0,122.1090909090909,0.23636363636363633,12.69090909090909,0,290.6545454545454,0,1296,0,155.47272727272727,155.1272727272727,264.6727272727273,246.49090909090907,151.6181818181818,463.58181818181816,231.1090909090909,488.19999999999993,137.45454545454544,175.83636363636364,204.1272727272727
2019-05-07 11:34:39,240.5272727272727,137.54545454545453,0,229.4181818181818,207.94545454545454,149.8,166.63636363636363,245.79999999999998,143.1090909090909,978.4909090909091,263.8363636363636,184.0181818181818,277.74545454545455,173.5272727272727,348.9272727272727,0,122.1090909090909,0.23636363636363633,12.69090909090909,0,290.6545454545454,0,1296,0,155.47272727272727,155.1272727272727,264.6727272727273,246.49090909090907,151.6181818181818,463.58181818181816,231.1090909090909,488.19999999999993,137.45454545454544,175.83636363636364,204.1272727272727
2019-05-07 11:34:36,245.99999999999997,108.07272727272726,0,220.67272727272726,211.96363636363634,161.5090909090909,175.6181818181818,203.2181818181818,171.25454545454542,1012.8181818181818,283.6909090909091,184.14545454545453,251.4181818181818,160.76363636363638,368.6181818181818,0,147.0181818181818,0.23636363636363633,17.945454545454545,0,255.4181818181818,0,1268.2,0,129.27272727272728,195.38181818181818,269.8727272727273,205.36363636363635,107.5090909090909,451.8363636363636,200.49090909090907,506.0727272727272,131.96363636363634,175.5272727272727,212.85454545454544
2019-05-07 11:34:33,245.99999999999997,108.07272727272726,0,220.67272727272726,211.96363636363634,161.5090909090909,175.6181818181818,203.2181818181818,171.25454545454542,1012.8181818181818,283.6909090909091,184.14545454545453,251.4181818181818,160.76363636363638,368.6181818181818,0,147.0181818181818,0.23636363636363633,17.945454545454545,0,255.4181818181818,0,1268.2,0,129.27272727272728,195.38181818181818,269.8727272727273,205.36363636363635,107.5090909090909,451.8363636363636,200.49090909090907,506.0727272727272,131.96363636363634,175.5272727272727,212.85454545454544
2019-05-07 11:34:30,260.8363636363636,112.89090909090909,0,236.2181818181818,209.47272727272727,164.9272727272727,186.25454545454542,228.63636363636363,181.09090909090907,986.0181818181817,289,159.07272727272726,203.03636363636363,164.9090909090909,345.0363636363636,0,143.4181818181818,0.23636363636363633,23.672727272727272,0,286.0363636363636,0,1278.490909090909,0,140.56363636363636,234.94545454545454,253.3090909090909,203.43636363636364,112.98181818181817,501.12727272727267,199.4,494.59999999999997,136.2181818181818,182.76363636363632,223.9272727272727
2019-05-07 11:34:27,280.75853166306064,95.4346284613007,0,211.01434519372376,184.45119179651277,186.63297030963074,167.19696005527172,218.65056998963655,208.9416556062617,987.3638661115252,249.23183214850638,164.30610352539045,191.96014617916038,166.39697460046182,315.24881365793345,0,150.28817657860768,0.23635933892111052,14.054289922001418,0,287.449319103289,0,1285.322085052999,0,121.25234086652969,253.55902619952363,278.72220505081725,221.1959782549408,128.41584698460028,490.7365320630534,185.52389956546241,499.00910892529225,131.3430664897002,176.01498154579005,189.85109361647972
2019-05-07 11:34:24,280.75853166306064,95.4346284613007,0,211.01434519372376,184.45119179651277,186.63297030963074,167.19696005527172,218.65056998963655,208.9416556062617,987.3638661115252,249.23183214850638,164.30610352539045,191.96014617916038,166.39697460046182,315.24881365793345,0,150.28817657860768,0.23635933892111052,14.054289922001418,0,287.449319103289,0,1285.322085052999,0,121.25234086652969,253.55902619952363,278.72220505081725,221.1959782549408,128.41584698460028,490.7365320630534,185.52389956546241,499.00910892529225,131.3430664897002,176.01498154579005,189.85109361647972
2019-05-07 11:34:21,322.94545454545454,82.47272727272727,0,177.0181818181818,223.09090909090907,189.89090909090908,150.43636363636364,217.69090909090906,194.96363636363634,983.4181818181818,252.39999999999998,157.6181818181818,184.9090909090909,141.45454545454544,213.47272727272727,0,158.58181818181816,0.23636363636363633,13.945454545454544,0,294.54545454545456,0,1246.4363636363635,0,85.96363636363635,262.79999999999995,276.8363636363636,180.7272727272727,101.1090909090909,535.3636363636364,192.6,479.8363636363636,124.85454545454544,151.69090909090906,244.5090909090909
2019-05-07 11:34:18,322.94545454545454,82.47272727272727,0,177.0181818181818,223.09090909090907,189.89090909090908,150.43636363636364,217.69090909090906,194.96363636363634,983.4181818181818,252.39999999999998,157.6181818181818,184.9090909090909,141.45454545454544,213.47272727272727,0,158.58181818181816,0.23636363636363633,13.945454545454544,0,294.54545454545456,0,1246.4363636363635,0,85.96363636363635,262.79999999999995,276.8363636363636,180.7272727272727,101.1090909090909,535.3636363636364,192.6,479.8363636363636,124.85454545454544,151.69090909090906,244.5090909090909
2019-05-07 11:34:15,313.9090909090909,71.92727272727272,0,186.2181818181818,226.89090909090908,208.3272727272727,138.78181818181818,221.58181818181816,188.87272727272727,975.8727272727272,245.94545454545454,138.78181818181818,137.69090909090906,137,207.45454545454544,0,180.78181818181818,0,14.69090909090909,0,304.2363636363636,0,1212.2,0,83.56363636363635,279.76363636363635,274.3636363636363,171.47272727272727,90.74545454545454,548.2545454545455,211.09090909090907,446.29090909090905,119.49090909090908,143.18181818181816,246.19999999999996
2019-05-07 11:34:12,309.6363636363636,70.21818181818182,0,205.83636363636364,252.36363636363635,192.65454545454543,161.25454545454542,217.7272727272727,227.83636363636364,904.9272727272727,240.5272727272727,136.65454545454543,123.69090909090909,129.03636363636363,221.25454545454542,0,185.36363636363635,0,15.29090909090909,0,329.16363636363633,0,1220.3636363636363,0,76.58181818181818,246.09090909090907,238.45454545454544,142.16363636363636,88.69090909090909,556.5090909090908,186.8181818181818,397.16363636363633,132.83636363636364,157.98181818181817,246.65454545454543
2019-05-07 11:34:09,309.6363636363636,70.21818181818182,0,205.83636363636364,252.36363636363635,192.65454545454543,161.25454545454542,217.7272727272727,227.83636363636364,904.9272727272727,240.5272727272727,136.65454545454543,123.69090909090909,129.03636363636363,221.25454545454542,0,185.36363636363635,0,15.29090909090909,0,329.16363636363633,0,1220.3636363636363,0,76.58181818181818,246.09090909090907,238.45454545454544,142.16363636363636,88.69090909090909,556.5090909090908,186.8181818181818,397.16363636363633,132.83636363636364,157.98181818181817,246.65454545454543
2019-05-07 11:34:06,305.8181818181818,68.92727272727272,0,206.19999999999996,211.94545454545454,193.85454545454544,172.05454545454543,206.96363636363634,226.36363636363635,897.2181818181817,215.05454545454543,128.43636363636364,89.63636363636364,126.14545454545454,204.99999999999997,0,165.63636363636363,0,15.29090909090909,0,291.8727272727273,0,1241.6181818181817,0,68.7090909090909,220.65454545454543,213.25454545454542,138.27272727272728,86.87272727272726,530.1090909090909,181.9272727272727,331.4,120.5090909090909,168.76363636363632,253.07272727272726
2019-05-07 11:34:03,305.8181818181818,68.92727272727272,0,206.19999999999996,211.94545454545454,193.85454545454544,172.05454545454543,206.96363636363634,226.36363636363635,897.2181818181817,215.05454545454543,128.43636363636364,89.63636363636364,126.14545454545454,204.99999999999997,0,165.63636363636363,0,15.29090909090909,0,291.8727272727273,0,1241.6181818181817,0,68.7090909090909,220.65454545454543,213.25454545454542,138.27272727272728,86.87272727272726,530.1090909090909,181.9272727272727,331.4,120.5090909090909,168.76363636363632,253.07272727272726
2019-05-07 11:34:00,290.98181818181814,66.87272727272726,0,195.5090909090909,209.07272727272726,176.43636363636364,156.3272727272727,213.38181818181818,216.83636363636364,899.7999999999998,189.65454545454543,105.38181818181816,77.03636363636363,106.63636363636364,207.76363636363632,0,169.98181818181817,0,16.145454545454545,0,311.49090909090904,0,1220.709090909091,0,61.25454545454545,218.69090909090906,211.69090909090906,115.92727272727272,84.7090909090909,505.99999999999994,187.76363636363632,269.8545454545454,137.63636363636363,156.94545454545454,258.58181818181816
2019-05-07 11:33:57,291.0363636363636,64.5090909090909,0,152.76363636363638,205.3090909090909,190.27272727272728,195.96363636363634,216.63636363636363,237.25454545454542,902.8909090909091,205.56363636363633,101.89090909090909,57.50909090909091,93.09090909090908,234.8181818181818,0,171.67272727272726,0,16.29090909090909,0,314.47272727272724,0,1220.8545454545454,0,36.70909090909091,226.45454545454544,204.6,89.2,60.090909090909086,537.8727272727272,203.34545454545454,216.69090909090906,137.3272727272727,167.54545454545453,267.3454545454545
2019-05-07 11:33:54,291.0363636363636,64.5090909090909,0,152.76363636363638,205.3090909090909,190.27272727272728,195.96363636363634,216.63636363636363,237.25454545454542,902.8909090909091,205.56363636363633,101.89090909090909,57.50909090909091,93.09090909090908,234.8181818181818,0,171.67272727272726,0,16.29090909090909,0,314.47272727272724,0,1220.8545454545454,0,36.70909090909091,226.45454545454544,204.6,89.2,60.090909090909086,537.8727272727272,203.34545454545454,216.69090909090906,137.3272727272727,167.54545454545453,267.3454545454545
2019-05-07 11:33:51,310.8181818181818,63.76363636363636,0,199.2181818181818,198.83636363636364,183.96363636363634,224.63636363636363,249.69090909090906,265.47272727272724,890.4363636363636,223.29090909090908,87.29090909090908,26.636363636363633,90.23636363636363,243.89090909090908,0,173.74545454545452,0,16.29090909090909,0,235.07272727272726,0,1244.6363636363635,0,34.381818181818176,290.18181818181813,198.83636363636364,85.89090909090909,59.199999999999996,510.52727272727265,174.9090909090909,138.07272727272726,182.34545454545454,169.8181818181818,285.54545454545456
2019-05-07 11:33:48,310.8181818181818,63.76363636363636,0,199.2181818181818,198.83636363636364,183.96363636363634,224.63636363636363,249.69090909090906,265.47272727272724,890.4363636363636,223.29090909090908,87.29090909090908,26.636363636363633,90.23636363636363,243.89090909090908,0,173.74545454545452,0,16.29090909090909,0,235.07272727272726,0,1244.6363636363635,0,34.381818181818176,290.18181818181813,198.83636363636364,85.89090909090909,59.199999999999996,510.52727272727265,174.9090909090909,138.07272727272726,182.34545454545454,169.8181818181818,285.54545454545456
2019-05-07 11:33:45,326.3454545454545,62.69090909090908,0,199.65454545454543,206.2181818181818,187.07272727272726,237.7272727272727,256.2,235.1272727272727,890.0909090909091,214.56363636363633,75.63636363636364,22.2,68.9090909090909,221.56363636363633,0,191.47272727272727,0,16.799999999999997,0,247.96363636363634,0,1254.1272727272726,0,31.927272727272726,288.4545454545454,174.4181818181818,62.127272727272725,57.99999999999999,483.8909090909091,189.96363636363634,110.32727272727271,191.45454545454544,158.45454545454544,287.16363636363633
2019-05-07 11:33:42,324.98181818181814,50.672727272727265,0,226.43636363636364,202.1272727272727,189.09090909090907,255.69090909090906,265.54545454545456,209.23636363636362,875.2727272727273,195.07272727272726,72.56363636363635,8.509090909090908,54.199999999999996,250.87272727272727,0,163.03636363636363,0,11.545454545454543,0,292.6363636363636,0,1262.8727272727272,0,30.07272727272727,238.98181818181817,195.05454545454543,59.18181818181817,54.563636363636355,529.5454545454545,215.23636363636362,71.47272727272727,213.9090909090909,183.05454545454543,269.6363636363636
2019-05-07 11:33:39,324.98181818181814,50.672727272727265,0,226.43636363636364,202.1272727272727,189.09090909090907,255.69090909090906,265.54545454545456,209.23636363636362,875.2727272727273,195.07272727272726,72.56363636363635,8.509090909090908,54.199999999999996,250.87272727272727,0,163.03636363636363,0,11.545454545454543,0,292.6363636363636,0,1262.8727272727272,0,30.07272727272727,238.98181818181817,195.05454545454543,59.18181818181817,54.563636363636355,529.5454545454545,215.23636363636362,71.47272727272727,213.9090909090909,183.05454545454543,269.6363636363636
2019-05-07 11:33:36,291.56363636363636,23.036363636363635,0,226.74545454545452,223.9090909090909,191.67272727272726,245.29090909090908,252.58181818181816,203.0181818181818,903.6727272727272,193.7272727272727,59.72727272727273,3.4909090909090907,43.63636363636363,287.6363636363636,0,158.25454545454542,0,5.309090909090909,0,280.0181818181818,0,1251.090909090909,0,11,235.1090909090909,186.36363636363635,41.836363636363636,27.163636363636364,474.29090909090905,243.59999999999997,48.03636363636363,210.59999999999997,163.65454545454543,272.4
2019-05-07 11:33:33,291.56363636363636,23.036363636363635,0,226.74545454545452,223.9090909090909,191.67272727272726,245.29090909090908,252.58181818181816,203.0181818181818,903.6727272727272,193.7272727272727,59.72727272727273,3.4909090909090907,43.63636363636363,287.6363636363636,0,158.25454545454542,0,5.309090909090909,0,280.0181818181818,0,1251.090909090909,0,11,235.1090909090909,186.36363636363635,41.836363636363636,27.163636363636364,474.29090909090905,243.59999999999997,48.03636363636363,210.59999999999997,163.65454545454543,272.4
2019-05-07 11:33:30,259.58181818181816,1.236363636363636,0,222.9090909090909,231.54545454545453,168.94545454545454,263.09090909090907,236.99999999999997,172.0181818181818,882.6363636363636,181.6181818181818,22.34545454545454,0.8545454545454544,2.2181818181818183,286.2363636363636,0,171.14545454545453,0,5.309090909090909,0,266.94545454545454,0,1285.6,0,7.309090909090909,202.56363636363633,138.76363636363638,1.8909090909090907,0.7818181818181817,428.2181818181818,219.47272727272727,4.345454545454545,255.54545454545453,144.96363636363637,248.98181818181817
2019-05-07 11:33:27,255.16363636363633,0,0,241.34545454545454,207.78181818181818,186.25454545454542,244.0363636363636,262.1818181818182,181.65454545454543,855.7272727272726,178.4181818181818,0,0,0,291.50909090909084,0,137.47272727272727,0,4.654545454545454,0,261.56363636363636,0,1268.381818181818,0,0,195,151.1090909090909,0,0,410.19999999999993,247.9090909090909,0,278.0545454545454,143.47272727272727,203.9090909090909
2019-05-07 11:33:24,255.16363636363633,0,0,241.34545454545454,207.78181818181818,186.25454545454542,244.0363636363636,262.1818181818182,181.65454545454543,855.7272727272726,178.4181818181818,0,0,0,291.50909090909084,0,137.47272727272727,0,4.654545454545454,0,261.56363636363636,0,1268.381818181818,0,0,195,151.1090909090909,0,0,410.19999999999993,247.9090909090909,0,278.0545454545454,143.47272727272727,203.9090909090909
2019-05-07 11:33:21,233.98181818181817,0,0,241.78181818181818,203.3272727272727,146.05454545454543,265.4363636363636,258.45454545454544,185.2,872.3636363636363,169.54545454545453,0,0,0,346.9272727272727,0,141.23636363636362,0,3.2,0,256.56363636363636,0,1295.9636363636362,0,0,184.56363636363633,182.5090909090909,0,0,436.09090909090907,255.56363636363633,0,290.49090909090904,153.87272727272727,217.4181818181818
2019-05-07 11:33:18,233.98181818181817,0,0,241.78181818181818,203.3272727272727,146.05454545454543,265.4363636363636,258.45454545454544,185.2,872.3636363636363,169.54545454545453,0,0,0,346.9272727272727,0,141.23636363636362,0,3.2,0,256.56363636363636,0,1295.9636363636362,0,0,184.56363636363633,182.5090909090909,0,0,436.09090909090907,255.56363636363633,0,290.49090909090904,153.87272727272727,217.4181818181818
2019-05-07 11:33:15,233.99999999999997,0,0,230.1090909090909,191.8181818181818,161.83636363636364,237.74545454545452,246.0363636363636,189.09090909090907,863.0727272727272,164.18181818181816,0,0,0,329.8909090909091,0,135.45454545454544,0,11.727272727272727,0,225.16363636363633,0,1303.8363636363636,0,0,183.94545454545454,181.27272727272728,0,0,434.12727272727267,251.6363636363636,0,267.0181818181818,132.72727272727272,215.34545454545454
2019-05-07 11:33:12,267.2,0,0,226.19999999999996,241.76363636363632,157.1090909090909,230.79999999999998,212.83636363636364,191.2,895.9818181818181,174.4,0,0,0,328.2545454545454,0,137.07272727272726,0,12.69090909090909,0,216.5090909090909,0,1274.090909090909,0,0,216.69090909090906,200.3090909090909,0,0,429.07272727272726,245.74545454545452,0,264.1454545454545,112.59999999999998,214.1272727272727
2019-05-07 11:33:09,267.2,0,0,226.19999999999996,241.76363636363632,157.1090909090909,230.79999999999998,212.83636363636364,191.2,895.9818181818181,174.4,0,0,0,328.2545454545454,0,137.07272727272726,0,12.69090909090909,0,216.5090909090909,0,1274.090909090909,0,0,216.69090909090906,200.3090909090909,0,0,429.07272727272726,245.74545454545452,0,264.1454545454545,112.59999999999998,214.1272727272727
2019-05-07 11:33:06,280.3272727272727,0,0,236.98181818181817,248.49090909090907,189.87272727272727,235.83636363636364,207.03636363636363,217.58181818181816,865.9999999999999,177.6181818181818,0,0,0,351.10909090909087,0,141.94545454545454,0,11.836363636363636,0,220.1272727272727,0,1292.4,0,0,219.96363636363634,187.9090909090909,0,0,433.8909090909091,241.56363636363633,0,256.3272727272727,115.16363636363636,217.19999999999996
2019-05-07 11:33:03,280.3272727272727,0,0,236.98181818181817,248.49090909090907,189.87272727272727,235.83636363636364,207.03636363636363,217.58181818181816,865.9999999999999,177.6181818181818,0,0,0,351.10909090909087,0,141.94545454545454,0,11.836363636363636,0,220.1272727272727,0,1292.4,0,0,219.96363636363634,187.9090909090909,0,0,433.8909090909091,241.56363636363633,0,256.3272727272727,115.16363636363636,217.19999999999996
2019-05-07 11:33:00,292.4363636363636,0,0,283.1454545454545,261.25454545454545,203.85454545454544,199.96363636363634,194.38181818181818,204.85454545454544,841.6363636363636,169.98181818181817,0,0,0,347.3454545454545,0,117.9090909090909,0,16.254545454545454,0,241.58181818181816,0,1304.581818181818,0,0,234.78181818181818,174.18181818181816,0,0,437.29090909090905,226.03636363636363,0,250.83636363636361,187.76363636363632,197.36363636363635
2019-05-07 11:32:57,254.78181818181818,0,0,228.69090909090906,319.6363636363636,211.4181818181818,175.69090909090906,141.58181818181816,175.6181818181818,840.0181818181817,116.99999999999999,0,0,0,341.0363636363636,0,212.23636363636362,0,16.709090909090907,0,236.4181818181818,0,1266.7454545454543,0,0,237.03636363636363,137.9090909090909,0,0,394.50909090909084,193.16363636363633,0,225.63636363636363,180.3272727272727,180.89090909090908
2019-05-07 11:32:54,254.78181818181818,0,0,228.69090909090906,319.6363636363636,211.4181818181818,175.69090909090906,141.58181818181816,175.6181818181818,840.0181818181817,116.99999999999999,0,0,0,341.0363636363636,0,212.23636363636362,0,16.709090909090907,0,236.4181818181818,0,1266.7454545454543,0,0,237.03636363636363,137.9090909090909,0,0,394.50909090909084,193.16363636363633,0,225.63636363636363,180.3272727272727,180.89090909090908
2019-05-07 11:32:51,300.6181818181818,0,0,228.25454545454542,307.0363636363636,201.56363636363633,155.49090909090907,114.18181818181817,193.89090909090908,835.8363636363636,115.43636363636364,0,0,0,316.3636363636363,0,184.94545454545454,0,21.781818181818178,0,240.89090909090908,0,1246.1818181818182,0,0,243.2363636363636,167.03636363636363,0,0,386.8545454545454,174.83636363636364,0,240.16363636363633,182.09090909090907,163.56363636363636
2019-05-07 11:32:48,300.6181818181818,0,0,228.25454545454542,307.0363636363636,201.56363636363633,155.49090909090907,114.18181818181817,193.89090909090908,835.8363636363636,115.43636363636364,0,0,0,316.3636363636363,0,184.94545454545454,0,21.781818181818178,0,240.89090909090908,0,1246.1818181818182,0,0,243.2363636363636,167.03636363636363,0,0,386.8545454545454,174.83636363636364,0,240.16363636363633,182.09090909090907,163.56363636363636
2019-05-07 11:32:45,324.58181818181816,0,0,202.18181818181816,292.30909090909086,194.14545454545453,120.3090909090909,99.76363636363635,219.6181818181818,837.1818181818181,99.03636363636363,0,0,0,321.0363636363636,0,194.54545454545453,0,21.96363636363636,0,217.3272727272727,0,1260.0181818181816,0,0,263.6181818181818,140.74545454545452,0,0,341.6727272727273,175.25454545454542,0,213.2181818181818,180.4181818181818,176.09090909090907
2019-05-07 11:32:42,341.4,0,0,175.2181818181818,268.98181818181814,192.94545454545454,125.98181818181817,103.76363636363635,225.78181818181818,790.1636363636363,126.2181818181818,0,0,0,308.29090909090905,0,213.9090909090909,0,21.96363636363636,0,190.3090909090909,0,1277.7636363636364,0,0,233.89090909090908,132.0181818181818,0,0,319.94545454545454,178.78181818181818,0,231.58181818181816,188.7272727272727,201.38181818181818
2019-05-07 11:32:39,341.4,0,0,175.2181818181818,268.98181818181814,192.94545454545454,125.98181818181817,103.76363636363635,225.78181818181818,790.1636363636363,126.2181818181818,0,0,0,308.29090909090905,0,213.9090909090909,0,21.96363636363636,0,190.3090909090909,0,1277.7636363636364,0,0,233.89090909090908,132.0181818181818,0,0,319.94545454545454,178.78181818181818,0,231.58181818181816,188.7272727272727,201.38181818181818
2019-05-07 11:32:36,367.58181818181816,0,0,169.2181818181818,273.10909090909087,193.78181818181818,106.96363636363635,102.27272727272727,251.96363636363634,801.1636363636363,119.67272727272727,0,0,0,331.47272727272724,0,211.1272727272727,0,21.96363636363636,0,191.25454545454542,0,1251.2727272727273,0,0,225.49090909090907,160.69090909090906,0,0,333.4363636363636,178.29090909090908,0,233.59999999999997,182.4,231.99999999999997
2019-05-07 11:32:33,367.58181818181816,0,0,169.2181818181818,273.10909090909087,193.78181818181818,106.96363636363635,102.27272727272727,251.96363636363634,801.1636363636363,119.67272727272727,0,0,0,331.47272727272724,0,211.1272727272727,0,21.96363636363636,0,191.25454545454542,0,1251.2727272727273,0,0,225.49090909090907,160.69090909090906,0,0,333.4363636363636,178.29090909090908,0,233.59999999999997,182.4,231.99999999999997
2019-05-07 11:32:30,369.8,0,0,129.27272727272728,266.54545454545456,183.3090909090909,141.05454545454543,80.07272727272726,295.3818181818181,802.4181818181818,174.85454545454544,0,0,0,335.0545454545454,0,210.34545454545454,1.4363636363636363,22.927272727272726,15.727272727272725,296.0181818181818,0,1266.7272727272725,0,0,286.72727272727275,179.29090909090908,0,0,342.78181818181815,201.36363636363635,0,226.58181818181816,183.4181818181818,274.96363636363634
2019-05-07 11:32:27,401.58181818181816,0,0,130.76363636363635,267.9090909090909,269.16363636363633,119.96363636363635,80.92727272727272,291.92727272727274,778.7090909090908,171.8181818181818,0,0,0,341.56363636363636,0,185.3272727272727,1.4363636363636363,22.927272727272726,15.727272727272725,288.72727272727275,0,1291.0363636363634,0,0,280.4181818181818,213.23636363636362,0,0,319.2363636363636,176.7090909090909,0,222.1272727272727,161.63636363636363,307.78181818181815
2019-05-07 11:32:24,401.58181818181816,0,0,130.76363636363635,267.9090909090909,269.16363636363633,119.96363636363635,80.92727272727272,291.92727272727274,778.7090909090908,171.8181818181818,0,0,0,341.56363636363636,0,185.3272727272727,1.4363636363636363,22.927272727272726,15.727272727272725,288.72727272727275,0,1291.0363636363634,0,0,280.4181818181818,213.23636363636362,0,0,319.2363636363636,176.7090909090909,0,222.1272727272727,161.63636363636363,307.78181818181815
2019-05-07 11:32:21,428.32727272727266,0.9999999999999999,0,152.1272727272727,254.1272727272727,237.43636363636364,126.07272727272726,82.36363636363635,249.56363636363633,860.1454545454545,187.54545454545453,21.49090909090909,6.472727272727272,1.236363636363636,364.32727272727266,0,187.23636363636362,1.4363636363636363,13.018181818181818,15.727272727272725,294.7090909090909,0,1265.7818181818182,0,12.454545454545455,298.1454545454545,252.9272727272727,1.618181818181818,41,278.50909090909084,164.63636363636363,35.381818181818176,254.6363636363636,174.8181818181818,314.2545454545454
2019-05-07 11:32:18,428.32727272727266,0.9999999999999999,0,152.1272727272727,254.1272727272727,237.43636363636364,126.07272727272726,82.36363636363635,249.56363636363633,860.1454545454545,187.54545454545453,21.49090909090909,6.472727272727272,1.236363636363636,364.32727272727266,0,187.23636363636362,1.4363636363636363,13.018181818181818,15.727272727272725,294.7090909090909,0,1265.7818181818182,0,12.454545454545455,298.1454545454545,252.9272727272727,1.618181818181818,41,278.50909090909084,164.63636363636363,35.381818181818176,254.6363636363636,174.8181818181818,314.2545454545454
2019-05-07 11:32:15,466.2363636363636,67.07272727272726,0,253.16363636363633,225.83636363636364,272.59999999999997,145.47272727272727,91.7090909090909,298.3636363636363,833.3454545454546,221.69090909090906,73.05454545454545,43.74545454545454,4.509090909090909,389.07272727272726,0,185.8,1.4363636363636363,13.199999999999998,15.727272727272725,333.72727272727275,0,1340.1272727272726,0,18.836363636363632,297.49090909090904,275.8,20.90909090909091,88.92727272727272,310.9090909090909,219.18181818181816,87.36363636363635,268.4181818181818,176.89090909090908,349.49090909090904
2019-05-07 11:32:12,505.2727272727272,68.94545454545454,0,285.96363636363634,279.7090909090909,245.3272727272727,144.18181818181816,91.49090909090908,309.07272727272726,846.4363636363636,242.7090909090909,115.29090909090908,65.98181818181817,32.58181818181818,424.0181818181818,0,195.29090909090908,1.4363636363636363,13.199999999999998,15.727272727272725,355.6545454545454,0,1380.6,0,46.03636363636363,295.09090909090907,313.6727272727273,23.018181818181816,90.87272727272726,412.6181818181818,281.76363636363635,169.25454545454542,314.2,168.98181818181817,425.4363636363636
2019-05-07 11:32:09,505.2727272727272,68.94545454545454,0,285.96363636363634,279.7090909090909,245.3272727272727,144.18181818181816,91.49090909090908,309.07272727272726,846.4363636363636,242.7090909090909,115.29090909090908,65.98181818181817,32.58181818181818,424.0181818181818,0,195.29090909090908,1.4363636363636363,13.199999999999998,15.727272727272725,355.6545454545454,0,1380.6,0.6,46.03636363636363,295.09090909090907,313.6727272727273,23.018181818181816,90.87272727272726,412.6181818181818,281.76363636363635,169.25454545454542,314.2,168.98181818181817,425.4363636363636
2019-05-07 11:32:06,568.690909090909,130.49090909090907,0,266.56363636363636,271.6181818181818,297.29090909090905,187.8,96.1090909090909,318.52727272727276,872.5272727272727,225.9272727272727,176.9090909090909,95.8,56.74545454545454,379.8181818181818,0,202.27272727272728,1.4363636363636363,8.327272727272726,15.727272727272725,353.4,0,1374.2181818181816,0.6,61.672727272727265,283.94545454545454,327.6545454545454,25.472727272727273,98.12727272727271,394.74545454545455,319.2545454545454,224.65454545454543,332.98181818181814,114.87272727272726,430.52727272727265
2019-05-07 11:32:03,568.690909090909,130.49090909090907,0,266.56363636363636,271.6181818181818,297.29090909090905,187.8,96.1090909090909,318.52727272727276,872.5272727272727,225.9272727272727,176.9090909090909,95.8,56.74545454545454,379.8181818181818,0,202.27272727272728,1.4363636363636363,8.327272727272726,15.727272727272725,353.4,0,1374.2181818181816,7.181818181818182,61.672727272727265,283.94545454545454,327.6545454545454,25.472727272727273,98.12727272727271,394.74545454545455,319.2545454545454,224.65454545454543,332.98181818181814,114.87272727272726,430.52727272727265
2019-05-07 11:32:00,622.3454545454546,141.25454545454542,0,292.49090909090904,237.45454545454544,311.78181818181815,197.83636363636364,137.69090909090906,318.3818181818181,852.8363636363636,226.59999999999997,230.7272727272727,99.18181818181817,93.32727272727271,381.4545454545454,0,111.39999999999999,1.4363636363636363,7.872727272727272,15.727272727272725,402.7090909090909,0,1402.890909090909,29.363636363636363,103.36363636363635,274.50909090909084,356.32727272727266,47.945454545454545,101.43636363636364,449.6727272727273,339.52727272727265,338.8,373.74545454545455,128.25454545454545,449.30909090909086
2019-05-07 11:31:57,578.5454545454545,148.74545454545452,0,328.4181818181818,252.14545454545453,302.6363636363636,219.9272727272727,147.05454545454543,313.4545454545454,879.3272727272727,272.3090909090909,241.83636363636364,155.29090909090908,116.7090909090909,412.47272727272724,0,112.14545454545454,1.4363636363636363,2.2909090909090906,15.727272727272725,411.32727272727266,0,1406.9818181818182,29.363636363636363,106.7090909090909,328.49090909090904,329.6909090909091,70.98181818181818,141.4,496.4727272727272,370.3636363636363,401.52727272727265,349.78181818181815,134.12727272727273,472.12727272727267
2019-05-07 11:31:54,578.5454545454545,148.74545454545452,0,328.4181818181818,252.14545454545453,302.6363636363636,219.9272727272727,147.05454545454543,313.4545454545454,879.3272727272727,272.3090909090909,241.83636363636364,155.29090909090908,116.7090909090909,412.47272727272724,0,112.14545454545454,1.4363636363636363,2.2909090909090906,15.727272727272725,411.32727272727266,0,1406.9818181818182,50.272727272727266,106.7090909090909,328.49090909090904,329.6909090909091,70.98181818181818,141.4,496.4727272727272,370.3636363636363,401.52727272727265,349.78181818181815,134.12727272727273,472.12727272727267
2019-05-07 11:31:51,549.5272727272727,161.78181818181818,0,348.32727272727266,267.96363636363634,295.4,218.67272727272726,166.1272727272727,277.30909090909086,887.8545454545454,309.0181818181818,253.59999999999997,161,160.03636363636363,399.50909090909084,0,120.72727272727272,1.4363636363636363,2.109090909090909,15.727272727272725,391.8545454545454,0,1378.3090909090906,50.272727272727266,128.87272727272727,380,353.2545454545454,113.29090909090908,176.07272727272726,515.9454545454545,344.52727272727265,446.2545454545454,354.1454545454545,110.52727272727272,454.56363636363636
2019-05-07 11:31:48,549.5272727272727,161.78181818181818,0,348.32727272727266,267.96363636363634,295.4,218.67272727272726,166.1272727272727,277.30909090909086,887.8545454545454,309.0181818181818,253.59999999999997,161,160.03636363636363,399.50909090909084,0,120.72727272727272,1.4363636363636363,2.109090909090909,15.727272727272725,391.8545454545454,0,1378.3090909090906,111.79999999999998,128.87272727272727,380,353.2545454545454,113.29090909090908,176.07272727272726,515.9454545454545,344.52727272727265,446.2545454545454,354.1454545454545,110.52727272727272,454.56363636363636
2019-05-07 11:31:45,519.9999999999999,169.54545454545453,0,387.8,269.47272727272724,288.98181818181814,232.23636363636362,148.27272727272728,279.6727272727273,930.9999999999999,301.49090909090904,255.6181818181818,172.47272727272727,208.03636363636363,390.8363636363636,0,110.76363636363635,1.4363636363636363,2.109090909090909,15.727272727272725,386.8545454545454,0,1360.6545454545453,168.65454545454543,132.43636363636364,393.8,376.10909090909087,144.4,185.58181818181816,555.4545454545455,313.56363636363636,450.0181818181818,363.12727272727267,103.96363636363635,420.47272727272724
2019-05-07 11:31:42,530.1454545454545,191.03636363636363,0,382.8545454545454,237.65454545454543,295.9090909090909,233.85454545454544,162.76363636363638,256.74545454545455,915.0181818181817,327.54545454545456,257.9090909090909,182.9272727272727,230.7272727272727,359.54545454545456,0,105.09090909090908,1.4363636363636363,2.745454545454545,15.727272727272725,383.4,0,1345.2181818181816,168.65454545454543,135.29090909090908,395.6,368.8,148.14545454545453,217.5090909090909,567.9090909090908,325.3272727272727,453.79999999999995,313.30909090909086,101.5090909090909,389.78181818181815
2019-05-07 11:31:39,530.1454545454545,191.03636363636363,0,382.8545454545454,237.65454545454543,295.9090909090909,233.85454545454544,162.76363636363638,256.74545454545455,915.0181818181817,327.54545454545456,257.9090909090909,182.9272727272727,230.7272727272727,359.54545454545456,0,105.09090909090908,1.4363636363636363,2.745454545454545,15.727272727272725,383.4,0,1345.2181818181816,200.3090909090909,135.29090909090908,395.6,368.8,148.14545454545453,217.5090909090909,567.9090909090908,325.3272727272727,453.79999999999995,313.30909090909086,101.5090909090909,389.78181818181815
2019-05-07 11:31:36,525.0909090909091,212.07272727272726,0,401.9272727272727,228.16363636363633,282.27272727272725,208.9272727272727,159.29090909090908,231.16363636363633,926.4545454545454,274.6727272727273,280.6909090909091,187.9090909090909,234.29090909090908,330.8545454545454,0,103.1090909090909,0,1.7818181818181817,0,271.0181818181818,0,1345.7454545454543,200.3090909090909,157.45454545454544,361.9272727272727,358.94545454545454,152.23636363636362,234.78181818181818,560.7272727272726,268.1090909090909,492.8909090909091,284.8545454545454,101.41818181818182,344.3454545454545
2019-05-07 11:31:33,525.0909090909091,212.07272727272726,0,401.9272727272727,228.16363636363633,282.27272727272725,208.9272727272727,159.29090909090908,231.16363636363633,926.4545454545454,274.6727272727273,280.6909090909091,187.9090909090909,234.29090909090908,330.8545454545454,0,103.1090909090909,0,1.7818181818181817,0,271.0181818181818,0,1345.7454545454543,231.27272727272728,157.45454545454544,361.9272727272727,358.94545454545454,152.23636363636362,234.78181818181818,560.7272727272726,268.1090909090909,492.8909090909091,284.8545454545454,101.41818181818182,344.3454545454545
2019-05-07 11:31:30,503.16363636363633,215.1272727272727,0,381.2545454545454,228.1090909090909,197.45454545454544,209.49090909090907,158.96363636363637,234.65454545454543,956.7818181818182,273.52727272727276,283.6545454545454,191.56363636363633,238.96363636363634,294.8909090909091,0,102.5090909090909,0,1.7818181818181817,0,273.10909090909087,0,1300.3636363636363,244.58181818181816,170.89090909090908,361.29090909090905,294.96363636363634,194.4181818181818,237.67272727272726,544.4545454545454,294.4,532.7636363636364,276.09090909090907,101.54545454545453,318.2545454545454
2019-05-07 11:31:27,461.8727272727273,226.3090909090909,0,351.27272727272725,238.47272727272727,197.9090909090909,219.45454545454544,160.09090909090907,253.69090909090906,883.9454545454545,246.5090909090909,264.8909090909091,218.5090909090909,262.0181818181818,275.76363636363635,0,102.58181818181816,0,2.3454545454545452,0,270.58181818181816,0,1293.7454545454543,244.58181818181816,192.7272727272727,347.6909090909091,255.49090909090907,215.27272727272728,199.3090909090909,542.5636363636363,314.8909090909091,516.6545454545454,242.5090909090909,89.49090909090908,314.1454545454545
2019-05-07 11:31:24,461.8727272727273,226.3090909090909,0,351.27272727272725,238.47272727272727,197.9090909090909,219.45454545454544,160.09090909090907,253.69090909090906,883.9454545454545,246.5090909090909,264.8909090909091,218.5090909090909,262.0181818181818,275.76363636363635,0,102.58181818181816,0,2.3454545454545452,0,270.58181818181816,0,1293.7454545454543,253.0363636363636,192.7272727272727,347.6909090909091,255.49090909090907,215.27272727272728,199.3090909090909,542.5636363636363,314.8909090909091,516.6545454545454,242.5090909090909,89.49090909090908,314.1454545454545
2019-05-07 11:31:21,413.3999999999999,162.85454545454544,0,257.56363636363636,218.03636363636363,166,177.09090909090907,161.6,183.8181818181818,892.4181818181818,210.45454545454544,215.96363636363634,198.3090909090909,262.16363636363633,260.3090909090909,0,115.94545454545454,0,1.2,0,261.25454545454545,0,1230.4,253.0363636363636,217.18181818181816,318.49090909090904,242.83636363636361,200.25454545454542,153.25454545454542,474.59999999999997,274.49090909090904,502.2181818181818,234.65454545454543,87.89090909090909,277.50909090909084
2019-05-07 11:31:18,413.3999999999999,162.85454545454544,0,257.56363636363636,218.03636363636363,166,177.09090909090907,161.6,183.8181818181818,892.4181818181818,210.45454545454544,215.96363636363634,198.3090909090909,262.16363636363633,260.3090909090909,0,115.94545454545454,0,1.2,0,261.25454545454545,0,1230.4,257.9272727272727,217.18181818181816,318.49090909090904,242.83636363636361,200.25454545454542,153.25454545454542,474.59999999999997,274.49090909090904,502.2181818181818,234.65454545454543,87.89090909090909,277.50909090909084
2019-05-07 11:31:15,384.07272727272726,175.98181818181817,0,217.87272727272727,170.36363636363635,161.5090909090909,244.7272727272727,160.7090909090909,147.58181818181816,909.5272727272727,186.09090909090907,196.5090909090909,178.6181818181818,236.76363636363632,222.07272727272726,0,109.45454545454545,0,1.7818181818181817,0,222.56363636363633,0,1189.7636363636364,279.27272727272725,200.83636363636364,335.30909090909086,241.3090909090909,221.96363636363634,159.45454545454544,361.50909090909084,222.8181818181818,433.50909090909084,174.34545454545454,93.2,188.85454545454544
2019-05-07 11:31:12,309.78181818181815,135.36363636363635,0,206.43636363636364,141.07272727272726,98.94545454545454,198.67272727272726,135.03636363636363,130.58181818181816,877.290909090909,204.65454545454543,136.8,151.0181818181818,215.27272727272728,241.7272727272727,0,101.98181818181817,0,1.7818181818181817,0,180.94545454545454,0,1183.6545454545453,279.27272727272725,187.1090909090909,317.94545454545454,258.25454545454545,221.9272727272727,154.89090909090908,315.09090909090907,185.85454545454544,417.9090909090909,136.2,83.96363636363635,179.8
2019-05-07 11:31:09,309.78181818181815,135.36363636363635,0,206.43636363636364,141.07272727272726,98.94545454545454,198.67272727272726,135.03636363636363,130.58181818181816,877.290909090909,204.65454545454543,136.8,151.0181818181818,215.27272727272728,241.7272727272727,0,101.98181818181817,0,1.7818181818181817,0,180.94545454545454,0,1183.6545454545453,297.8363636363636,187.1090909090909,317.94545454545454,258.25454545454545,221.9272727272727,154.89090909090908,315.09090909090907,185.85454545454544,417.9090909090909,136.2,83.96363636363635,179.8
2019-05-07 11:31:06,234.89090909090908,160.74545454545452,0,211.67272727272726,144.38181818181818,104.07272727272726,197.9272727272727,107.63636363636364,130.49090909090907,864.9999999999999,226.74545454545452,86.7090909090909,163.78181818181818,196.96363636363634,258.8363636363636,0,130.56363636363636,0.43636363636363634,43.29090909090908,1.0727272727272728,156.96363636363637,0,1162.2727272727273,297.8363636363636,192.1090909090909,278.6909090909091,274.9090909090909,202.67272727272726,177.3090909090909,340.10909090909087,180.56363636363633,305.6181818181818,75.21818181818182,90.43636363636364,193.1090909090909
2019-05-07 11:31:03,234.89090909090908,160.74545454545452,0,211.67272727272726,144.38181818181818,104.07272727272726,197.9272727272727,107.63636363636364,130.49090909090907,864.9999999999999,226.74545454545452,86.7090909090909,163.78181818181818,196.96363636363634,258.8363636363636,0,130.56363636363636,0.43636363636363634,43.29090909090908,1.0727272727272728,156.96363636363637,0,1162.2727272727273,277.4545454545454,192.1090909090909,278.6909090909091,274.9090909090909,202.67272727272726,177.3090909090909,340.10909090909087,180.56363636363633,305.6181818181818,75.21818181818182,90.43636363636364,193.1090909090909
2019-05-07 11:31:00,214.58181818181816,156.09090909090907,0,195.56363636363633,146.3272727272727,130.52727272727273,184.83636363636364,131.99999999999997,138.76363636363638,853.4909090909091,180.67272727272726,78.36363636363635,148.9090909090909,215.94545454545454,274.3272727272727,0,152.2,0.43636363636363634,44.36363636363636,1.0727272727272728,123.58181818181816,0,1168.2363636363634,270.9090909090909,191.7090909090909,219.63636363636363,273.27272727272725,221.58181818181816,139.9272727272727,253.6181818181818,145.4181818181818,251.54545454545453,82.78181818181818,101.83636363636363,159.9272727272727
2019-05-07 11:30:57,234.05454545454543,165.25454545454542,0,173.9272727272727,124.89090909090909,130.0181818181818,180.03636363636363,123.39999999999999,137.1090909090909,828.2363636363636,147.45454545454544,79.5090909090909,145.38181818181818,195.38181818181818,252.7272727272727,0,142.7272727272727,0.43636363636363634,44.36363636363636,1.0727272727272728,122.1090909090909,0,1166.4727272727273,270.9090909090909,171.65454545454543,152.03636363636363,248.16363636363633,203.38181818181818,107.03636363636363,252.29090909090908,165.36363636363637,229.14545454545453,78.65454545454546,122.19999999999999,157.7272727272727
2019-05-07 11:30:54,234.05454545454543,165.25454545454542,0,173.9272727272727,124.89090909090909,130.0181818181818,180.03636363636363,123.39999999999999,137.1090909090909,828.2363636363636,147.45454545454544,79.5090909090909,145.38181818181818,195.38181818181818,252.7272727272727,0,142.7272727272727,0.43636363636363634,44.36363636363636,1.0727272727272728,122.1090909090909,0,1166.4727272727273,251.1272727272727,171.65454545454543,152.03636363636363,248.16363636363633,203.38181818181818,107.03636363636363,252.29090909090908,165.36363636363637,229.14545454545453,78.65454545454546,122.19999999999999,157.7272727272727
2019-05-07 11:30:51,250.85454545454544,164.47272727272727,0,140.85454545454544,123.56363636363635,135.98181818181817,160.58181818181816,145.29090909090908,143.9272727272727,811.6181818181817,130.29090909090908,90,153.3090909090909,154.2181818181818,247.47272727272727,0,166.5272727272727,0.43636363636363634,45.07272727272727,1.0727272727272728,122.39999999999999,0,1192.290909090909,251.1272727272727,200.27272727272728,150.96363636363637,237.5272727272727,184.27272727272728,116.83636363636363,247.05454545454543,164.3272727272727,232.98181818181817,71.23636363636363,120.41818181818182,174.3272727272727
2019-05-07 11:30:48,250.85454545454544,164.47272727272727,0,140.85454545454544,123.56363636363635,135.98181818181817,160.58181818181816,145.29090909090908,143.9272727272727,811.6181818181817,130.29090909090908,90,153.3090909090909,154.2181818181818,247.47272727272727,0,166.5272727272727,0.43636363636363634,44.991012727272725,1.0727272727272728,122.39999999999999,0,1192.290909090909,202.67272727272726,200.27272727272728,150.96363636363637,237.5272727272727,184.27272727272728,116.83636363636363,247.05454545454543,164.3272727272727,232.98181818181817,71.23636363636363,120.41818181818182,174.3272727272727
2019-05-07 11:30:45,275.3636363636363,161.0017690909091,0,193.38271393939397,125.78181818181817,130.47272727272727,162.3272727272727,134.0909090909091,144.2181818181818,827.2545454545453,114.45454545454545,109.69090909090909,173.85454545454544,135.5090909090909,235.54545454545453,0,176.65454545454543,0.43636363636363634,45.980415151515146,1.0727272727272728,123.05454545454545,0,1219.1636363636362,178.54545454545453,199.87272727272727,208.7090909090909,254.0305266666667,195.43636363636364,107.01818181818182,294.6909090909091,166.9272727272727,258.45454545454544,92.16363636363636,120.83636363636363,175.58181818181816
2019-05-07 11:30:42,234.47272727272727,142.87272727272727,0,174,124.6181818181818,134.72727272727272,171.8181818181818,127.32727272727271,119.65454545454546,801.6181818181817,111.03636363636363,88.74545454545454,169.76363636363632,141.29090909090908,275.54545454545456,0,176.74545454545452,0.43636363636363634,47.03636363636363,1.0727272727272728,122.0181818181818,0,1210.6909090909091,178.54545454545453,194.54545454545453,190.69090909090906,233.58181818181816,193.8,110.69090909090909,302.0181818181818,166.54545454545453,243.3090909090909,91.18181818181817,134.94545454545454,166.4181818181818
2019-05-07 11:30:39,234.47272727272727,138.45996484848487,0,169.04086666666666,124.6181818181818,134.72727272727272,171.8181818181818,127.32727272727271,119.65454545454546,801.6181818181817,111.03636363636363,88.74545454545454,169.76363636363632,139.18186606060604,275.54545454545456,0,176.74545454545452,0.43636363636363634,45.21446242424243,1.0727272727272728,122.0181818181818,0,1210.6909090909091,170.45454545454544,188.27230303030302,190.69090909090906,227.67703212121208,193.8,107.56588606060606,302.0181818181818,166.54545454545453,243.3090909090909,91.18181818181817,134.94545454545454,166.4181818181818
2019-05-07 11:30:36,235.27272727272728,140.31705212121213,0,171.89561515151516,123.2181818181818,153.38181818181818,170.85454545454544,125.56363636363635,115.7090909090909,780.4727272727272,110.09090909090908,87.69090909090909,167.83636363636364,139.03636363636363,248.99999999999997,0,174.96363636363634,0.43636363636363634,46.78346181818183,1.0727272727272728,109.21818181818182,0,1209.5454545454545,170.45454545454544,181.70760848484852,190.78181818181818,233.39999999999998,154.65454545454543,108.49912545454546,320.98181818181814,137.29090909090908,220.67742424242425,95.94545454545454,140.7090909090909,133.63636363636363
2019-05-07 11:30:33,235.27272727272728,133.2588703030303,0,163.2728878787879,123.2181818181818,149.16767515151517,169.3876078787879,125.56363636363635,115.7090909090909,780.4727272727272,110.09090909090908,87.69090909090909,167.83636363636364,132.51745636363634,248.99999999999997,0,174.96363636363634,0.43636363636363634,44.43073454545455,1.0727272727272728,109.21818181818182,0,1209.5454545454545,165.6181818181818,172.5748812121212,184.53609515151513,221.83188666666666,154.65454545454543,103.05094363636364,313.36742181818187,137.29090909090908,209.5410606060606,95.94545454545454,140.7090909090909,133.63636363636363
2019-05-07 11:30:30,245.156816969697,126.2981193939394,0,167.19703272727273,111.94545454545454,150.4088303030303,154.56363636363636,146.43636363636364,94.36363636363635,791.5818181818181,115.32940181818182,86.25454545454545,149.67373393939394,113.87726424242423,227.85454545454544,0,173.2181818181818,0.43636363636363634,45.47764727272727,1.0727272727272728,121.90523999999999,0,1203.1636363636362,194.03636363636363,145.78210606060608,176.92437818181816,226.67119515151515,134.1090909090909,104.17891757575758,322.7662266666666,117.03636363636363,198.5015,94.25454545454545,148.6084557575758,138.7090909090909
2019-05-07 11:30:27,227.89125515151514,127.94545454545454,0,161.2284884848485,109.59999999999998,142.07272727272726,149.96363636363637,137.87272727272727,93.54545454545453,782.8545454545454,106.1090909090909,102.85454545454544,137.63636363636363,113.89090909090909,236.39999999999998,0,158.29090909090908,0.4799999999999999,47.059579393939394,1.18,92.01818181818182,0,1199.6727272727271,194.03636363636363,120.1687781818182,174.07272727272726,201.83636363636364,150.9272727272727,105.94837636363636,331.8781709090909,95.14545454545454,167.94545454545454,99.27272727272727,149.65454545454543,127.3090909090909
2019-05-07 11:30:24,216.45580060606062,121.67085636363637,0,153.14303393939397,106.91834666666666,136.10399151515153,149.42730424242424,137.87272727272727,93.54545454545453,782.8545454545454,101.70288727272728,102.85454545454544,130.97844242424244,108.72311272727272,236.39999999999998,0,158.29090909090908,0.43358399999999997,44.70139757575758,1.065894,89.5707812121212,0,1199.6727272727271,219.7090909090909,114.15423272727273,167.15959151515153,192.17863575757573,144.05457515151514,100.64928545454545,315.22544363636365,95.14545454545454,159.61952303030301,99.27272727272727,143.08522363636362,124.31951393939394
2019-05-07 11:30:21,193.93252266666664,111.95732533333334,0,152.54926399999997,95.35257333333334,137.813336,77.96535866666666,139.820624,92.57683866666667,737.2812413333335,102.67196266666666,82.498664,133.90871333333334,110.590222,211.77279666666666,0,145.9087406666667,0.4550933333333333,45.99142533333334,1.1187711111111112,83.00257266666667,0,1173.0377866666668,219.7090909090909,108.21942066666666,153.91603333333333,162.27550999999997,126.56757266666665,96.81631266666666,324.2631413333333,80.32567466666667,153.27579200000002,100.29469733333333,140.99507733333334,123.297824
2019-05-07 11:30:18,183.11652266666667,105.74532533333334,0,144.04526399999997,90.21257333333334,130.21733600000002,73.80335866666665,132.35662399999998,87.63483866666667,698.8432413333334,97.01596266666667,78.094664,126.47871333333333,104.47322199999999,200.4677966666667,0,138.11974066666667,0.4284266666666666,43.429425333333334,1.0532155555555556,78.51157266666665,0,1112.7177866666668,206.58181818181816,102.20042066666666,145.4660333333333,153.29050999999998,119.57657266666666,91.43531266666668,306.17514133333333,76.03767466666666,144.76379200000002,94.94069733333335,133.21107733333332,116.63382399999999
2019-05-07 11:30:15,180.94976,90.17391777777776,0,134.17038814814813,88.94141111111112,115.5655651851852,78.08004962962963,137.17068296296296,88.59017407407408,669.005014074074,78.77475703703705,79.92637111111111,130.01925333333335,106.56557777777779,187.42445851851852,0,143.51050444444445,0.45198,45.393435555555556,1.1111175,78.15616592592593,0,1059.199168148148,225.5272727272727,104.95961925925927,147.89824370370374,113.52263407407408,122.58625333333333,92.94579037037036,316.9143992592593,76.05926592592593,112.61831629629631,97.21679333333333,116.24786222222222,111.88481037037037
2019-05-07 11:30:12,188.38154416666666,57.998730833333326,0,101.79779333333333,61.58776916666667,91.02251,54.159705,126.64796666666668,89.57787083333334,629.5212033333333,56.48637,80.51192166666667,120.48381666666666,93.5689875,172.74468,0,111.76093083333333,0,5.3294758333333325,0,49.95929833333334,0,992.1895316666668,225.5272727272727,62.799795,128.26804666666666,71.45824250000001,125.86139083333336,71.60706833333333,248.2014166666667,60.31511083333334,116.77760749999999,100.84639333333334,98.17709833333335,71.75276083333333
2019-05-07 11:30:09,175.76029416666668,54.15748083333333,0,94.98779333333333,57.67901916666667,85.03751000000001,50.71720500000001,118.59796666666668,83.88412083333334,590.5762033333334,52.79137000000001,75.39442166666667,112.45881666666668,87.36273750000001,161.76468000000003,0,104.65718083333334,0,4.9807258333333335,0,46.78179833333333,0,931.8620316666667,230.50546333333335,58.617295000000006,119.83804666666667,66.75949250000001,117.51014083333332,66.83456833333332,231.5764166666667,56.48136083333334,109.0013575,94.43639333333334,91.69959833333334,67.20651083333333
2019-05-07 11:30:06,183.3748733333333,54.52003142857143,0,78.70599714285714,34.013558095238096,58.29379714285714,41.29609047619047,86.71198095238096,63.73919142857143,531.9965752380953,52.55154857142857,82.75834095238096,77.42814095238094,49.65677619047619,119.59190857142858,0,83.69079428571428,0,4.187409523809524,0,45.81100571428571,0,868.08396,218.20046333333332,59.15687238095237,122.57518380952382,68.15798095238095,82.03573904761905,68.23992761904762,242.47306571428572,56.44126000000001,106.78333809523811,83.76926666666667,75.81940571428572,66.09931523809523
2019-05-07 11:30:03,169.18487333333331,50.35288857142857,0,72.63028285714287,31.636415238095235,53.91808285714285,38.28894761904762,80.39769523809524,59.09776285714286,494.57371809523806,48.58869142857143,77.12691238095239,71.49671238095239,45.892490476190474,110.88333714285714,0,77.59650857142857,0,3.87312380952381,0,42.46243428571428,0,808.02396,214.08517407407408,54.60830095238095,113.27946952380951,62.98655238095238,75.78716761904762,62.988499047619044,223.7144942857143,52.33126000000001,98.57619523809522,77.66926666666667,70.07083428571428,61.286458095238096
2019-05-07 11:30:00,139.19084000000004,31.57544888888889,0,76.04736888888888,29.889876666666666,54.511945555555556,38.69824555555556,72.05812777777778,60.73610444444444,457.4648655555556,42.16050888888889,63.19996444444444,74.16018666666668,26.222963333333333,96.40341111111111,0,69.61382222222223,0,4.129755555555556,0,42.471895555555555,0,756.4109433333332,181.29931750000003,56.21525777777777,112.56827777777777,65.24743111111111,56.801946666666666,65.49635777777777,216.96076,32.20617,82.97048111111111,81.46381555555556,51.33129555555556,60.13006777777777
2019-05-07 11:29:57,121.20419333333332,26.742517333333332,0,68.83672,27.40538,47.68391333333333,39.217164,47.30959466666666,38.143897333333335,416.9279066666667,34.675294666666666,54.607808,59.61971333333334,21.037257333333333,79.31440666666666,0,34.10841466666667,0,3.716892,0,36.82876266666666,0,676.9354986666666,169.7755675,26.182002666666666,97.40328666666666,55.24297733333333,48.712549333333335,50.313445333333334,192.42827466666668,32.11213866666667,82.07140133333334,61.97041733333333,52.430448,35.87272133333333
2019-05-07 11:29:54,108.99419333333334,24.118517333333333,0,61.916720000000005,24.975380000000005,43.05391333333333,35.563164,42.901594666666675,34.58989733333333,379.7879066666667,31.317294666666665,49.519808000000005,53.68971333333333,19.023257333333333,71.92440666666667,0,30.930414666666668,0,3.3548920000000004,0,33.37276266666667,0,617.9834986666667,171.79566000000003,23.58600266666667,87.83328666666668,49.80897733333334,43.93654933333333,45.28144533333333,173.04027466666668,29.12013866666667,73.87340133333332,56.196417333333336,47.302448,32.654721333333335
2019-05-07 11:29:51,53.43660166666667,5.605008333333332,0,6.949025000000001,20.03734166666667,42.51181833333333,33.271460000000005,38.33640666666667,33.162301666666664,333.1489583333333,18.278661666666668,29.145275,25.79956666666667,16.661686666666665,78.52850500000001,0,6.374846666666667,0,1.3182333333333334,0,31.567723333333337,0,535.0017266666667,159.28566,23.450644999999998,28.73446666666667,11.087186666666668,32.39872,26.172833333333333,105.79811333333335,13.011673333333334,50.09001666666666,35.01799333333334,48.173991666666666,29.195791666666665
2019-05-07 11:29:48,46.71410166666667,4.992508333333333,0,6.111525,17.924841666666666,37.36431833333334,29.46146,33.94640666666666,29.364801666666665,297.2114583333333,16.146161666666668,25.807775,22.649566666666665,14.691686666666667,69.53600499999999,0,5.644846666666666,0,1.1682333333333335,0,27.902723333333334,0,479.0917266666667,163.14273,20.543145,25.434466666666665,9.867186666666667,28.47872,22.922833333333333,92.46811333333333,11.521673333333332,43.86501666666666,31.00799333333333,42.28649166666666,26.00829166666667
2019-05-07 11:29:45,51.32323777777777,3.9326422222222224,0,5.387095555555556,15.876251111111111,32.801835555555556,7.361048888888889,38.21910444444445,10.143884444444444,279.71429111111115,15.198444444444442,27.69370222222222,24.73030888888889,6.488057777777778,28.726044444444444,0,4.869962222222223,0,0.8805822222222223,0,28.121451111111114,0,422.86709555555547,152.08188666666666,5.143806666666666,12.734862222222223,7.939266666666667,29.612482222222223,3.410337777777778,46.711444444444446,8.28118,23.983060000000002,33.79798666666667,29.275546666666667,24.91997111111111
2019-05-07 11:29:42,31.88504,2.897876666666667,0,4.522263333333333,13.27115,9.101013333333333,5.274053333333333,46.63524333333333,8.34103,244.48060333333333,16.15583,37.773403333333334,28.25494666666667,4.55403,34.71129666666666,0,4.64346,0,1.0397100000000001,0,30.836826666666663,0,367.4432033333333,137.91188666666667,4.206826666666667,8.197713333333333,6.912756666666667,32.44611333333334,2.5577199999999993,22.40002,6.53524,3.6602933333333336,32.24625,22.635813333333335,23.001583333333333
2019-05-07 11:29:39,25.44504,2.462876666666667,0,3.667263333333333,11.24615,7.621013333333333,4.354053333333334,38.50024333333333,6.88603,204.63560333333334,13.150830000000001,32.12840333333333,22.674946666666667,3.8490300000000004,28.656296666666666,0,3.83346,0,0.8547100000000001,0,25.076826666666665,0,311.4982033333333,144.50380166666667,3.446826666666667,6.767713333333333,5.7977566666666664,26.11611333333333,2.1377200000000003,17.930020000000003,5.39524,3.100293333333333,26.621249999999996,18.355813333333334,19.126583333333333
2019-05-07 11:29:36,1.3272727272727272,1.3454545454545452,0,1.2727272727272727,6.963636363636364,3.2909090909090906,9.163636363636362,25.527272727272724,25.18181818181818,119.25454545454545,3.036363636363636,30.27272727272727,1.3636363636363635,1.8909090909090907,81.2,0,22.163636363636364,0.309090909090909,0.3636363636363636,4.290909090909091,4.163636363636363,0,204.65454545454543,127.95630166666666,1.2,4.636363636363637,2.6,22.654545454545453,1.3818181818181818,2.5636363636363635,22.254545454545454,1.490909090909091,40.32727272727273,2.8909090909090907,7.309090909090909
2019-05-07 11:29:33,1.3272727272727272,1.3454545454545452,0,1.2727272727272727,6.963636363636364,3.2909090909090906,9.163636363636362,25.527272727272724,25.18181818181818,119.25454545454545,3.036363636363636,30.27272727272727,1.3636363636363635,1.8909090909090907,81.2,0,22.163636363636364,0.309090909090909,0.3636363636363636,4.290909090909091,4.163636363636363,0,204.65454545454543,103.03224222222222,1.2,4.636363636363637,2.6,22.654545454545453,1.3818181818181818,2.5636363636363635,22.254545454545454,1.490909090909091,40.32727272727273,2.8909090909090907,7.309090909090909
2019-05-07 11:29:30,67.07272727272726,3.036363636363636,0,82.14545454545454,35.18181818181817,11.127272727272727,61.61818181818182,28.690909090909088,28.236363636363635,135.1090909090909,8.909090909090908,38.61818181818182,35.45454545454545,32.50909090909091,103.09090909090908,0,24.98181818181818,0,20.054545454545455,0,46.87272727272727,0,235.67272727272726,83.4103,26.527272727272724,8.218181818181817,24.07272727272727,5.436363636363636,8.145454545454545,86.78181818181817,123.43636363636364,9.109090909090908,28.036363636363635,25.29090909090909,50.61818181818182
2019-05-07 11:29:27,104.22961666666667,6.20897,0,108.41160333333333,91.10756666666666,21.59270666666667,88.69652333333333,35.8456,33.39188333333333,177.88379,21.080626666666667,82.23151333333334,67.80792666666667,39.89956666666667,73.56882666666667,0,8.64135,0,43.718830000000004,0,56.86221666666667,0,295.32080333333334,68.8603,79.35106333333333,11.180413333333332,59.145239999999994,55.389986666666665,34.58673666666667,180.97760666666667,166.95941666666667,13.314079999999999,13.292743333333334,59.059893333333335,67.72258000000001
2019-05-07 11:29:24,128.65461666666667,7.663970000000001,0,133.81660333333335,112.45756666666668,26.65270666666667,109.48152333333334,44.245599999999996,41.216883333333335,219.56879,26.02062666666667,101.50151333333334,83.69792666666667,49.24956666666667,90.80882666666666,0,10.66635,0,53.96383,0,70.18721666666667,0,364.52580333333333,108.10883333333335,97.94606333333334,13.800413333333333,73.00524,68.36998666666666,42.691736666666664,223.38760666666667,206.08441666666667,16.43408,16.407743333333332,72.89989333333332,83.59258
2019-05-07 11:29:21,178.43098,8.941395555555555,0,108.59199555555556,107.40120222222224,25.069333333333336,112.35239555555556,38.502317777777776,46.23202888888889,247.70590444444446,24.21279777777778,96.03643777777778,79.23998444444445,72.61750222222221,98.39713333333334,0,56.69847555555556,0,42.805886666666666,0,60.81402444444445,0,424.5700511111111,83.85883333333335,80.55612444444445,23.544282222222225,69.75542,82.01850222222222,51.53837111111112,233.95955333333333,193.4516888888889,31.817162222222226,15.125164444444446,89.91534222222224,83.48088000000001
